time_s,event,state_semantics,tls_state_exact_label,e1_interval_semantics,M_planned_before_step,M_entered_before_step,M_arrived_before_step,M_waiting_outside_before_step,M_in_network_before_step,R_planned_before_step,R_entered_before_step,R_arrived_before_step,R_waiting_outside_before_step,R_in_network_before_step,U_planned_before_step,U_entered_before_step,U_arrived_before_step,U_waiting_outside_before_step,U_in_network_before_step,X_planned_before_step,X_entered_before_step,X_arrived_before_step,X_waiting_outside_before_step,X_in_network_before_step,stopped_R_ramp_path_internal,stopped_R_ramp_path_external,stopped_R_shared,stopped_U_shared,merge_upstream_e1_l0_flow_vehph,merge_upstream_e1_l0_speed_mps,merge_upstream_e1_l0_occupancy_pct,merge_upstream_e1_l0_n_veh_contrib,merge_upstream_e1_l1_flow_vehph,merge_upstream_e1_l1_speed_mps,merge_upstream_e1_l1_occupancy_pct,merge_upstream_e1_l1_n_veh_contrib,merge_downstream_e1_l0_flow_vehph,merge_downstream_e1_l0_speed_mps,merge_downstream_e1_l0_occupancy_pct,merge_downstream_e1_l0_n_veh_contrib,merge_downstream_e1_l1_flow_vehph,merge_downstream_e1_l1_speed_mps,merge_downstream_e1_l1_occupancy_pct,merge_downstream_e1_l1_n_veh_contrib
0,,before_step,Gr,"raw_[begin,end)",0,0,0,0,0,0,0,0,0,0,0,0,0,0,0,0,0,0,0,0,0,0,0,0,2160.0,26.71,22.29,18,840.0,16.5,16.64,7,1560.0,30.63,7.11,13,1080.0,31.86,4.73,9
30,,before_step,Gr,"raw_[begin,end)",27,26,3,1,23,6,6,0,0,6,3,3,0,0,3,2,2,0,0,2,0,0,0,0,2160.0,25.41,25.42,18,960.0,16.53,23.47,8,1800.0,31.09,8.49,15,1320.0,30.43,8.53,11
46,first_R_stop_ramp_accel,before_step,yr,,41,41,14,0,27,10,10,0,0,10,5,5,0,0,5,3,3,0,0,3,0,1,0,0,,,,,,,,,,,,,,,,
60,,before_step,Gr,"raw_[begin,end)",54,53,29,1,24,12,12,0,0,12,6,6,1,0,5,3,3,0,0,3,0,3,0,0,1440.0,30.78,6.86,12,1800.0,24.52,17.63,15,1560.0,30.46,7.21,13,1680.0,31.17,7.54,14
90,,before_step,Gr,"raw_[begin,end)",80,80,56,0,24,18,18,0,0,18,9,9,4,0,5,5,5,2,0,3,0,8,0,0,1560.0,28.5,7.4,13,1680.0,30.0,10.62,14,1560.0,27.91,7.84,13,1800.0,30.08,8.35,15
120,,before_step,Gr,"raw_[begin,end)",107,106,80,1,26,24,24,1,0,23,12,12,5,0,7,6,6,3,0,3,0,9,0,0,1440.0,28.77,7.18,12,1440.0,30.89,9.38,12,1680.0,28.32,8.35,14,1800.0,31.45,8.01,15
150,,before_step,Gr,"raw_[begin,end)",134,133,105,1,28,30,30,2,0,28,15,15,9,0,6,8,8,6,0,2,4,8,0,0,1680.0,24.6,15.07,14,1800.0,29.85,17.29,15,1560.0,27.98,7.86,13,1680.0,32.72,7.15,14
180,,before_step,Gr,"raw_[begin,end)",160,160,130,0,30,36,36,3,0,33,18,18,11,0,7,9,9,6,0,3,8,13,0,0,1560.0,26.54,13.7,13,1680.0,27.12,13.41,14,1440.0,29.09,7.52,12,1560.0,31.74,9.43,13
192,first_R_stop_ramp_storage,before_step,Gr,,171,170,144,1,26,39,39,4,0,35,20,20,12,0,8,10,10,6,0,4,11,12,0,0,,,,,,,,,,,,,,,,
210,,before_step,Gr,"raw_[begin,end)",187,186,163,1,23,42,42,4,0,38,21,21,15,0,6,11,11,7,0,4,6,14,0,0,1560.0,24.88,11.63,13,1320.0,27.97,12.19,11,1680.0,27.63,8.32,14,1440.0,31.29,6.43,12
240,,before_step,Gr,"raw_[begin,end)",214,213,187,1,26,48,48,5,0,43,24,24,17,0,7,12,12,9,0,3,11,12,0,0,1560.0,26.16,11.17,13,1800.0,28.23,14.35,15,1680.0,27.44,8.61,14,1800.0,30.73,8.18,15
270,,before_step,Gr,"raw_[begin,end)",240,240,212,0,28,54,54,6,0,48,27,27,22,0,5,14,14,10,0,4,8,11,0,0,1800.0,25.84,17.98,15,1560.0,22.09,22.82,13,1800.0,28.5,8.85,15,1800.0,31.57,7.96,15
300,,before_step,Gr,"raw_[begin,end)",267,266,237,1,29,60,60,7,0,53,30,30,23,0,7,15,15,12,0,3,11,22,0,0,1680.0,30.2,7.95,14,1440.0,28.57,12.53,12,1560.0,28.47,7.71,13,1560.0,33.35,6.52,13
330,,before_step,Gr,"raw_[begin,end)",294,293,269,1,24,66,66,7,0,59,33,33,26,0,7,17,17,13,0,4,3,36,0,0,1800.0,28.7,14.54,15,1080.0,23.82,14.4,9,1560.0,29.62,7.36,13,1560.0,31.53,6.97,13
360,,before_step,Gr,"raw_[begin,end)",320,320,293,0,27,72,72,8,0,64,36,36,30,0,6,18,18,15,0,3,19,19,0,0,1920.0,27.89,12.46,16,1680.0,31.17,10.34,14,1800.0,26.88,9.83,15,1800.0,30.86,8.15,15
390,,before_step,Gr,"raw_[begin,end)",347,346,316,1,30,78,78,9,0,69,39,39,32,0,7,20,20,15,0,5,11,31,0,0,1680.0,26.99,11.57,14,1560.0,27.63,16.21,13,1680.0,28.84,7.72,14,1560.0,32.63,6.67,13
412,first_R_stop_shared,before_step,rG,,367,366,340,1,26,83,83,9,0,74,42,42,35,0,7,21,21,18,0,3,25,20,1,0,,,,,,,,,,,,,,,,
414,first_U_stop_shared,before_step,rG,,368,368,342,0,26,83,83,9,0,74,42,42,35,0,7,21,21,18,0,3,23,22,1,1,,,,,,,,,,,,,,,,
420,,before_step,Gr,"raw_[begin,end)",374,373,348,1,25,84,84,9,0,75,42,42,35,0,7,21,21,18,0,3,13,30,4,2,1440.0,24.22,11.06,12,1560.0,33.19,6.61,13,1560.0,26.56,8.24,13,1560.0,32.38,6.77,13
450,,before_step,Gr,"raw_[begin,end)",400,400,374,0,26,90,90,10,0,80,45,45,37,0,8,23,23,21,0,2,13,27,3,3,2400.0,27.0,23.36,20,960.0,12.6,23.41,8,2160.0,30.63,9.83,18,1440.0,32.81,6.12,12
480,,before_step,Gr,"raw_[begin,end)",427,426,400,1,26,96,96,11,0,85,48,48,37,0,11,24,24,21,0,3,13,25,13,7,1680.0,26.42,11.89,14,1440.0,28.72,15.82,12,1560.0,27.67,7.95,13,1680.0,32.24,7.26,14
510,,before_step,Gr,"raw_[begin,end)",454,453,426,1,27,102,102,11,0,91,51,51,37,0,14,26,26,23,0,3,11,36,4,3,1680.0,27.97,11.63,14,1560.0,25.96,13.06,13,1680.0,28.33,8.78,14,1440.0,28.77,9.41,12
540,,before_step,Gr,"raw_[begin,end)",480,480,456,0,24,108,108,12,0,96,54,54,38,0,16,27,27,24,0,3,15,28,10,6,1560.0,27.73,7.65,13,1560.0,29.87,13.52,13,1680.0,28.47,8.4,14,1680.0,31.47,7.48,14
570,,before_step,Gr,"raw_[begin,end)",507,506,480,1,26,114,114,13,0,101,57,57,38,0,19,29,29,24,0,5,14,26,15,8,1440.0,28.3,7.21,12,1680.0,27.72,10.64,14,1560.0,25.97,8.3,13,1680.0,30.07,7.82,14
600,,before_step,Gr,"raw_[begin,end)",534,533,503,1,30,120,120,14,0,106,60,60,38,0,22,30,30,25,0,5,8,24,6,3,1440.0,27.1,7.66,12,1920.0,31.2,8.6,16,1560.0,24.16,9.04,13,1800.0,29.11,8.63,15
630,,before_step,Gr,"raw_[begin,end)",560,560,531,0,29,126,126,15,0,111,63,63,39,0,24,32,32,25,0,7,9,29,6,5,1560.0,26.14,11.21,13,1560.0,28.51,13.13,13,1800.0,27.12,9.34,15,1680.0,32.03,7.32,14
656,continuous_R_outside_waiting_begins,before_step,rG,,584,583,554,1,29,132,131,16,1,115,66,66,39,0,27,33,33,29,0,4,2,27,8,2,,,,,,,,,,,,,,,,
660,,before_step,Gr,"raw_[begin,end)",587,586,559,1,27,132,131,16,1,115,66,66,39,0,27,33,33,29,0,4,4,25,6,4,2280.0,27.33,22.71,19,1080.0,15.71,23.7,9,2040.0,31.09,9.18,17,1200.0,33.9,4.96,10
661,continuous_U_outside_waiting_begins,before_step,Gr,,588,587,560,1,27,133,131,16,2,115,67,66,39,1,27,34,34,29,0,5,8,25,5,3,,,,,,,,,,,,,,,,
690,,before_step,Gr,"raw_[begin,end)",614,613,590,1,23,138,132,17,6,115,69,66,40,3,26,35,35,30,0,5,15,25,9,3,1560.0,23.12,17.55,13,1440.0,28.12,12.69,12,1680.0,29.24,8.16,14,1200.0,33.16,5.09,10
720,,before_step,Gr,"raw_[begin,end)",640,640,617,0,23,144,132,17,12,115,72,66,40,6,26,36,36,33,0,3,15,34,3,1,2040.0,26.94,18.72,17,1200.0,25.12,18.15,10,1800.0,29.83,8.41,15,1800.0,31.45,7.99,15
750,,before_step,Gr,"raw_[begin,end)",667,666,639,1,27,150,135,18,15,117,75,67,41,8,26,38,38,35,0,3,26,29,10,5,1680.0,24.46,15.11,14,1440.0,24.51,12.77,12,1800.0,27.21,9.31,15,1320.0,31.0,5.99,11
780,,before_step,Gr,"raw_[begin,end)",694,693,668,1,25,156,135,18,21,117,78,68,41,10,27,39,39,36,0,3,7,37,21,11,2160.0,30.01,16.14,18,1320.0,19.7,21.99,11,1680.0,29.34,7.98,14,1560.0,29.77,7.4,13
810,,before_step,Gr,"raw_[begin,end)",720,720,692,0,28,162,136,19,26,117,81,68,41,13,27,41,41,37,0,4,26,27,8,4,1560.0,26.08,8.01,13,1440.0,25.57,15.94,12,1560.0,27.23,8.08,13,1560.0,31.81,6.83,13
840,,before_step,Gr,"raw_[begin,end)",747,746,720,1,26,168,137,19,31,118,84,68,41,16,27,42,42,39,0,3,8,37,13,6,2280.0,31.08,13.01,19,1080.0,14.5,24.18,9,1680.0,28.71,8.22,14,1920.0,30.8,8.74,16
870,,before_step,Gr,"raw_[begin,end)",774,773,747,1,26,174,137,20,37,117,87,68,42,19,26,44,44,39,0,5,26,27,12,6,1560.0,26.22,11.11,13,1680.0,31.46,10.25,14,1800.0,27.87,9.13,15,1440.0,32.62,6.16,12
900,candidate_cut,before_step,Gr,"raw_[begin,end)",800,800,775,0,25,180,137,20,43,117,90,68,42,22,26,45,45,42,0,3,1,39,21,11,1680.0,25.34,12.17,14,1320.0,30.83,8.83,11,1800.0,27.12,9.39,15,1200.0,33.13,5.05,10
930,,before_step,Gr,"raw_[begin,end)",827,826,801,1,25,186,137,21,49,116,93,69,42,24,27,47,47,44,0,3,21,23,10,4,1440.0,26.77,10.45,12,1440.0,29.78,9.52,12,1440.0,27.37,7.4,12,1680.0,30.29,7.8,14
960,,before_step,Gr,"raw_[begin,end)",854,853,822,1,31,192,139,22,53,117,96,69,43,27,26,48,48,45,0,3,16,21,13,7,1560.0,27.21,13.71,13,1560.0,26.37,16.39,13,1800.0,28.81,8.77,15,1680.0,32.55,7.23,14
990,,before_step,Gr,"raw_[begin,end)",880,880,853,0,27,198,139,23,59,116,99,69,43,30,26,50,50,45,0,5,12,22,13,7,2040.0,29.97,9.6,17,1680.0,28.55,13.77,14,1920.0,28.78,9.42,16,1680.0,30.97,7.57,14
1020,,before_step,Gr,"raw_[begin,end)",907,906,878,1,28,204,139,24,65,115,102,70,43,32,27,51,51,48,0,3,14,25,11,5,1440.0,28.27,7.21,12,1680.0,29.29,14.07,14,1560.0,28.47,7.72,13,1680.0,30.13,7.78,14
1050,,before_step,Gr,"raw_[begin,end)",934,933,905,1,28,210,140,24,70,116,105,70,44,35,26,53,53,51,0,2,15,29,8,5,1680.0,31.17,7.62,14,1440.0,24.65,12.72,12,1800.0,30.17,8.38,15,1320.0,31.55,5.84,11
1080,,before_step,Gr,"raw_[begin,end)",960,960,934,0,26,216,141,25,75,116,108,70,44,38,26,54,54,51,0,3,21,22,10,5,1680.0,26.48,14.94,14,1080.0,24.42,14.29,9,1560.0,29.15,7.45,13,1320.0,31.21,6.07,11
1110,,before_step,Gr,"raw_[begin,end)",987,986,959,1,27,222,141,26,81,115,111,71,44,40,27,56,56,53,0,3,19,19,4,2,1920.0,29.21,9.25,16,1680.0,27.8,17.32,14,1800.0,26.87,9.37,15,2040.0,31.25,9.0,17
1140,,before_step,Gr,"raw_[begin,end)",1014,1013,984,1,29,228,142,27,86,115,114,71,45,43,26,57,57,54,0,3,14,27,11,6,2400.0,27.5,23.2,20,960.0,12.79,20.11,8,2040.0,30.63,9.28,17,1200.0,33.35,5.06,10
1170,,before_step,Gr,"raw_[begin,end)",1040,1040,1016,0,24,234,143,27,91,116,117,72,45,45,27,59,59,57,0,2,19,35,8,5,1560.0,24.13,17.27,13,1080.0,21.78,17.52,9,1440.0,29.76,7.39,12,1200.0,29.22,8.5,10
1200,candidate_cut,before_step,Gr,"raw_[begin,end)",1067,1066,1040,1,26,240,145,27,95,118,120,72,46,48,26,60,60,57,0,3,25,33,6,4,1680.0,28.71,10.96,14,1680.0,30.01,10.62,14,1800.0,28.47,8.87,15,2160.0,31.35,9.4,18
1230,,before_step,Gr,"raw_[begin,end)",1094,1093,1065,1,28,246,145,28,101,117,123,72,46,51,26,62,62,59,0,3,26,23,16,9,1440.0,26.88,7.74,12,1440.0,34.65,5.79,12,1440.0,27.22,7.46,12,1560.0,33.66,6.45,13
1260,,before_step,Gr,"raw_[begin,end)",1120,1120,1091,0,29,252,145,28,107,117,126,72,46,54,26,63,63,60,0,3,13,20,21,11,1800.0,27.36,12.1,15,2040.0,26.76,18.68,17,1680.0,27.53,8.62,14,1920.0,31.37,8.56,16
1290,,before_step,Gr,"raw_[begin,end)",1147,1146,1116,1,30,258,147,30,111,117,129,73,46,56,27,65,65,62,0,3,19,19,12,6,1560.0,22.1,20.78,13,1080.0,20.54,17.48,9,1560.0,28.92,7.6,13,1200.0,33.27,5.04,10
1320,,before_step,Gr,"raw_[begin,end)",1174,1173,1149,1,24,264,147,30,117,117,132,73,46,59,27,66,66,63,0,3,13,25,3,1,2040.0,29.18,12.56,17,1680.0,25.44,17.35,14,1680.0,27.74,8.45,14,2040.0,29.59,9.69,17
1350,,before_step,Gr,"raw_[begin,end)",1200,1200,1170,0,30,270,147,31,123,116,135,73,47,62,26,68,68,65,0,3,24,28,3,1,1320.0,27.44,6.95,11,1800.0,30.45,10.96,15,1680.0,27.51,8.6,14,1680.0,31.71,7.42,14
1380,,before_step,Gr,"raw_[begin,end)",1227,1226,1199,1,27,276,147,31,129,116,138,73,47,65,26,69,69,66,0,3,7,31,11,6,1560.0,26.95,10.9,13,1680.0,29.67,13.57,14,1440.0,27.68,7.32,12,1800.0,31.8,7.9,15
1410,,before_step,Gr,"raw_[begin,end)",1254,1253,1225,1,28,282,148,32,134,116,141,74,48,67,26,71,71,67,0,4,20,22,12,7,1440.0,29.1,7.08,12,1680.0,26.42,17.05,14,1680.0,28.06,8.42,14,1440.0,30.25,6.64,12
1440,,before_step,Gr,"raw_[begin,end)",1280,1280,1255,0,25,288,148,33,140,115,144,74,48,70,26,72,72,69,0,3,6,27,13,7,1800.0,27.64,12.11,15,1440.0,31.97,9.1,12,1920.0,29.04,9.31,16,1680.0,33.5,7.0,14
1470,,before_step,Gr,"raw_[begin,end)",1307,1306,1281,1,25,294,150,34,144,116,147,75,48,72,27,74,74,70,0,4,12,25,1,1,1440.0,25.76,8.03,12,1680.0,30.5,11.05,14,1560.0,26.53,8.27,13,1680.0,29.86,7.88,14
1500,demand_scheduling_ends,before_step,Gr,"raw_[begin,end)",1333,1333,1306,0,27,300,150,35,150,115,150,75,49,75,26,75,75,72,0,3,11,23,9,4,120.0,31.01,0.54,1,120.0,4.43,0.43,1,1200.0,23.86,7.11,10,360.0,27.92,1.86,3
1530,,before_step,Gr,"raw_[begin,end)",1333,1333,1333,0,0,300,151,36,149,115,150,76,49,74,27,75,75,72,0,3,7,13,4,1,0.0,-1.0,0.0,0,0.0,-1.0,0.0,0,1440.0,22.16,9.04,12,120.0,21.36,0.78,1
1560,,before_step,Gr,"raw_[begin,end)",1333,1333,1333,0,0,300,152,47,148,105,150,76,50,74,26,75,75,74,0,1,9,0,5,3,0.0,-1.0,0.0,0,0.0,-1.0,0.0,0,1440.0,22.48,9.13,12,0.0,-1.0,0.0,0
1590,,before_step,Gr,"raw_[begin,end)",1333,1333,1333,0,0,300,153,60,147,93,150,76,50,74,26,75,75,74,0,1,0,0,2,0,0.0,-1.0,0.0,0,0.0,-1.0,0.0,0,1560.0,22.34,9.48,13,0.0,-1.0,0.0,0
1620,,before_step,Gr,"raw_[begin,end)",1333,1333,1333,0,0,300,154,71,146,83,150,77,51,73,26,75,75,75,0,0,0,0,0,0,0.0,-1.0,0.0,0,0.0,-1.0,0.0,0,1440.0,22.33,8.97,12,0.0,-1.0,0.0,0
1650,,before_step,Gr,"raw_[begin,end)",1333,1333,1333,0,0,300,154,85,146,69,150,77,56,73,21,75,75,75,0,0,0,0,0,0,0.0,-1.0,0.0,0,0.0,-1.0,0.0,0,1320.0,21.84,8.4,11,120.0,22.04,0.76,1
1680,,before_step,Gr,"raw_[begin,end)",1333,1333,1333,0,0,300,156,96,144,60,150,78,59,72,19,75,75,75,0,0,0,0,0,0,0.0,-1.0,0.0,0,0.0,-1.0,0.0,0,1440.0,22.37,8.95,12,0.0,-1.0,0.0,0
1710,,before_step,Gr,"raw_[begin,end)",1333,1333,1333,0,0,300,164,109,136,55,150,82,63,68,19,75,75,75,0,0,0,0,0,0,0.0,-1.0,0.0,0,0.0,-1.0,0.0,0,1320.0,22.14,9.04,11,0.0,-1.0,0.0,0
1740,,before_step,Gr,"raw_[begin,end)",1333,1333,1333,0,0,300,169,122,131,47,150,84,67,66,17,75,75,75,0,0,0,0,0,0,0.0,-1.0,0.0,0,0.0,-1.0,0.0,0,1440.0,21.82,8.43,12,0.0,-1.0,0.0,0
1770,,before_step,Gr,"raw_[begin,end)",1333,1333,1333,0,0,300,180,133,120,47,150,90,72,60,18,75,75,75,0,0,0,0,0,0,0.0,-1.0,0.0,0,0.0,-1.0,0.0,0,1080.0,22.31,6.73,9,240.0,22.11,1.51,2
1800,,before_step,Gr,"raw_[begin,end)",1333,1333,1333,0,0,300,185,144,115,41,150,92,75,58,17,75,75,75,0,0,0,0,0,0,0.0,-1.0,0.0,0,0.0,-1.0,0.0,0,1080.0,22.02,6.82,9,0.0,-1.0,0.0,0
1830,,before_step,Gr,"raw_[begin,end)",1333,1333,1333,0,0,300,195,153,105,42,150,98,80,52,18,75,75,75,0,0,0,0,0,0,0.0,-1.0,0.0,0,0.0,-1.0,0.0,0,960.0,22.49,5.94,8,0.0,-1.0,0.0,0
1860,,before_step,Gr,"raw_[begin,end)",1333,1333,1333,0,0,300,200,163,100,37,150,100,85,50,15,75,75,75,0,0,0,0,0,0,0.0,-1.0,0.0,0,0.0,-1.0,0.0,0,960.0,22.31,5.99,8,0.0,-1.0,0.0,0
1890,,before_step,Gr,"raw_[begin,end)",1333,1333,1333,0,0,300,211,171,89,40,150,105,89,45,16,75,75,75,0,0,0,0,0,0,0.0,-1.0,0.0,0,0.0,-1.0,0.0,0,720.0,22.22,4.5,6,0.0,-1.0,0.0,0
1920,,before_step,Gr,"raw_[begin,end)",1333,1333,1333,0,0,300,216,179,84,37,150,108,92,42,16,75,75,75,0,0,0,0,0,0,0.0,-1.0,0.0,0,0.0,-1.0,0.0,0,1080.0,22.22,6.76,9,0.0,-1.0,0.0,0
1950,,before_step,Gr,"raw_[begin,end)",1333,1333,1333,0,0,300,225,185,75,40,150,113,97,37,16,75,75,75,0,0,0,0,0,0,0.0,-1.0,0.0,0,0.0,-1.0,0.0,0,720.0,22.64,4.43,6,0.0,-1.0,0.0,0
1980,,before_step,Gr,"raw_[begin,end)",1333,1333,1333,0,0,300,231,193,69,38,150,115,99,35,16,75,75,75,0,0,0,0,0,0,0.0,-1.0,0.0,0,0.0,-1.0,0.0,0,840.0,22.58,5.9,7,120.0,4.91,3.39,1
2010,,before_step,Gr,"raw_[begin,end)",1333,1333,1333,0,0,300,241,201,59,40,150,120,103,30,17,75,75,75,0,0,0,0,0,0,0.0,-1.0,0.0,0,0.0,-1.0,0.0,0,720.0,21.84,4.58,6,120.0,20.57,0.81,1
2040,,before_step,Gr,"raw_[begin,end)",1333,1333,1333,0,0,300,246,209,54,37,150,123,106,27,17,75,75,75,0,0,0,0,0,0,0.0,-1.0,0.0,0,0.0,-1.0,0.0,0,1080.0,21.83,6.89,9,0.0,-1.0,0.0,0
2070,,before_step,Gr,"raw_[begin,end)",1333,1333,1333,0,0,300,255,215,45,40,150,128,110,22,18,75,75,75,0,0,0,0,0,0,0.0,-1.0,0.0,0,0.0,-1.0,0.0,0,840.0,22.55,5.18,7,0.0,-1.0,0.0,0
2100,,before_step,Gr,"raw_[begin,end)",1333,1333,1333,0,0,300,261,224,39,37,150,131,115,19,16,75,75,75,0,0,0,0,0,0,0.0,-1.0,0.0,0,0.0,-1.0,0.0,0,960.0,23.05,5.79,8,0.0,-1.0,0.0,0
2130,,before_step,Gr,"raw_[begin,end)",1333,1333,1333,0,0,300,271,231,29,40,150,135,118,15,17,75,75,75,0,0,0,0,0,0,0.0,-1.0,0.0,0,0.0,-1.0,0.0,0,840.0,21.63,5.4,7,0.0,-1.0,0.0,0
2160,,before_step,Gr,"raw_[begin,end)",1333,1333,1333,0,0,300,276,239,24,37,150,138,122,12,16,75,75,75,0,0,0,0,0,0,0.0,-1.0,0.0,0,0.0,-1.0,0.0,0,840.0,22.46,5.2,7,120.0,22.16,0.75,1
2190,,before_step,Gr,"raw_[begin,end)",1333,1333,1333,0,0,300,286,245,14,41,150,143,126,7,17,75,75,75,0,0,0,0,0,0,0.0,-1.0,0.0,0,0.0,-1.0,0.0,0,840.0,22.12,5.28,7,0.0,-1.0,0.0,0
2220,,before_step,Gr,"raw_[begin,end)",1333,1333,1333,0,0,300,292,254,8,38,150,146,129,4,17,75,75,75,0,0,0,0,0,0,0.0,-1.0,0.0,0,0.0,-1.0,0.0,0,840.0,21.92,5.33,7,0.0,-1.0,0.0,0
2245,last_vehicle_departure_label,before_step,Gr,,1333,1333,1333,0,0,300,299,259,1,40,150,150,131,0,19,75,75,75,0,0,0,0,0,0,,,,,,,,,,,,,,,,
2250,,before_step,Gr,"raw_[begin,end)",1333,1333,1333,0,0,300,300,261,0,39,150,150,134,0,16,75,75,75,0,0,0,0,0,0,0.0,-1.0,0.0,0,0.0,-1.0,0.0,0,1080.0,22.62,6.65,9,0.0,-1.0,0.0,0
2280,,before_step,Gr,"raw_[begin,end)",1333,1333,1333,0,0,300,300,268,0,32,150,150,137,0,13,75,75,75,0,0,0,0,0,0,0.0,-1.0,0.0,0,0.0,-1.0,0.0,0,840.0,21.99,5.32,7,0.0,-1.0,0.0,0
2310,,before_step,Gr,"raw_[begin,end)",1333,1333,1333,0,0,300,300,276,0,24,150,150,140,0,10,75,75,75,0,0,0,0,0,0,0.0,-1.0,0.0,0,0.0,-1.0,0.0,0,600.0,22.81,3.66,5,0.0,-1.0,0.0,0
2340,,before_step,Gr,"raw_[begin,end)",1333,1333,1333,0,0,300,300,284,0,16,150,150,145,0,5,75,75,75,0,0,0,0,0,0,0.0,-1.0,0.0,0,0.0,-1.0,0.0,0,1200.0,21.84,7.64,10,0.0,-1.0,0.0,0
2370,,before_step,Gr,"raw_[begin,end)",1333,1333,1333,0,0,300,300,290,0,10,150,150,148,0,2,75,75,75,0,0,0,0,0,0,0.0,-1.0,0.0,0,0.0,-1.0,0.0,0,360.0,23.03,2.17,3,0.0,-1.0,0.0,0
2400,,before_step,Gr,"raw_[begin,end)",1333,1333,1333,0,0,300,300,299,0,1,150,150,150,0,0,75,75,75,0,0,0,0,0,0,0.0,-1.0,0.0,0,0.0,-1.0,0.0,0,0.0,-1.0,0.0,0,0.0,-1.0,0.0,0
2401,last_arrival_label,before_step,Gr,,1333,1333,1333,0,0,300,300,299,0,1,150,150,150,0,0,75,75,75,0,0,0,0,0,0,,,,,,,,,,,,,,,,
2430,,before_step,Gr,"raw_[begin,end)",1333,1333,1333,0,0,300,300,300,0,0,150,150,150,0,0,75,75,75,0,0,0,0,0,0,0.0,-1.0,0.0,0,0.0,-1.0,0.0,0,0.0,-1.0,0.0,0,0.0,-1.0,0.0,0
2460,,before_step,Gr,"raw_[begin,end)",1333,1333,1333,0,0,300,300,300,0,0,150,150,150,0,0,75,75,75,0,0,0,0,0,0,0.0,-1.0,0.0,0,0.0,-1.0,0.0,0,0.0,-1.0,0.0,0,0.0,-1.0,0.0,0
2490,,before_step,Gr,"raw_[begin,end)",1333,1333,1333,0,0,300,300,300,0,0,150,150,150,0,0,75,75,75,0,0,0,0,0,0,0.0,-1.0,0.0,0,0.0,-1.0,0.0,0,0.0,-1.0,0.0,0,0.0,-1.0,0.0,0
2520,,before_step,Gr,"raw_[begin,end)",1333,1333,1333,0,0,300,300,300,0,0,150,150,150,0,0,75,75,75,0,0,0,0,0,0,0.0,-1.0,0.0,0,0.0,-1.0,0.0,0,0.0,-1.0,0.0,0,0.0,-1.0,0.0,0
2550,,before_step,Gr,"raw_[begin,end)",1333,1333,1333,0,0,300,300,300,0,0,150,150,150,0,0,75,75,75,0,0,0,0,0,0,0.0,-1.0,0.0,0,0.0,-1.0,0.0,0,0.0,-1.0,0.0,0,0.0,-1.0,0.0,0
2580,,before_step,Gr,"raw_[begin,end)",1333,1333,1333,0,0,300,300,300,0,0,150,150,150,0,0,75,75,75,0,0,0,0,0,0,0.0,-1.0,0.0,0,0.0,-1.0,0.0,0,0.0,-1.0,0.0,0,0.0,-1.0,0.0,0
2610,,before_step,Gr,"raw_[begin,end)",1333,1333,1333,0,0,300,300,300,0,0,150,150,150,0,0,75,75,75,0,0,0,0,0,0,0.0,-1.0,0.0,0,0.0,-1.0,0.0,0,0.0,-1.0,0.0,0,0.0,-1.0,0.0,0
2640,,before_step,Gr,"raw_[begin,end)",1333,1333,1333,0,0,300,300,300,0,0,150,150,150,0,0,75,75,75,0,0,0,0,0,0,0.0,-1.0,0.0,0,0.0,-1.0,0.0,0,0.0,-1.0,0.0,0,0.0,-1.0,0.0,0
2670,,before_step,Gr,"raw_[begin,end)",1333,1333,1333,0,0,300,300,300,0,0,150,150,150,0,0,75,75,75,0,0,0,0,0,0,0.0,-1.0,0.0,0,0.0,-1.0,0.0,0,0.0,-1.0,0.0,0,0.0,-1.0,0.0,0
2700,,before_step,,,1333,1333,1333,0,0,300,300,300,0,0,150,150,150,0,0,75,75,75,0,0,,,,,,,,,,,,,,,,,,,,
