version,condition,seed,window,domain,source_run,information_status,role,result
V0,ML,17,A,"main_down[100,700)",ML17,seen_reused,descriptive_common_domain_and_R_background_not_feeder_science,not_evaluated
V0,ML,17,B,"main_down[100,700)",ML17,seen_reused,descriptive_common_domain_and_R_background_not_feeder_science,not_evaluated
V0,ML,17,Post,"main_down[100,700)",ML17,seen_reused,descriptive_common_domain_and_R_background_not_feeder_science,not_evaluated
V0,ML,17,Full,"main_down[100,700)",ML17,seen_reused,descriptive_common_domain_and_R_background_not_feeder_science,not_evaluated
V0,ML,23,A,"main_down[100,700)",ML23,seen_reused,descriptive_common_domain_and_R_background_not_feeder_science,not_evaluated
V0,ML,23,B,"main_down[100,700)",ML23,seen_reused,descriptive_common_domain_and_R_background_not_feeder_science,not_evaluated
V0,ML,23,Post,"main_down[100,700)",ML23,seen_reused,descriptive_common_domain_and_R_background_not_feeder_science,not_evaluated
V0,ML,23,Full,"main_down[100,700)",ML23,seen_reused,descriptive_common_domain_and_R_background_not_feeder_science,not_evaluated
V0,C,17,A,"main_down[100,700)",C17,seen_reused,descriptive_common_domain_and_R_background_not_feeder_science,not_evaluated
V0,C,17,B,"main_down[100,700)",C17,seen_reused,descriptive_common_domain_and_R_background_not_feeder_science,not_evaluated
V0,C,17,Post,"main_down[100,700)",C17,seen_reused,descriptive_common_domain_and_R_background_not_feeder_science,not_evaluated
V0,C,17,Full,"main_down[100,700)",C17,seen_reused,descriptive_common_domain_and_R_background_not_feeder_science,not_evaluated
V0,C,23,A,"main_down[100,700)",C23,seen_reused,descriptive_common_domain_and_R_background_not_feeder_science,not_evaluated
V0,C,23,B,"main_down[100,700)",C23,seen_reused,descriptive_common_domain_and_R_background_not_feeder_science,not_evaluated
V0,C,23,Post,"main_down[100,700)",C23,seen_reused,descriptive_common_domain_and_R_background_not_feeder_science,not_evaluated
V0,C,23,Full,"main_down[100,700)",C23,seen_reused,descriptive_common_domain_and_R_background_not_feeder_science,not_evaluated
