path,sha256,size_bytes
data/processed/stage6_obstacle_20260913_v1/b01_b02_data_design_proposal.json,e23f5a34ebf27eb60ebdcfd3b0c858a3476ae20ba1e0b1f0b39094e5f2e85581,11147
data/processed/stage6_obstacle_20260913_v1/b01_common_domain_evidence.py,f580ab1b8c316569b19713a55f69cc163d8d36786e7824bded1bf5b9b9bf67cb,3480
data/processed/stage6_obstacle_20260913_v1/b01_fixed_demand_source_fields.csv,1c794f5d54e6007fb06f310b9ce72df8ecb19a8f516ceb2ee7a2959c3fffc6d3,4476
data/processed/stage6_obstacle_20260913_v1/b01_independent_common_domain_check.py,0e7f2788b7232fb7158c9aecaf72e01c01f33dffb61d9e0a1822523563d911d2,3170
data/processed/stage6_obstacle_20260913_v1/b01_independent_verification.json,29a57cbf51af3112bda73c19c877efce2a252872d1503fc439ae87c34ca7fa57,445
data/processed/stage6_obstacle_20260913_v1/b01_seen_common_domain_receipt.json,80e51ebae133f83c9fd7e1c1d772f9ae0a4170c78283b60bdcbb74d36eb4b320,2253
data/processed/stage6_obstacle_20260913_v1/b02_build_data_advice_tables.py,3996e439958602ba568e6429abb066e7b5850a8d2b9464c170985254d5361096,5285
data/processed/stage6_obstacle_20260913_v1/b02_proposed_expected_rule_keys.csv,5f97797f5ace9939c7281f7128f87d16a27f6640d312336b425fcaed6e847848,40101
data/processed/stage6_obstacle_20260913_v1/b02_proposed_run_matrix.csv,97af411c3906ebf308be5b78a4f15ed40b8139b41be546af6d70a4afca4c112c,1560
results/tables/stage6_obstacle_20260913_v1/b01_reference_challenge_candidates.csv,d8e034f111d96c9e01b8f706348c2e87e821463b0559de1939475e227513955e,2638
results/tables/stage6_obstacle_20260913_v1/b01_seen_common_domain_summary.csv,c52ab1c43fea886ae91696b9076309d18ee248292493e658a547f34381db6bb6,13162
results/tables/stage6_obstacle_20260913_v1/b01_seen_common_domain_vehicles.csv,6686cd51a1d11918d5a196cfec27b18a4a041d42c7e96556608a992f9715cd97,1878006
