run_id,historical_stage_q_counter,new_q_metric_ids,FCD_domain,time_grid,raw_available,not_available,reuse_status
C17,nVehContrib,q_contrib_vehph|q_entered_vehph,19 lanes incl internal; explicit class memberships,0..2699 at 1Hz,FCD|6 E1|TLS|tripinfo|vehroute|summary|compiled network,lanechange/gap acceptance logs; realistic traveled long upstream feeder; causal counterfactual,raw reused under new adapter contract; old hash entry points not invoked
C23,nVehContrib,q_contrib_vehph|q_entered_vehph,19 lanes incl internal; explicit class memberships,0..2699 at 1Hz,FCD|6 E1|TLS|tripinfo|vehroute|summary|compiled network,lanechange/gap acceptance logs; realistic traveled long upstream feeder; causal counterfactual,raw reused under new adapter contract; old hash entry points not invoked
ML17,nVehContrib,q_contrib_vehph|q_entered_vehph,19 lanes incl internal; explicit class memberships,0..2699 at 1Hz,FCD|6 E1|TLS|tripinfo|vehroute|summary|compiled network,lanechange/gap acceptance logs; realistic traveled long upstream feeder; causal counterfactual,raw reused under new adapter contract; old hash entry points not invoked
ML23,nVehContrib,q_contrib_vehph|q_entered_vehph,19 lanes incl internal; explicit class memberships,0..2699 at 1Hz,FCD|6 E1|TLS|tripinfo|vehroute|summary|compiled network,lanechange/gap acceptance logs; realistic traveled long upstream feeder; causal counterfactual,raw reused under new adapter contract; old hash entry points not invoked
MH17,nVehContrib,q_contrib_vehph|q_entered_vehph,19 lanes incl internal; explicit class memberships,0..2699 at 1Hz,FCD|6 E1|TLS|tripinfo|vehroute|summary|compiled network,lanechange/gap acceptance logs; realistic traveled long upstream feeder; causal counterfactual,raw reused under new adapter contract; old hash entry points not invoked
MH23,nVehContrib,q_contrib_vehph|q_entered_vehph,19 lanes incl internal; explicit class memberships,0..2699 at 1Hz,FCD|6 E1|TLS|tripinfo|vehroute|summary|compiled network,lanechange/gap acceptance logs; realistic traveled long upstream feeder; causal counterfactual,raw reused under new adapter contract; old hash entry points not invoked
RL17,nVehContrib,q_contrib_vehph|q_entered_vehph,19 lanes incl internal; explicit class memberships,0..2699 at 1Hz,FCD|6 E1|TLS|tripinfo|vehroute|summary|compiled network,lanechange/gap acceptance logs; realistic traveled long upstream feeder; causal counterfactual,raw reused under new adapter contract; old hash entry points not invoked
RL23,nVehContrib,q_contrib_vehph|q_entered_vehph,19 lanes incl internal; explicit class memberships,0..2699 at 1Hz,FCD|6 E1|TLS|tripinfo|vehroute|summary|compiled network,lanechange/gap acceptance logs; realistic traveled long upstream feeder; causal counterfactual,raw reused under new adapter contract; old hash entry points not invoked
QM3500S17,nVehEntered,q_contrib_vehph|q_entered_vehph,19 lanes incl internal; explicit class memberships,0..2699 at 1Hz,FCD|6 E1|TLS|tripinfo|vehroute|summary|compiled network,lanechange/gap acceptance logs; realistic traveled long upstream feeder; causal counterfactual,raw reused under new adapter contract; old hash entry points not invoked
QM3500S23,nVehEntered,q_contrib_vehph|q_entered_vehph,19 lanes incl internal; explicit class memberships,0..2699 at 1Hz,FCD|6 E1|TLS|tripinfo|vehroute|summary|compiled network,lanechange/gap acceptance logs; realistic traveled long upstream feeder; causal counterfactual,raw reused under new adapter contract; old hash entry points not invoked
QM3650S17,nVehEntered,q_contrib_vehph|q_entered_vehph,19 lanes incl internal; explicit class memberships,0..2699 at 1Hz,FCD|6 E1|TLS|tripinfo|vehroute|summary|compiled network,lanechange/gap acceptance logs; realistic traveled long upstream feeder; causal counterfactual,raw reused under new adapter contract; old hash entry points not invoked
QM3650S23,nVehEntered,q_contrib_vehph|q_entered_vehph,19 lanes incl internal; explicit class memberships,0..2699 at 1Hz,FCD|6 E1|TLS|tripinfo|vehroute|summary|compiled network,lanechange/gap acceptance logs; realistic traveled long upstream feeder; causal counterfactual,raw reused under new adapter contract; old hash entry points not invoked
