run_id,path,sha256,size_bytes,source_suffix,status
C17,/Users/yuhongzhang/Desktop/Masterarbeit-Ramp-Metering/artifacts/stage2_completion_20260909_v1/runtime_archive/C17_reused/demand.rou.xml,29ffdf99e8b794b31e4cb32bc951347b72c94e85902b0c5926ffe74249ecd429,1114,demand.rou.xml,hash_verified
C17,/Users/yuhongzhang/Desktop/Masterarbeit-Ramp-Metering/artifacts/stage2_completion_20260909_v1/runtime_archive/C17_reused/netconvert.stderr.log,e3b0c44298fc1c149afbf4c8996fb92427ae41e4649b934ca495991b7852b855,0,netconvert.stderr.log,hash_verified
C17,/Users/yuhongzhang/Desktop/Masterarbeit-Ramp-Metering/artifacts/stage2_completion_20260909_v1/runtime_archive/C17_reused/netconvert.stdout.log,c5b6fd8211edd733614c0fcc956b64ff288d5876926ffe7291fcfa8bf3dbb887,9,netconvert.stdout.log,hash_verified
C17,/Users/yuhongzhang/Desktop/Masterarbeit-Ramp-Metering/artifacts/stage2_completion_20260909_v1/runtime_archive/C17_reused/network.net.xml,a83bb0c3a03b7e74cf8c2360336eb0dfbb330073cf8b8f6aea9940ff7cf3d8ea,9928,network.net.xml,hash_verified
C17,/Users/yuhongzhang/Desktop/Masterarbeit-Ramp-Metering/artifacts/stage2_completion_20260909_v1/runtime_archive/C17_reused/outputs/fcd.xml,92f3972a274913a174af02593704e739f55af676c7d67ab79554fe0e0645635a,42674201,outputs/fcd.xml,hash_verified
C17,/Users/yuhongzhang/Desktop/Masterarbeit-Ramp-Metering/artifacts/stage2_completion_20260909_v1/runtime_archive/C17_reused/outputs/mainline_merge_entry_e1_l0.xml,bea8023fafce9701c273edfbe782f84c0a8bb4d0a52da1ee0b42c8e27f83c9bf,19684,outputs/mainline_merge_entry_e1_l0.xml,hash_verified
C17,/Users/yuhongzhang/Desktop/Masterarbeit-Ramp-Metering/artifacts/stage2_completion_20260909_v1/runtime_archive/C17_reused/outputs/mainline_merge_entry_e1_l1.xml,67b273e090f72f8d9a97e89c4aeba3f7c4b2fd43a9868c51db62999f76bf964c,19664,outputs/mainline_merge_entry_e1_l1.xml,hash_verified
C17,/Users/yuhongzhang/Desktop/Masterarbeit-Ramp-Metering/artifacts/stage2_completion_20260909_v1/runtime_archive/C17_reused/outputs/merge_downstream_e1_l0.xml,cec692a13d85646c374633fcb474b358824e17f8f81a749ba543cf6648e8cd00,19386,outputs/merge_downstream_e1_l0.xml,hash_verified
C17,/Users/yuhongzhang/Desktop/Masterarbeit-Ramp-Metering/artifacts/stage2_completion_20260909_v1/runtime_archive/C17_reused/outputs/merge_downstream_e1_l1.xml,a86d78eb413da7c13813f70bc8b237b1a1d5c8be2d92fbf9c3f3783ee15f8103,19324,outputs/merge_downstream_e1_l1.xml,hash_verified
C17,/Users/yuhongzhang/Desktop/Masterarbeit-Ramp-Metering/artifacts/stage2_completion_20260909_v1/runtime_archive/C17_reused/outputs/merge_upstream_e1_l0.xml,92c56cca5331b0f576160930d135578038d854e887e230e178d5d47827083bfc,19176,outputs/merge_upstream_e1_l0.xml,hash_verified
C17,/Users/yuhongzhang/Desktop/Masterarbeit-Ramp-Metering/artifacts/stage2_completion_20260909_v1/runtime_archive/C17_reused/outputs/merge_upstream_e1_l1.xml,feb9d9b6ae118d0b1adf84156b8700c95414dd1e07cb5fb147b8822381b42d95,19149,outputs/merge_upstream_e1_l1.xml,hash_verified
C17,/Users/yuhongzhang/Desktop/Masterarbeit-Ramp-Metering/artifacts/stage2_completion_20260909_v1/runtime_archive/C17_reused/outputs/queues.xml,d03a37becdf1c00319fb92c73e3a496cd0142b973da8b6f024900756cd51f2d1,1450551,outputs/queues.xml,hash_verified
C17,/Users/yuhongzhang/Desktop/Masterarbeit-Ramp-Metering/artifacts/stage2_completion_20260909_v1/runtime_archive/C17_reused/outputs/ramp_storage_e2.xml,90f52e918caf86b1e3f748352663e2a6743c01c0a77159f62f0a7b804dfe6ecc,60488,outputs/ramp_storage_e2.xml,hash_verified
C17,/Users/yuhongzhang/Desktop/Masterarbeit-Ramp-Metering/artifacts/stage2_completion_20260909_v1/runtime_archive/C17_reused/outputs/shared_boundary_e2.xml,141b0dd22315e4d87a1169e29e2eb74d125ee8837590f7e6e9c75080734e875d,60769,outputs/shared_boundary_e2.xml,hash_verified
C17,/Users/yuhongzhang/Desktop/Masterarbeit-Ramp-Metering/artifacts/stage2_completion_20260909_v1/runtime_archive/C17_reused/outputs/sumo.log,f8d20199bafebcb01a1c9f4d884cebbbbb4ba96d3489a3d616e79d58c6ccd3e6,586,outputs/sumo.log,hash_verified
C17,/Users/yuhongzhang/Desktop/Masterarbeit-Ramp-Metering/artifacts/stage2_completion_20260909_v1/runtime_archive/C17_reused/outputs/sumo.stderr.log,e3b0c44298fc1c149afbf4c8996fb92427ae41e4649b934ca495991b7852b855,0,outputs/sumo.stderr.log,hash_verified
C17,/Users/yuhongzhang/Desktop/Masterarbeit-Ramp-Metering/artifacts/stage2_completion_20260909_v1/runtime_archive/C17_reused/outputs/sumo.stdout.log,e3b0c44298fc1c149afbf4c8996fb92427ae41e4649b934ca495991b7852b855,0,outputs/sumo.stdout.log,hash_verified
C17,/Users/yuhongzhang/Desktop/Masterarbeit-Ramp-Metering/artifacts/stage2_completion_20260909_v1/runtime_archive/C17_reused/outputs/sumo_error.log,e3b0c44298fc1c149afbf4c8996fb92427ae41e4649b934ca495991b7852b855,0,outputs/sumo_error.log,hash_verified
C17,/Users/yuhongzhang/Desktop/Masterarbeit-Ramp-Metering/artifacts/stage2_completion_20260909_v1/runtime_archive/C17_reused/outputs/sumo_summary.xml,65a3de2cc04c7eec5fa22b67c397f1b560692d93cf4e0b66ace12b58b0482383,756776,outputs/sumo_summary.xml,hash_verified
C17,/Users/yuhongzhang/Desktop/Masterarbeit-Ramp-Metering/artifacts/stage2_completion_20260909_v1/runtime_archive/C17_reused/outputs/tls_states.xml,461511ce3857d704bc57d0bbb2c444296a85efe447d7c4da112592b5262d7620,273691,outputs/tls_states.xml,hash_verified
C17,/Users/yuhongzhang/Desktop/Masterarbeit-Ramp-Metering/artifacts/stage2_completion_20260909_v1/runtime_archive/C17_reused/outputs/tripinfo.xml,0846fcd8ffb53588c7666a40a30911a8a267c4f77bd02aa34f9e174685656254,858385,outputs/tripinfo.xml,hash_verified
C17,/Users/yuhongzhang/Desktop/Masterarbeit-Ramp-Metering/artifacts/stage2_completion_20260909_v1/runtime_archive/C17_reused/outputs/vehroute.xml,8c06e0bfd502bbe123e9da956ab1a1d28c4f92f8373fd74fa6f82d009c6a2a4c,441833,outputs/vehroute.xml,hash_verified
C17,/Users/yuhongzhang/Desktop/Masterarbeit-Ramp-Metering/artifacts/stage2_completion_20260909_v1/runtime_archive/C17_reused/scenario.add.xml,be46ba588a7ceaa8dfb8e3870e4f70176a9ac2b64f1abba6703b2f955a799941,1784,scenario.add.xml,hash_verified
C17,/Users/yuhongzhang/Desktop/Masterarbeit-Ramp-Metering/artifacts/stage2_completion_20260909_v1/runtime_archive/C17_reused/scenario.con.xml,d154948200c9b4d9a3d54bf04647357daaff0e6a19293f19fcef457ee4ae4ea5,826,scenario.con.xml,hash_verified
C17,/Users/yuhongzhang/Desktop/Masterarbeit-Ramp-Metering/artifacts/stage2_completion_20260909_v1/runtime_archive/C17_reused/scenario.edg.xml,d6c7d6df0b8a5afc60a8bfedd796b9d14baa56ec44cf322e3129f976396cff53,1271,scenario.edg.xml,hash_verified
C17,/Users/yuhongzhang/Desktop/Masterarbeit-Ramp-Metering/artifacts/stage2_completion_20260909_v1/runtime_archive/C17_reused/scenario.nod.xml,b1577412ba28470abe3270913833a4053ca6be174f2eede55de77aa5b8a2c923,882,scenario.nod.xml,hash_verified
C17,/Users/yuhongzhang/Desktop/Masterarbeit-Ramp-Metering/artifacts/stage2_completion_20260909_v1/runtime_archive/C17_reused/scenario.sumocfg,0e0f99a7af694e7f448efdb66837143100478da2151ae83ba3e1c6772a811db0,738,scenario.sumocfg,hash_verified
C17,/Users/yuhongzhang/Desktop/Masterarbeit-Ramp-Metering/artifacts/stage2_completion_20260909_v1/runtime_archive/C17_reused/scenario.tll.xml,89f25ab5020e4f2df2fc035233b038c89cc80cf748f6dca19b5584e829df3ecc,551,scenario.tll.xml,hash_verified
C17,/Users/yuhongzhang/Desktop/Masterarbeit-Ramp-Metering/artifacts/stage2_completion_20260909_v1/runtime_archive/C17_reused/summary.json,4e80da39f4e3000122d30eb8f0d05500c8e6aa4491a9e91bc3f928d8f6cca4b1,3962788,summary.json,hash_verified
C23,/Users/yuhongzhang/Desktop/Masterarbeit-Ramp-Metering/artifacts/stage2_completion_20260909_v1/runtime_archive/C23_attempt1/demand.rou.xml,29ffdf99e8b794b31e4cb32bc951347b72c94e85902b0c5926ffe74249ecd429,1114,demand.rou.xml,hash_verified
C23,/Users/yuhongzhang/Desktop/Masterarbeit-Ramp-Metering/artifacts/stage2_completion_20260909_v1/runtime_archive/C23_attempt1/netconvert.stderr.log,e3b0c44298fc1c149afbf4c8996fb92427ae41e4649b934ca495991b7852b855,0,netconvert.stderr.log,hash_verified
C23,/Users/yuhongzhang/Desktop/Masterarbeit-Ramp-Metering/artifacts/stage2_completion_20260909_v1/runtime_archive/C23_attempt1/netconvert.stdout.log,c5b6fd8211edd733614c0fcc956b64ff288d5876926ffe7291fcfa8bf3dbb887,9,netconvert.stdout.log,hash_verified
C23,/Users/yuhongzhang/Desktop/Masterarbeit-Ramp-Metering/artifacts/stage2_completion_20260909_v1/runtime_archive/C23_attempt1/network.net.xml,d20ac5e0feb0d4b7d7a520702ec925d985315be6e27b461d69518cb1185eb551,9928,network.net.xml,hash_verified
C23,/Users/yuhongzhang/Desktop/Masterarbeit-Ramp-Metering/artifacts/stage2_completion_20260909_v1/runtime_archive/C23_attempt1/outputs/fcd.xml,fcdbccdf32311638075b4ad45dbaa3ec1423a09dcf71dadf16ec7418d7803220,43320359,outputs/fcd.xml,hash_verified
C23,/Users/yuhongzhang/Desktop/Masterarbeit-Ramp-Metering/artifacts/stage2_completion_20260909_v1/runtime_archive/C23_attempt1/outputs/mainline_merge_entry_e1_l0.xml,90c0f62cfde04b5222c98ec64ca3490a8e4f24dd5520ac2483361c5a0bd98805,19685,outputs/mainline_merge_entry_e1_l0.xml,hash_verified
C23,/Users/yuhongzhang/Desktop/Masterarbeit-Ramp-Metering/artifacts/stage2_completion_20260909_v1/runtime_archive/C23_attempt1/outputs/mainline_merge_entry_e1_l1.xml,d9bfcf736eefced3704d74881e24caaf9ebf9a7c512f148a255aca79173a7313,19669,outputs/mainline_merge_entry_e1_l1.xml,hash_verified
C23,/Users/yuhongzhang/Desktop/Masterarbeit-Ramp-Metering/artifacts/stage2_completion_20260909_v1/runtime_archive/C23_attempt1/outputs/merge_downstream_e1_l0.xml,9be786c6b62d63e4835a64730998d9c6a550391216be6509585e4235c59b53d1,19380,outputs/merge_downstream_e1_l0.xml,hash_verified
C23,/Users/yuhongzhang/Desktop/Masterarbeit-Ramp-Metering/artifacts/stage2_completion_20260909_v1/runtime_archive/C23_attempt1/outputs/merge_downstream_e1_l1.xml,46c12a042a20d37dcd813ffbfb1aa4e492ff69695b300dc725264d59f86642bf,19322,outputs/merge_downstream_e1_l1.xml,hash_verified
C23,/Users/yuhongzhang/Desktop/Masterarbeit-Ramp-Metering/artifacts/stage2_completion_20260909_v1/runtime_archive/C23_attempt1/outputs/merge_upstream_e1_l0.xml,eccd0d5407cab56f388b347cb6711f97610bb856eb66195c47a5c0fb1aceb8a4,19172,outputs/merge_upstream_e1_l0.xml,hash_verified
C23,/Users/yuhongzhang/Desktop/Masterarbeit-Ramp-Metering/artifacts/stage2_completion_20260909_v1/runtime_archive/C23_attempt1/outputs/merge_upstream_e1_l1.xml,52c5c14a2a998be9ea40ad97e95ba3f928eb8359e709dc8d09b192b08fd2faff,19158,outputs/merge_upstream_e1_l1.xml,hash_verified
C23,/Users/yuhongzhang/Desktop/Masterarbeit-Ramp-Metering/artifacts/stage2_completion_20260909_v1/runtime_archive/C23_attempt1/outputs/queues.xml,3b61b9dcbfb4f7d9e7627210e5476347e16c30d7e7bb7984a834f99ec720dbea,1492836,outputs/queues.xml,hash_verified
C23,/Users/yuhongzhang/Desktop/Masterarbeit-Ramp-Metering/artifacts/stage2_completion_20260909_v1/runtime_archive/C23_attempt1/outputs/ramp_storage_e2.xml,84ad4cd536239f1c8d024d9d52e0147511e367ac45a1b9e6b57b50d2cf79c95a,60506,outputs/ramp_storage_e2.xml,hash_verified
C23,/Users/yuhongzhang/Desktop/Masterarbeit-Ramp-Metering/artifacts/stage2_completion_20260909_v1/runtime_archive/C23_attempt1/outputs/shared_boundary_e2.xml,6349f7895c3b9e1907bccbe509923f5c9ad57eea1c74a705ff85344b014fdeab,60776,outputs/shared_boundary_e2.xml,hash_verified
C23,/Users/yuhongzhang/Desktop/Masterarbeit-Ramp-Metering/artifacts/stage2_completion_20260909_v1/runtime_archive/C23_attempt1/outputs/sumo.log,441d7b5309064f3de4f186fdfc2fa16442f928850b1632177a46787636279f95,586,outputs/sumo.log,hash_verified
C23,/Users/yuhongzhang/Desktop/Masterarbeit-Ramp-Metering/artifacts/stage2_completion_20260909_v1/runtime_archive/C23_attempt1/outputs/sumo.stderr.log,e3b0c44298fc1c149afbf4c8996fb92427ae41e4649b934ca495991b7852b855,0,outputs/sumo.stderr.log,hash_verified
C23,/Users/yuhongzhang/Desktop/Masterarbeit-Ramp-Metering/artifacts/stage2_completion_20260909_v1/runtime_archive/C23_attempt1/outputs/sumo.stdout.log,e3b0c44298fc1c149afbf4c8996fb92427ae41e4649b934ca495991b7852b855,0,outputs/sumo.stdout.log,hash_verified
C23,/Users/yuhongzhang/Desktop/Masterarbeit-Ramp-Metering/artifacts/stage2_completion_20260909_v1/runtime_archive/C23_attempt1/outputs/sumo_error.log,e3b0c44298fc1c149afbf4c8996fb92427ae41e4649b934ca495991b7852b855,0,outputs/sumo_error.log,hash_verified
C23,/Users/yuhongzhang/Desktop/Masterarbeit-Ramp-Metering/artifacts/stage2_completion_20260909_v1/runtime_archive/C23_attempt1/outputs/sumo_summary.xml,ee176a4c88ca9b9468a8e389564b202f85b13cba6120b25f25e6c78d1c54fc0e,756711,outputs/sumo_summary.xml,hash_verified
C23,/Users/yuhongzhang/Desktop/Masterarbeit-Ramp-Metering/artifacts/stage2_completion_20260909_v1/runtime_archive/C23_attempt1/outputs/tls_states.xml,0c17cf19548157932a2b3efb3d6596a1b72f2996b64d3f417dd36450e8546b04,273691,outputs/tls_states.xml,hash_verified
C23,/Users/yuhongzhang/Desktop/Masterarbeit-Ramp-Metering/artifacts/stage2_completion_20260909_v1/runtime_archive/C23_attempt1/outputs/tripinfo.xml,0d6f0ff8bb9ea733293fc1ff0f61e517459d748f4d08eea1c54c7b7c24083ba2,858511,outputs/tripinfo.xml,hash_verified
C23,/Users/yuhongzhang/Desktop/Masterarbeit-Ramp-Metering/artifacts/stage2_completion_20260909_v1/runtime_archive/C23_attempt1/outputs/vehroute.xml,ed36e3974484ecdbed08cc6cccf9812dbf76b1b1d0b262cdad68e04f50d452b3,441903,outputs/vehroute.xml,hash_verified
C23,/Users/yuhongzhang/Desktop/Masterarbeit-Ramp-Metering/artifacts/stage2_completion_20260909_v1/runtime_archive/C23_attempt1/scenario.add.xml,110901d2af3dfb9a11f0762fc231435abb3b2f01881accce58831ee4749f952b,1784,scenario.add.xml,hash_verified
C23,/Users/yuhongzhang/Desktop/Masterarbeit-Ramp-Metering/artifacts/stage2_completion_20260909_v1/runtime_archive/C23_attempt1/scenario.con.xml,d154948200c9b4d9a3d54bf04647357daaff0e6a19293f19fcef457ee4ae4ea5,826,scenario.con.xml,hash_verified
C23,/Users/yuhongzhang/Desktop/Masterarbeit-Ramp-Metering/artifacts/stage2_completion_20260909_v1/runtime_archive/C23_attempt1/scenario.edg.xml,d6c7d6df0b8a5afc60a8bfedd796b9d14baa56ec44cf322e3129f976396cff53,1271,scenario.edg.xml,hash_verified
C23,/Users/yuhongzhang/Desktop/Masterarbeit-Ramp-Metering/artifacts/stage2_completion_20260909_v1/runtime_archive/C23_attempt1/scenario.nod.xml,b1577412ba28470abe3270913833a4053ca6be174f2eede55de77aa5b8a2c923,882,scenario.nod.xml,hash_verified
C23,/Users/yuhongzhang/Desktop/Masterarbeit-Ramp-Metering/artifacts/stage2_completion_20260909_v1/runtime_archive/C23_attempt1/scenario.sumocfg,0e0f99a7af694e7f448efdb66837143100478da2151ae83ba3e1c6772a811db0,738,scenario.sumocfg,hash_verified
C23,/Users/yuhongzhang/Desktop/Masterarbeit-Ramp-Metering/artifacts/stage2_completion_20260909_v1/runtime_archive/C23_attempt1/scenario.tll.xml,89f25ab5020e4f2df2fc035233b038c89cc80cf748f6dca19b5584e829df3ecc,551,scenario.tll.xml,hash_verified
C23,/Users/yuhongzhang/Desktop/Masterarbeit-Ramp-Metering/artifacts/stage2_completion_20260909_v1/runtime_archive/C23_attempt1/summary.json,c781fd57b6cef5e96e9f2cba2bed5353b37b80752c761af0f0ca1a1bdf875028,3994967,summary.json,hash_verified
ML17,/Users/yuhongzhang/Desktop/Masterarbeit-Ramp-Metering/artifacts/stage2_completion_20260909_v1/runtime_archive/ML17_attempt1/demand.rou.xml,1e115c4ddfd3c61f7c7fbca73c7f76ba0862d111d54ac7d8698b5808664ee1e6,1114,demand.rou.xml,hash_verified
ML17,/Users/yuhongzhang/Desktop/Masterarbeit-Ramp-Metering/artifacts/stage2_completion_20260909_v1/runtime_archive/ML17_attempt1/netconvert.stderr.log,e3b0c44298fc1c149afbf4c8996fb92427ae41e4649b934ca495991b7852b855,0,netconvert.stderr.log,hash_verified
ML17,/Users/yuhongzhang/Desktop/Masterarbeit-Ramp-Metering/artifacts/stage2_completion_20260909_v1/runtime_archive/ML17_attempt1/netconvert.stdout.log,c5b6fd8211edd733614c0fcc956b64ff288d5876926ffe7291fcfa8bf3dbb887,9,netconvert.stdout.log,hash_verified
ML17,/Users/yuhongzhang/Desktop/Masterarbeit-Ramp-Metering/artifacts/stage2_completion_20260909_v1/runtime_archive/ML17_attempt1/network.net.xml,9a8613629143e34f5fb0d1cd39dea890424816e87c6238264c8395c2c3775eb0,9928,network.net.xml,hash_verified
ML17,/Users/yuhongzhang/Desktop/Masterarbeit-Ramp-Metering/artifacts/stage2_completion_20260909_v1/runtime_archive/ML17_attempt1/outputs/fcd.xml,1915db89972b1f89e7d369acf39dee38241f9d8f849e7e4f7f1946105afe82b4,41096718,outputs/fcd.xml,hash_verified
ML17,/Users/yuhongzhang/Desktop/Masterarbeit-Ramp-Metering/artifacts/stage2_completion_20260909_v1/runtime_archive/ML17_attempt1/outputs/mainline_merge_entry_e1_l0.xml,a1d5d9d10edf0ed494d83b4e92126759929359698af8a59f3033bd1497cbb58e,19656,outputs/mainline_merge_entry_e1_l0.xml,hash_verified
ML17,/Users/yuhongzhang/Desktop/Masterarbeit-Ramp-Metering/artifacts/stage2_completion_20260909_v1/runtime_archive/ML17_attempt1/outputs/mainline_merge_entry_e1_l1.xml,631fc0aabcbad3523833942f011777fa4c4aacaee3c0dfc4a7e7a86d928c4836,19652,outputs/mainline_merge_entry_e1_l1.xml,hash_verified
ML17,/Users/yuhongzhang/Desktop/Masterarbeit-Ramp-Metering/artifacts/stage2_completion_20260909_v1/runtime_archive/ML17_attempt1/outputs/merge_downstream_e1_l0.xml,0b8c4e7960c515231104fd9b5601087ce0c81b017759ef7581bcfdc532adb7c3,19372,outputs/merge_downstream_e1_l0.xml,hash_verified
ML17,/Users/yuhongzhang/Desktop/Masterarbeit-Ramp-Metering/artifacts/stage2_completion_20260909_v1/runtime_archive/ML17_attempt1/outputs/merge_downstream_e1_l1.xml,395cbf7da30992086f9327b6bfc66ae0b02c9b65daa384850e71c911a2243ef3,19311,outputs/merge_downstream_e1_l1.xml,hash_verified
ML17,/Users/yuhongzhang/Desktop/Masterarbeit-Ramp-Metering/artifacts/stage2_completion_20260909_v1/runtime_archive/ML17_attempt1/outputs/merge_upstream_e1_l0.xml,3884ab19ee681f8683c10cf728a1fb919ade3ea631e90df79bcf8fc0304b516a,19134,outputs/merge_upstream_e1_l0.xml,hash_verified
ML17,/Users/yuhongzhang/Desktop/Masterarbeit-Ramp-Metering/artifacts/stage2_completion_20260909_v1/runtime_archive/ML17_attempt1/outputs/merge_upstream_e1_l1.xml,a7ea01fed802e5cab93315688cc575acfbb2c0c1e938fcbf1490128318b75f9f,19126,outputs/merge_upstream_e1_l1.xml,hash_verified
ML17,/Users/yuhongzhang/Desktop/Masterarbeit-Ramp-Metering/artifacts/stage2_completion_20260909_v1/runtime_archive/ML17_attempt1/outputs/queues.xml,f3622eb18952e0b365890a4d0b2cc07cdef9e9a886f20aabd6e493e834a856fd,1556023,outputs/queues.xml,hash_verified
ML17,/Users/yuhongzhang/Desktop/Masterarbeit-Ramp-Metering/artifacts/stage2_completion_20260909_v1/runtime_archive/ML17_attempt1/outputs/ramp_storage_e2.xml,189aed5aef3696fdcd12ff3ff92a56e8a0a57e44ed962ea1d953e68a665fccf1,60470,outputs/ramp_storage_e2.xml,hash_verified
ML17,/Users/yuhongzhang/Desktop/Masterarbeit-Ramp-Metering/artifacts/stage2_completion_20260909_v1/runtime_archive/ML17_attempt1/outputs/shared_boundary_e2.xml,7c44b5ee4fad8b1b46324e18e363c78a8dfc6548ad8bd9093a6e17295fbba5b4,60703,outputs/shared_boundary_e2.xml,hash_verified
ML17,/Users/yuhongzhang/Desktop/Masterarbeit-Ramp-Metering/artifacts/stage2_completion_20260909_v1/runtime_archive/ML17_attempt1/outputs/sumo.log,066b416c8724d629816f57a687703b0090e26892a51a1b9e8c1a4c3e1741f169,586,outputs/sumo.log,hash_verified
ML17,/Users/yuhongzhang/Desktop/Masterarbeit-Ramp-Metering/artifacts/stage2_completion_20260909_v1/runtime_archive/ML17_attempt1/outputs/sumo.stderr.log,e3b0c44298fc1c149afbf4c8996fb92427ae41e4649b934ca495991b7852b855,0,outputs/sumo.stderr.log,hash_verified
ML17,/Users/yuhongzhang/Desktop/Masterarbeit-Ramp-Metering/artifacts/stage2_completion_20260909_v1/runtime_archive/ML17_attempt1/outputs/sumo.stdout.log,e3b0c44298fc1c149afbf4c8996fb92427ae41e4649b934ca495991b7852b855,0,outputs/sumo.stdout.log,hash_verified
ML17,/Users/yuhongzhang/Desktop/Masterarbeit-Ramp-Metering/artifacts/stage2_completion_20260909_v1/runtime_archive/ML17_attempt1/outputs/sumo_error.log,e3b0c44298fc1c149afbf4c8996fb92427ae41e4649b934ca495991b7852b855,0,outputs/sumo_error.log,hash_verified
ML17,/Users/yuhongzhang/Desktop/Masterarbeit-Ramp-Metering/artifacts/stage2_completion_20260909_v1/runtime_archive/ML17_attempt1/outputs/sumo_summary.xml,81ed9a847203bd9d07a019b0420cb507bfce79727041a8b350c92c7f721ace95,755391,outputs/sumo_summary.xml,hash_verified
ML17,/Users/yuhongzhang/Desktop/Masterarbeit-Ramp-Metering/artifacts/stage2_completion_20260909_v1/runtime_archive/ML17_attempt1/outputs/tls_states.xml,3c90386fdf96b527f51c15cbe2e5bfaf8c1b536d33431949039eb1ed41cd1ff8,273691,outputs/tls_states.xml,hash_verified
ML17,/Users/yuhongzhang/Desktop/Masterarbeit-Ramp-Metering/artifacts/stage2_completion_20260909_v1/runtime_archive/ML17_attempt1/outputs/tripinfo.xml,60f38542983e170cd9d72eea83ae5677dddfaa97bc5d8d1fe50b5c5a62370e25,742566,outputs/tripinfo.xml,hash_verified
ML17,/Users/yuhongzhang/Desktop/Masterarbeit-Ramp-Metering/artifacts/stage2_completion_20260909_v1/runtime_archive/ML17_attempt1/outputs/vehroute.xml,fde9b1fa020de13f343fcc03c5fba2ffaf2628bea0f752549a7567e8cab31de0,384379,outputs/vehroute.xml,hash_verified
ML17,/Users/yuhongzhang/Desktop/Masterarbeit-Ramp-Metering/artifacts/stage2_completion_20260909_v1/runtime_archive/ML17_attempt1/scenario.add.xml,db54139fbf676c99860472ba20e7c58909116a6687a6daa3e90bf8ba97fce73c,1784,scenario.add.xml,hash_verified
ML17,/Users/yuhongzhang/Desktop/Masterarbeit-Ramp-Metering/artifacts/stage2_completion_20260909_v1/runtime_archive/ML17_attempt1/scenario.con.xml,d154948200c9b4d9a3d54bf04647357daaff0e6a19293f19fcef457ee4ae4ea5,826,scenario.con.xml,hash_verified
ML17,/Users/yuhongzhang/Desktop/Masterarbeit-Ramp-Metering/artifacts/stage2_completion_20260909_v1/runtime_archive/ML17_attempt1/scenario.edg.xml,d6c7d6df0b8a5afc60a8bfedd796b9d14baa56ec44cf322e3129f976396cff53,1271,scenario.edg.xml,hash_verified
ML17,/Users/yuhongzhang/Desktop/Masterarbeit-Ramp-Metering/artifacts/stage2_completion_20260909_v1/runtime_archive/ML17_attempt1/scenario.nod.xml,b1577412ba28470abe3270913833a4053ca6be174f2eede55de77aa5b8a2c923,882,scenario.nod.xml,hash_verified
ML17,/Users/yuhongzhang/Desktop/Masterarbeit-Ramp-Metering/artifacts/stage2_completion_20260909_v1/runtime_archive/ML17_attempt1/scenario.sumocfg,0e0f99a7af694e7f448efdb66837143100478da2151ae83ba3e1c6772a811db0,738,scenario.sumocfg,hash_verified
ML17,/Users/yuhongzhang/Desktop/Masterarbeit-Ramp-Metering/artifacts/stage2_completion_20260909_v1/runtime_archive/ML17_attempt1/scenario.tll.xml,89f25ab5020e4f2df2fc035233b038c89cc80cf748f6dca19b5584e829df3ecc,551,scenario.tll.xml,hash_verified
ML17,/Users/yuhongzhang/Desktop/Masterarbeit-Ramp-Metering/artifacts/stage2_completion_20260909_v1/runtime_archive/ML17_attempt1/summary.json,2668cf17ad92d455be4e0e9369d36344cf3f61a540caa493caa812c05acd0787,3922442,summary.json,hash_verified
ML23,/Users/yuhongzhang/Desktop/Masterarbeit-Ramp-Metering/artifacts/stage2_completion_20260909_v1/runtime_archive/ML23_attempt1/demand.rou.xml,1e115c4ddfd3c61f7c7fbca73c7f76ba0862d111d54ac7d8698b5808664ee1e6,1114,demand.rou.xml,hash_verified
ML23,/Users/yuhongzhang/Desktop/Masterarbeit-Ramp-Metering/artifacts/stage2_completion_20260909_v1/runtime_archive/ML23_attempt1/netconvert.stderr.log,e3b0c44298fc1c149afbf4c8996fb92427ae41e4649b934ca495991b7852b855,0,netconvert.stderr.log,hash_verified
ML23,/Users/yuhongzhang/Desktop/Masterarbeit-Ramp-Metering/artifacts/stage2_completion_20260909_v1/runtime_archive/ML23_attempt1/netconvert.stdout.log,c5b6fd8211edd733614c0fcc956b64ff288d5876926ffe7291fcfa8bf3dbb887,9,netconvert.stdout.log,hash_verified
ML23,/Users/yuhongzhang/Desktop/Masterarbeit-Ramp-Metering/artifacts/stage2_completion_20260909_v1/runtime_archive/ML23_attempt1/network.net.xml,5cdb3d04718153b66a77cb1ef7679205ba35d89ab0f8a7d237276e54dbe855d7,9928,network.net.xml,hash_verified
ML23,/Users/yuhongzhang/Desktop/Masterarbeit-Ramp-Metering/artifacts/stage2_completion_20260909_v1/runtime_archive/ML23_attempt1/outputs/fcd.xml,9fc69546f3506c2c3d6e00c1da5f1e8495a482d03a135b1215f0c7a07d4cfeaf,41288081,outputs/fcd.xml,hash_verified
ML23,/Users/yuhongzhang/Desktop/Masterarbeit-Ramp-Metering/artifacts/stage2_completion_20260909_v1/runtime_archive/ML23_attempt1/outputs/mainline_merge_entry_e1_l0.xml,6633f27043f33be0a94198ae5a63a029f6a2cacaa4478a36bc761d840580e2c4,19656,outputs/mainline_merge_entry_e1_l0.xml,hash_verified
ML23,/Users/yuhongzhang/Desktop/Masterarbeit-Ramp-Metering/artifacts/stage2_completion_20260909_v1/runtime_archive/ML23_attempt1/outputs/mainline_merge_entry_e1_l1.xml,f3d38f5c806052c355d3f82ae5e8a30ae238d9deaf0a2c0fb38c773bf113d9ae,19645,outputs/mainline_merge_entry_e1_l1.xml,hash_verified
ML23,/Users/yuhongzhang/Desktop/Masterarbeit-Ramp-Metering/artifacts/stage2_completion_20260909_v1/runtime_archive/ML23_attempt1/outputs/merge_downstream_e1_l0.xml,3db2f50cc42c66e80bd4c66dc4e258d0f9803d160541b07f2cf257de6617b208,19363,outputs/merge_downstream_e1_l0.xml,hash_verified
ML23,/Users/yuhongzhang/Desktop/Masterarbeit-Ramp-Metering/artifacts/stage2_completion_20260909_v1/runtime_archive/ML23_attempt1/outputs/merge_downstream_e1_l1.xml,52cbfa5286eeadaa63f9651f2dd4f63788eba94a02e13ef22e0be8efd98a0403,19307,outputs/merge_downstream_e1_l1.xml,hash_verified
ML23,/Users/yuhongzhang/Desktop/Masterarbeit-Ramp-Metering/artifacts/stage2_completion_20260909_v1/runtime_archive/ML23_attempt1/outputs/merge_upstream_e1_l0.xml,6bf2af51dc9233c8f6770497bb090643277e9f0d26275dc0bff4ea1e6e6fc4f0,19134,outputs/merge_upstream_e1_l0.xml,hash_verified
ML23,/Users/yuhongzhang/Desktop/Masterarbeit-Ramp-Metering/artifacts/stage2_completion_20260909_v1/runtime_archive/ML23_attempt1/outputs/merge_upstream_e1_l1.xml,dcbf1c35b97985cde442fccb56dffb4a6cdc0ea394af909cdd2aad2ae262c388,19118,outputs/merge_upstream_e1_l1.xml,hash_verified
ML23,/Users/yuhongzhang/Desktop/Masterarbeit-Ramp-Metering/artifacts/stage2_completion_20260909_v1/runtime_archive/ML23_attempt1/outputs/queues.xml,8b6d87c4ceb347891936fbb35c825a957fee05209fcee2aab0c9566541384007,1564118,outputs/queues.xml,hash_verified
ML23,/Users/yuhongzhang/Desktop/Masterarbeit-Ramp-Metering/artifacts/stage2_completion_20260909_v1/runtime_archive/ML23_attempt1/outputs/ramp_storage_e2.xml,8d8b384ec6123e2cdf82a889fcabaece62f9f20d6b696c1cf74a93ad9a70be74,60474,outputs/ramp_storage_e2.xml,hash_verified
ML23,/Users/yuhongzhang/Desktop/Masterarbeit-Ramp-Metering/artifacts/stage2_completion_20260909_v1/runtime_archive/ML23_attempt1/outputs/shared_boundary_e2.xml,3881a759a75430907c20eab23516d414809f0b24f0c17316b28f37d4e9506222,60698,outputs/shared_boundary_e2.xml,hash_verified
ML23,/Users/yuhongzhang/Desktop/Masterarbeit-Ramp-Metering/artifacts/stage2_completion_20260909_v1/runtime_archive/ML23_attempt1/outputs/sumo.log,cbd52c77eb26c4fe000f1326058cb7af2dde8d6506fc86cf67ce2842293d9635,586,outputs/sumo.log,hash_verified
ML23,/Users/yuhongzhang/Desktop/Masterarbeit-Ramp-Metering/artifacts/stage2_completion_20260909_v1/runtime_archive/ML23_attempt1/outputs/sumo.stderr.log,e3b0c44298fc1c149afbf4c8996fb92427ae41e4649b934ca495991b7852b855,0,outputs/sumo.stderr.log,hash_verified
ML23,/Users/yuhongzhang/Desktop/Masterarbeit-Ramp-Metering/artifacts/stage2_completion_20260909_v1/runtime_archive/ML23_attempt1/outputs/sumo.stdout.log,e3b0c44298fc1c149afbf4c8996fb92427ae41e4649b934ca495991b7852b855,0,outputs/sumo.stdout.log,hash_verified
ML23,/Users/yuhongzhang/Desktop/Masterarbeit-Ramp-Metering/artifacts/stage2_completion_20260909_v1/runtime_archive/ML23_attempt1/outputs/sumo_error.log,e3b0c44298fc1c149afbf4c8996fb92427ae41e4649b934ca495991b7852b855,0,outputs/sumo_error.log,hash_verified
ML23,/Users/yuhongzhang/Desktop/Masterarbeit-Ramp-Metering/artifacts/stage2_completion_20260909_v1/runtime_archive/ML23_attempt1/outputs/sumo_summary.xml,14e6398c794371b707a35d5708754a401eaaa5812cbdb311402794747002693e,755302,outputs/sumo_summary.xml,hash_verified
ML23,/Users/yuhongzhang/Desktop/Masterarbeit-Ramp-Metering/artifacts/stage2_completion_20260909_v1/runtime_archive/ML23_attempt1/outputs/tls_states.xml,06b2e439e29384cd05d46b6a8ebb72e18433129e092413031f84d844bda056fb,273691,outputs/tls_states.xml,hash_verified
ML23,/Users/yuhongzhang/Desktop/Masterarbeit-Ramp-Metering/artifacts/stage2_completion_20260909_v1/runtime_archive/ML23_attempt1/outputs/tripinfo.xml,bba20faffef3aac9b0b450ddc46d228425383466ed615168c36d31206e897680,742531,outputs/tripinfo.xml,hash_verified
ML23,/Users/yuhongzhang/Desktop/Masterarbeit-Ramp-Metering/artifacts/stage2_completion_20260909_v1/runtime_archive/ML23_attempt1/outputs/vehroute.xml,324e8c87f2269fc08ef152c69cf21822e73bf7c443d46efb2ffdf346af8b0969,384410,outputs/vehroute.xml,hash_verified
ML23,/Users/yuhongzhang/Desktop/Masterarbeit-Ramp-Metering/artifacts/stage2_completion_20260909_v1/runtime_archive/ML23_attempt1/scenario.add.xml,200d8b1b45fe615a71fc3f6193ccfd68bd602e09877eed3be8c33cf21cb8661f,1784,scenario.add.xml,hash_verified
ML23,/Users/yuhongzhang/Desktop/Masterarbeit-Ramp-Metering/artifacts/stage2_completion_20260909_v1/runtime_archive/ML23_attempt1/scenario.con.xml,d154948200c9b4d9a3d54bf04647357daaff0e6a19293f19fcef457ee4ae4ea5,826,scenario.con.xml,hash_verified
ML23,/Users/yuhongzhang/Desktop/Masterarbeit-Ramp-Metering/artifacts/stage2_completion_20260909_v1/runtime_archive/ML23_attempt1/scenario.edg.xml,d6c7d6df0b8a5afc60a8bfedd796b9d14baa56ec44cf322e3129f976396cff53,1271,scenario.edg.xml,hash_verified
ML23,/Users/yuhongzhang/Desktop/Masterarbeit-Ramp-Metering/artifacts/stage2_completion_20260909_v1/runtime_archive/ML23_attempt1/scenario.nod.xml,b1577412ba28470abe3270913833a4053ca6be174f2eede55de77aa5b8a2c923,882,scenario.nod.xml,hash_verified
ML23,/Users/yuhongzhang/Desktop/Masterarbeit-Ramp-Metering/artifacts/stage2_completion_20260909_v1/runtime_archive/ML23_attempt1/scenario.sumocfg,0e0f99a7af694e7f448efdb66837143100478da2151ae83ba3e1c6772a811db0,738,scenario.sumocfg,hash_verified
ML23,/Users/yuhongzhang/Desktop/Masterarbeit-Ramp-Metering/artifacts/stage2_completion_20260909_v1/runtime_archive/ML23_attempt1/scenario.tll.xml,89f25ab5020e4f2df2fc035233b038c89cc80cf748f6dca19b5584e829df3ecc,551,scenario.tll.xml,hash_verified
ML23,/Users/yuhongzhang/Desktop/Masterarbeit-Ramp-Metering/artifacts/stage2_completion_20260909_v1/runtime_archive/ML23_attempt1/summary.json,40b04c73f3e52fb87d75781efcfa99a5e5ecc1622db20b87102599e1f649a0f9,3905769,summary.json,hash_verified
MH17,/Users/yuhongzhang/Desktop/Masterarbeit-Ramp-Metering/artifacts/stage2_completion_20260909_v1/runtime_archive/MH17_attempt1/demand.rou.xml,eeecf1caa3290e243b83a81a131c13db709a95451c65f6c19b09d324d35e6993,1114,demand.rou.xml,hash_verified
MH17,/Users/yuhongzhang/Desktop/Masterarbeit-Ramp-Metering/artifacts/stage2_completion_20260909_v1/runtime_archive/MH17_attempt1/netconvert.stderr.log,e3b0c44298fc1c149afbf4c8996fb92427ae41e4649b934ca495991b7852b855,0,netconvert.stderr.log,hash_verified
MH17,/Users/yuhongzhang/Desktop/Masterarbeit-Ramp-Metering/artifacts/stage2_completion_20260909_v1/runtime_archive/MH17_attempt1/netconvert.stdout.log,c5b6fd8211edd733614c0fcc956b64ff288d5876926ffe7291fcfa8bf3dbb887,9,netconvert.stdout.log,hash_verified
MH17,/Users/yuhongzhang/Desktop/Masterarbeit-Ramp-Metering/artifacts/stage2_completion_20260909_v1/runtime_archive/MH17_attempt1/network.net.xml,54ed1e02a669d2f408a484d97ad77a2f158a940e358c1e931015fed54bcb658d,9928,network.net.xml,hash_verified
MH17,/Users/yuhongzhang/Desktop/Masterarbeit-Ramp-Metering/artifacts/stage2_completion_20260909_v1/runtime_archive/MH17_attempt1/outputs/fcd.xml,2554a60ba99f64cafd2a173125ec5adae3ac3923ef8df0ce6d05938d7732995c,46370721,outputs/fcd.xml,hash_verified
MH17,/Users/yuhongzhang/Desktop/Masterarbeit-Ramp-Metering/artifacts/stage2_completion_20260909_v1/runtime_archive/MH17_attempt1/outputs/mainline_merge_entry_e1_l0.xml,9c3b5b283d7a1a39f4d1bb5059c4eed6b152ae5ac8acc0f600aff4d6a9f2c267,19688,outputs/mainline_merge_entry_e1_l0.xml,hash_verified
MH17,/Users/yuhongzhang/Desktop/Masterarbeit-Ramp-Metering/artifacts/stage2_completion_20260909_v1/runtime_archive/MH17_attempt1/outputs/mainline_merge_entry_e1_l1.xml,37d9ecf00d0aeca890e8937b28bed385f4c8d60cbacd32f83e23c973d20dac54,19682,outputs/mainline_merge_entry_e1_l1.xml,hash_verified
MH17,/Users/yuhongzhang/Desktop/Masterarbeit-Ramp-Metering/artifacts/stage2_completion_20260909_v1/runtime_archive/MH17_attempt1/outputs/merge_downstream_e1_l0.xml,bae6037b8139dd4e7821748f3aab08911a74ee2708495ef1b0c10e34d23001eb,19400,outputs/merge_downstream_e1_l0.xml,hash_verified
MH17,/Users/yuhongzhang/Desktop/Masterarbeit-Ramp-Metering/artifacts/stage2_completion_20260909_v1/runtime_archive/MH17_attempt1/outputs/merge_downstream_e1_l1.xml,98d22dd1d3df9527a907fd170c8ae43ca8a67053d9a519c165075f7f5a64dd4b,19331,outputs/merge_downstream_e1_l1.xml,hash_verified
MH17,/Users/yuhongzhang/Desktop/Masterarbeit-Ramp-Metering/artifacts/stage2_completion_20260909_v1/runtime_archive/MH17_attempt1/outputs/merge_upstream_e1_l0.xml,16f757a99f6533e079eec5b52a381fc59bf461cc6c0661d0477e991a464ab775,19179,outputs/merge_upstream_e1_l0.xml,hash_verified
MH17,/Users/yuhongzhang/Desktop/Masterarbeit-Ramp-Metering/artifacts/stage2_completion_20260909_v1/runtime_archive/MH17_attempt1/outputs/merge_upstream_e1_l1.xml,7083feb3434c17626a222ef19a14f89997c7a570128f46cf91cd45abf1f21a7b,19164,outputs/merge_upstream_e1_l1.xml,hash_verified
MH17,/Users/yuhongzhang/Desktop/Masterarbeit-Ramp-Metering/artifacts/stage2_completion_20260909_v1/runtime_archive/MH17_attempt1/outputs/queues.xml,1be7b7e8c67f41ddb91a8f216adc0b9157871ba7a503b8ac598c86bf4abbafb1,1460944,outputs/queues.xml,hash_verified
MH17,/Users/yuhongzhang/Desktop/Masterarbeit-Ramp-Metering/artifacts/stage2_completion_20260909_v1/runtime_archive/MH17_attempt1/outputs/ramp_storage_e2.xml,e4af251e46d21abba10b12fd45a17e194346e6358898b51ebe310ee7506bc489,60584,outputs/ramp_storage_e2.xml,hash_verified
MH17,/Users/yuhongzhang/Desktop/Masterarbeit-Ramp-Metering/artifacts/stage2_completion_20260909_v1/runtime_archive/MH17_attempt1/outputs/shared_boundary_e2.xml,2151452a806d95925b864dea45228ebe03f752471ae6c82e8b25948ae694039c,60916,outputs/shared_boundary_e2.xml,hash_verified
MH17,/Users/yuhongzhang/Desktop/Masterarbeit-Ramp-Metering/artifacts/stage2_completion_20260909_v1/runtime_archive/MH17_attempt1/outputs/sumo.log,d277332dc7be81627a27c99bb461a924176c535c756c8d3126d903edd672ebf3,586,outputs/sumo.log,hash_verified
MH17,/Users/yuhongzhang/Desktop/Masterarbeit-Ramp-Metering/artifacts/stage2_completion_20260909_v1/runtime_archive/MH17_attempt1/outputs/sumo.stderr.log,e3b0c44298fc1c149afbf4c8996fb92427ae41e4649b934ca495991b7852b855,0,outputs/sumo.stderr.log,hash_verified
MH17,/Users/yuhongzhang/Desktop/Masterarbeit-Ramp-Metering/artifacts/stage2_completion_20260909_v1/runtime_archive/MH17_attempt1/outputs/sumo.stdout.log,e3b0c44298fc1c149afbf4c8996fb92427ae41e4649b934ca495991b7852b855,0,outputs/sumo.stdout.log,hash_verified
MH17,/Users/yuhongzhang/Desktop/Masterarbeit-Ramp-Metering/artifacts/stage2_completion_20260909_v1/runtime_archive/MH17_attempt1/outputs/sumo_error.log,e3b0c44298fc1c149afbf4c8996fb92427ae41e4649b934ca495991b7852b855,0,outputs/sumo_error.log,hash_verified
MH17,/Users/yuhongzhang/Desktop/Masterarbeit-Ramp-Metering/artifacts/stage2_completion_20260909_v1/runtime_archive/MH17_attempt1/outputs/sumo_summary.xml,0f357d27c3862ffc43bfc6951918bde2f2c1acd77ffa74e1504b58676f4bed3b,758601,outputs/sumo_summary.xml,hash_verified
MH17,/Users/yuhongzhang/Desktop/Masterarbeit-Ramp-Metering/artifacts/stage2_completion_20260909_v1/runtime_archive/MH17_attempt1/outputs/tls_states.xml,dff705de7ac12833f5e8189425d8086f96f2cbf636874b618687b7d749a683c0,273691,outputs/tls_states.xml,hash_verified
MH17,/Users/yuhongzhang/Desktop/Masterarbeit-Ramp-Metering/artifacts/stage2_completion_20260909_v1/runtime_archive/MH17_attempt1/outputs/tripinfo.xml,5e1ee26d23e81264382b054e25d159a83744595409b7e17b3616e496dfd29ade,974352,outputs/tripinfo.xml,hash_verified
MH17,/Users/yuhongzhang/Desktop/Masterarbeit-Ramp-Metering/artifacts/stage2_completion_20260909_v1/runtime_archive/MH17_attempt1/outputs/vehroute.xml,f3b2c18b99f7ec021396439276be16c36b7333ef60768b12cbf221bf423b7f3e,499099,outputs/vehroute.xml,hash_verified
MH17,/Users/yuhongzhang/Desktop/Masterarbeit-Ramp-Metering/artifacts/stage2_completion_20260909_v1/runtime_archive/MH17_attempt1/scenario.add.xml,f2b73d23625b5d13de1cc26c13dae68295021e851f1fd4a720371719ecffefeb,1784,scenario.add.xml,hash_verified
MH17,/Users/yuhongzhang/Desktop/Masterarbeit-Ramp-Metering/artifacts/stage2_completion_20260909_v1/runtime_archive/MH17_attempt1/scenario.con.xml,d154948200c9b4d9a3d54bf04647357daaff0e6a19293f19fcef457ee4ae4ea5,826,scenario.con.xml,hash_verified
MH17,/Users/yuhongzhang/Desktop/Masterarbeit-Ramp-Metering/artifacts/stage2_completion_20260909_v1/runtime_archive/MH17_attempt1/scenario.edg.xml,d6c7d6df0b8a5afc60a8bfedd796b9d14baa56ec44cf322e3129f976396cff53,1271,scenario.edg.xml,hash_verified
MH17,/Users/yuhongzhang/Desktop/Masterarbeit-Ramp-Metering/artifacts/stage2_completion_20260909_v1/runtime_archive/MH17_attempt1/scenario.nod.xml,b1577412ba28470abe3270913833a4053ca6be174f2eede55de77aa5b8a2c923,882,scenario.nod.xml,hash_verified
MH17,/Users/yuhongzhang/Desktop/Masterarbeit-Ramp-Metering/artifacts/stage2_completion_20260909_v1/runtime_archive/MH17_attempt1/scenario.sumocfg,0e0f99a7af694e7f448efdb66837143100478da2151ae83ba3e1c6772a811db0,738,scenario.sumocfg,hash_verified
MH17,/Users/yuhongzhang/Desktop/Masterarbeit-Ramp-Metering/artifacts/stage2_completion_20260909_v1/runtime_archive/MH17_attempt1/scenario.tll.xml,89f25ab5020e4f2df2fc035233b038c89cc80cf748f6dca19b5584e829df3ecc,551,scenario.tll.xml,hash_verified
MH17,/Users/yuhongzhang/Desktop/Masterarbeit-Ramp-Metering/artifacts/stage2_completion_20260909_v1/runtime_archive/MH17_attempt1/summary.json,2068239fec4a050970cd78e2aabe773fc4aee26c918d3e736368283d678e8c24,3940084,summary.json,hash_verified
MH23,/Users/yuhongzhang/Desktop/Masterarbeit-Ramp-Metering/artifacts/stage2_completion_20260909_v1/runtime_archive/MH23_attempt1/demand.rou.xml,eeecf1caa3290e243b83a81a131c13db709a95451c65f6c19b09d324d35e6993,1114,demand.rou.xml,hash_verified
MH23,/Users/yuhongzhang/Desktop/Masterarbeit-Ramp-Metering/artifacts/stage2_completion_20260909_v1/runtime_archive/MH23_attempt1/netconvert.stderr.log,e3b0c44298fc1c149afbf4c8996fb92427ae41e4649b934ca495991b7852b855,0,netconvert.stderr.log,hash_verified
MH23,/Users/yuhongzhang/Desktop/Masterarbeit-Ramp-Metering/artifacts/stage2_completion_20260909_v1/runtime_archive/MH23_attempt1/netconvert.stdout.log,c5b6fd8211edd733614c0fcc956b64ff288d5876926ffe7291fcfa8bf3dbb887,9,netconvert.stdout.log,hash_verified
MH23,/Users/yuhongzhang/Desktop/Masterarbeit-Ramp-Metering/artifacts/stage2_completion_20260909_v1/runtime_archive/MH23_attempt1/network.net.xml,db4f9c5ea8923f667c709f92d90be8753a8c27900dc21f0946429291a337bb79,9928,network.net.xml,hash_verified
MH23,/Users/yuhongzhang/Desktop/Masterarbeit-Ramp-Metering/artifacts/stage2_completion_20260909_v1/runtime_archive/MH23_attempt1/outputs/fcd.xml,d2fb7cbc7871393b09b8530d453dbf012bc116f316ded19aa9598daba499a087,46255873,outputs/fcd.xml,hash_verified
MH23,/Users/yuhongzhang/Desktop/Masterarbeit-Ramp-Metering/artifacts/stage2_completion_20260909_v1/runtime_archive/MH23_attempt1/outputs/mainline_merge_entry_e1_l0.xml,87cf883b28ee8046564f34547794732d865cbfb18c6f053770429866f98e76c6,19699,outputs/mainline_merge_entry_e1_l0.xml,hash_verified
MH23,/Users/yuhongzhang/Desktop/Masterarbeit-Ramp-Metering/artifacts/stage2_completion_20260909_v1/runtime_archive/MH23_attempt1/outputs/mainline_merge_entry_e1_l1.xml,b799426dae0e4552a29081cd3db3220c3c5dc5cff8661bc1de4ca7ba695d7bbf,19681,outputs/mainline_merge_entry_e1_l1.xml,hash_verified
MH23,/Users/yuhongzhang/Desktop/Masterarbeit-Ramp-Metering/artifacts/stage2_completion_20260909_v1/runtime_archive/MH23_attempt1/outputs/merge_downstream_e1_l0.xml,5be9555d2b53819c7cf30efe5245c77abddeabd73ed679e49da29c50047b3a59,19406,outputs/merge_downstream_e1_l0.xml,hash_verified
MH23,/Users/yuhongzhang/Desktop/Masterarbeit-Ramp-Metering/artifacts/stage2_completion_20260909_v1/runtime_archive/MH23_attempt1/outputs/merge_downstream_e1_l1.xml,0f120060ee11d73b8a31f201e0a3bc905785d515a9c71a89cfbde0c8a6e0f690,19333,outputs/merge_downstream_e1_l1.xml,hash_verified
MH23,/Users/yuhongzhang/Desktop/Masterarbeit-Ramp-Metering/artifacts/stage2_completion_20260909_v1/runtime_archive/MH23_attempt1/outputs/merge_upstream_e1_l0.xml,7f24b8a894751baf041c95007084f97cb9b2d9f96e278c9e053ae831aff72ff0,19189,outputs/merge_upstream_e1_l0.xml,hash_verified
MH23,/Users/yuhongzhang/Desktop/Masterarbeit-Ramp-Metering/artifacts/stage2_completion_20260909_v1/runtime_archive/MH23_attempt1/outputs/merge_upstream_e1_l1.xml,89647f801c3c304dea645882c86c36ebb216701705250f82cb4856138f5c738f,19155,outputs/merge_upstream_e1_l1.xml,hash_verified
MH23,/Users/yuhongzhang/Desktop/Masterarbeit-Ramp-Metering/artifacts/stage2_completion_20260909_v1/runtime_archive/MH23_attempt1/outputs/queues.xml,2dad3e99f81b9578954f2ab9cf1cbe0c55088e2b9f7c1680720dd895f5bd2abc,1460193,outputs/queues.xml,hash_verified
MH23,/Users/yuhongzhang/Desktop/Masterarbeit-Ramp-Metering/artifacts/stage2_completion_20260909_v1/runtime_archive/MH23_attempt1/outputs/ramp_storage_e2.xml,5d6b1f2be8fd1afff32f4c12ddcecead802fd983a14cf0690ea5d95eb87467e8,60580,outputs/ramp_storage_e2.xml,hash_verified
MH23,/Users/yuhongzhang/Desktop/Masterarbeit-Ramp-Metering/artifacts/stage2_completion_20260909_v1/runtime_archive/MH23_attempt1/outputs/shared_boundary_e2.xml,be32b2a134a4ce4d85bc3e9bc2dfddddf6c65032be232790e53686b1903a7fd5,60910,outputs/shared_boundary_e2.xml,hash_verified
MH23,/Users/yuhongzhang/Desktop/Masterarbeit-Ramp-Metering/artifacts/stage2_completion_20260909_v1/runtime_archive/MH23_attempt1/outputs/sumo.log,67d1109a50d0316c7c7d09f7b728c047f423d73cf0e9d326730d930ca371c7d8,586,outputs/sumo.log,hash_verified
MH23,/Users/yuhongzhang/Desktop/Masterarbeit-Ramp-Metering/artifacts/stage2_completion_20260909_v1/runtime_archive/MH23_attempt1/outputs/sumo.stderr.log,e3b0c44298fc1c149afbf4c8996fb92427ae41e4649b934ca495991b7852b855,0,outputs/sumo.stderr.log,hash_verified
MH23,/Users/yuhongzhang/Desktop/Masterarbeit-Ramp-Metering/artifacts/stage2_completion_20260909_v1/runtime_archive/MH23_attempt1/outputs/sumo.stdout.log,e3b0c44298fc1c149afbf4c8996fb92427ae41e4649b934ca495991b7852b855,0,outputs/sumo.stdout.log,hash_verified
MH23,/Users/yuhongzhang/Desktop/Masterarbeit-Ramp-Metering/artifacts/stage2_completion_20260909_v1/runtime_archive/MH23_attempt1/outputs/sumo_error.log,e3b0c44298fc1c149afbf4c8996fb92427ae41e4649b934ca495991b7852b855,0,outputs/sumo_error.log,hash_verified
MH23,/Users/yuhongzhang/Desktop/Masterarbeit-Ramp-Metering/artifacts/stage2_completion_20260909_v1/runtime_archive/MH23_attempt1/outputs/sumo_summary.xml,531a22dc2b115875b0ba256f3a828650edaf6bb85b7b9dc67be9a2f9d218e9f6,758556,outputs/sumo_summary.xml,hash_verified
MH23,/Users/yuhongzhang/Desktop/Masterarbeit-Ramp-Metering/artifacts/stage2_completion_20260909_v1/runtime_archive/MH23_attempt1/outputs/tls_states.xml,a5666c4e213268ceb3fc8c5fcfc584e4634b5542e8fe3a9c2ec25819e5f877fd,273691,outputs/tls_states.xml,hash_verified
MH23,/Users/yuhongzhang/Desktop/Masterarbeit-Ramp-Metering/artifacts/stage2_completion_20260909_v1/runtime_archive/MH23_attempt1/outputs/tripinfo.xml,65c61d3b3f6e57a5dc86319eada462d2dda8047accc9d0a9380ee32285538e3a,974338,outputs/tripinfo.xml,hash_verified
MH23,/Users/yuhongzhang/Desktop/Masterarbeit-Ramp-Metering/artifacts/stage2_completion_20260909_v1/runtime_archive/MH23_attempt1/outputs/vehroute.xml,4fe4d94c0b984979dce5cbd8aee5a7ac3c3a6c5d135c7cfc2de6b41b3da641e1,499057,outputs/vehroute.xml,hash_verified
MH23,/Users/yuhongzhang/Desktop/Masterarbeit-Ramp-Metering/artifacts/stage2_completion_20260909_v1/runtime_archive/MH23_attempt1/scenario.add.xml,81d04b85fa256953a72506ef2f5e5e49d9af7ef5f1888d595b73298ec65b463c,1784,scenario.add.xml,hash_verified
MH23,/Users/yuhongzhang/Desktop/Masterarbeit-Ramp-Metering/artifacts/stage2_completion_20260909_v1/runtime_archive/MH23_attempt1/scenario.con.xml,d154948200c9b4d9a3d54bf04647357daaff0e6a19293f19fcef457ee4ae4ea5,826,scenario.con.xml,hash_verified
MH23,/Users/yuhongzhang/Desktop/Masterarbeit-Ramp-Metering/artifacts/stage2_completion_20260909_v1/runtime_archive/MH23_attempt1/scenario.edg.xml,d6c7d6df0b8a5afc60a8bfedd796b9d14baa56ec44cf322e3129f976396cff53,1271,scenario.edg.xml,hash_verified
MH23,/Users/yuhongzhang/Desktop/Masterarbeit-Ramp-Metering/artifacts/stage2_completion_20260909_v1/runtime_archive/MH23_attempt1/scenario.nod.xml,b1577412ba28470abe3270913833a4053ca6be174f2eede55de77aa5b8a2c923,882,scenario.nod.xml,hash_verified
MH23,/Users/yuhongzhang/Desktop/Masterarbeit-Ramp-Metering/artifacts/stage2_completion_20260909_v1/runtime_archive/MH23_attempt1/scenario.sumocfg,0e0f99a7af694e7f448efdb66837143100478da2151ae83ba3e1c6772a811db0,738,scenario.sumocfg,hash_verified
MH23,/Users/yuhongzhang/Desktop/Masterarbeit-Ramp-Metering/artifacts/stage2_completion_20260909_v1/runtime_archive/MH23_attempt1/scenario.tll.xml,89f25ab5020e4f2df2fc035233b038c89cc80cf748f6dca19b5584e829df3ecc,551,scenario.tll.xml,hash_verified
MH23,/Users/yuhongzhang/Desktop/Masterarbeit-Ramp-Metering/artifacts/stage2_completion_20260909_v1/runtime_archive/MH23_attempt1/summary.json,c1c6a590f7104b5e5039e3ea90b2f17af18684899dc56b4fcf7b22589a82099e,3938028,summary.json,hash_verified
RL17,/Users/yuhongzhang/Desktop/Masterarbeit-Ramp-Metering/artifacts/stage2_completion_20260909_v1/runtime_archive/RL17_attempt1/demand.rou.xml,8c65e758c6688f22a04af2cc2331b8938cc45a58fa97491db5aa77ee37ce5472,1114,demand.rou.xml,hash_verified
RL17,/Users/yuhongzhang/Desktop/Masterarbeit-Ramp-Metering/artifacts/stage2_completion_20260909_v1/runtime_archive/RL17_attempt1/netconvert.stderr.log,e3b0c44298fc1c149afbf4c8996fb92427ae41e4649b934ca495991b7852b855,0,netconvert.stderr.log,hash_verified
RL17,/Users/yuhongzhang/Desktop/Masterarbeit-Ramp-Metering/artifacts/stage2_completion_20260909_v1/runtime_archive/RL17_attempt1/netconvert.stdout.log,c5b6fd8211edd733614c0fcc956b64ff288d5876926ffe7291fcfa8bf3dbb887,9,netconvert.stdout.log,hash_verified
RL17,/Users/yuhongzhang/Desktop/Masterarbeit-Ramp-Metering/artifacts/stage2_completion_20260909_v1/runtime_archive/RL17_attempt1/network.net.xml,ad7d8a107a9e83fed53066014fdd241c51fa9611171a0b0326787b20fb064d5f,9928,network.net.xml,hash_verified
RL17,/Users/yuhongzhang/Desktop/Masterarbeit-Ramp-Metering/artifacts/stage2_completion_20260909_v1/runtime_archive/RL17_attempt1/outputs/fcd.xml,600a5fc77e03c035fbf5eb2d7192c4113d23b4f49c2df7df4968925f0c6ef834,28763219,outputs/fcd.xml,hash_verified
RL17,/Users/yuhongzhang/Desktop/Masterarbeit-Ramp-Metering/artifacts/stage2_completion_20260909_v1/runtime_archive/RL17_attempt1/outputs/mainline_merge_entry_e1_l0.xml,1018132b7c01ef8fd9636ab59b01ac65344f9033f8f83e5b42cfa992b17509c5,19684,outputs/mainline_merge_entry_e1_l0.xml,hash_verified
RL17,/Users/yuhongzhang/Desktop/Masterarbeit-Ramp-Metering/artifacts/stage2_completion_20260909_v1/runtime_archive/RL17_attempt1/outputs/mainline_merge_entry_e1_l1.xml,11525d09b86ea542046417b86051fb4a34455313a98055e7225bc04472abe5d0,19667,outputs/mainline_merge_entry_e1_l1.xml,hash_verified
RL17,/Users/yuhongzhang/Desktop/Masterarbeit-Ramp-Metering/artifacts/stage2_completion_20260909_v1/runtime_archive/RL17_attempt1/outputs/merge_downstream_e1_l0.xml,24b9329517e538ce663eb08e9191de3069a9445fc98f5af0b0a58f93150fc3d5,19356,outputs/merge_downstream_e1_l0.xml,hash_verified
RL17,/Users/yuhongzhang/Desktop/Masterarbeit-Ramp-Metering/artifacts/stage2_completion_20260909_v1/runtime_archive/RL17_attempt1/outputs/merge_downstream_e1_l1.xml,002a528a2c0ebac3c90ff8dbae441830999cb3b41cc0df4427890d57efe5c4f2,19320,outputs/merge_downstream_e1_l1.xml,hash_verified
RL17,/Users/yuhongzhang/Desktop/Masterarbeit-Ramp-Metering/artifacts/stage2_completion_20260909_v1/runtime_archive/RL17_attempt1/outputs/merge_upstream_e1_l0.xml,22ae891faf62cc0bc49111a4132cef14883365f3a9ad24cd99e34a583eb438ca,19170,outputs/merge_upstream_e1_l0.xml,hash_verified
RL17,/Users/yuhongzhang/Desktop/Masterarbeit-Ramp-Metering/artifacts/stage2_completion_20260909_v1/runtime_archive/RL17_attempt1/outputs/merge_upstream_e1_l1.xml,714c2f96a3b8c3f7efedeec517f02ebf8d4bc0110fa20571847071d5e0588e16,19154,outputs/merge_upstream_e1_l1.xml,hash_verified
RL17,/Users/yuhongzhang/Desktop/Masterarbeit-Ramp-Metering/artifacts/stage2_completion_20260909_v1/runtime_archive/RL17_attempt1/outputs/queues.xml,47c807318a1ed05b0c79397d3506c18778ea427156d266a83db1031bc4b74fe4,1166582,outputs/queues.xml,hash_verified
RL17,/Users/yuhongzhang/Desktop/Masterarbeit-Ramp-Metering/artifacts/stage2_completion_20260909_v1/runtime_archive/RL17_attempt1/outputs/ramp_storage_e2.xml,4e1719f163f7d2dc02aa052a8c44bd14fac7ba433dd58bb7f66c416c1b1f7c18,60267,outputs/ramp_storage_e2.xml,hash_verified
RL17,/Users/yuhongzhang/Desktop/Masterarbeit-Ramp-Metering/artifacts/stage2_completion_20260909_v1/runtime_archive/RL17_attempt1/outputs/shared_boundary_e2.xml,8a8097144d34bfe7d3d98768645903291755ded2495af46a73db024846cb20b5,60192,outputs/shared_boundary_e2.xml,hash_verified
RL17,/Users/yuhongzhang/Desktop/Masterarbeit-Ramp-Metering/artifacts/stage2_completion_20260909_v1/runtime_archive/RL17_attempt1/outputs/sumo.log,59da7da2bf937e9197e490a676fae9de7d61a752ff10bf3376ea1427ffc1ba1e,586,outputs/sumo.log,hash_verified
RL17,/Users/yuhongzhang/Desktop/Masterarbeit-Ramp-Metering/artifacts/stage2_completion_20260909_v1/runtime_archive/RL17_attempt1/outputs/sumo.stderr.log,e3b0c44298fc1c149afbf4c8996fb92427ae41e4649b934ca495991b7852b855,0,outputs/sumo.stderr.log,hash_verified
RL17,/Users/yuhongzhang/Desktop/Masterarbeit-Ramp-Metering/artifacts/stage2_completion_20260909_v1/runtime_archive/RL17_attempt1/outputs/sumo.stdout.log,e3b0c44298fc1c149afbf4c8996fb92427ae41e4649b934ca495991b7852b855,0,outputs/sumo.stdout.log,hash_verified
RL17,/Users/yuhongzhang/Desktop/Masterarbeit-Ramp-Metering/artifacts/stage2_completion_20260909_v1/runtime_archive/RL17_attempt1/outputs/sumo_error.log,e3b0c44298fc1c149afbf4c8996fb92427ae41e4649b934ca495991b7852b855,0,outputs/sumo_error.log,hash_verified
RL17,/Users/yuhongzhang/Desktop/Masterarbeit-Ramp-Metering/artifacts/stage2_completion_20260909_v1/runtime_archive/RL17_attempt1/outputs/sumo_summary.xml,411b5d1a89fbfc47202fe728bbe870c4d0b7a6ef13882da0a3a513c509bbd8ba,752625,outputs/sumo_summary.xml,hash_verified
RL17,/Users/yuhongzhang/Desktop/Masterarbeit-Ramp-Metering/artifacts/stage2_completion_20260909_v1/runtime_archive/RL17_attempt1/outputs/tls_states.xml,0eb65433036eab1cdf4694027f7571c4635d1a594f07477bd8b246757077f562,273691,outputs/tls_states.xml,hash_verified
RL17,/Users/yuhongzhang/Desktop/Masterarbeit-Ramp-Metering/artifacts/stage2_completion_20260909_v1/runtime_archive/RL17_attempt1/outputs/tripinfo.xml,2f901e13c11aaef8aa3e42e6859e59263e580fd32cb43dc4e9480553cf042b19,788393,outputs/tripinfo.xml,hash_verified
RL17,/Users/yuhongzhang/Desktop/Masterarbeit-Ramp-Metering/artifacts/stage2_completion_20260909_v1/runtime_archive/RL17_attempt1/outputs/vehroute.xml,626a73dbfa77f2c1cc607a0a9e009a340e0d177d8dbe9cd6b351ce1792e6da1a,401636,outputs/vehroute.xml,hash_verified
RL17,/Users/yuhongzhang/Desktop/Masterarbeit-Ramp-Metering/artifacts/stage2_completion_20260909_v1/runtime_archive/RL17_attempt1/scenario.add.xml,8467d184fbd78aa8a2a116250fdc9ee11e33746dfb332a25619e5bc159b0080a,1784,scenario.add.xml,hash_verified
RL17,/Users/yuhongzhang/Desktop/Masterarbeit-Ramp-Metering/artifacts/stage2_completion_20260909_v1/runtime_archive/RL17_attempt1/scenario.con.xml,d154948200c9b4d9a3d54bf04647357daaff0e6a19293f19fcef457ee4ae4ea5,826,scenario.con.xml,hash_verified
RL17,/Users/yuhongzhang/Desktop/Masterarbeit-Ramp-Metering/artifacts/stage2_completion_20260909_v1/runtime_archive/RL17_attempt1/scenario.edg.xml,d6c7d6df0b8a5afc60a8bfedd796b9d14baa56ec44cf322e3129f976396cff53,1271,scenario.edg.xml,hash_verified
RL17,/Users/yuhongzhang/Desktop/Masterarbeit-Ramp-Metering/artifacts/stage2_completion_20260909_v1/runtime_archive/RL17_attempt1/scenario.nod.xml,b1577412ba28470abe3270913833a4053ca6be174f2eede55de77aa5b8a2c923,882,scenario.nod.xml,hash_verified
RL17,/Users/yuhongzhang/Desktop/Masterarbeit-Ramp-Metering/artifacts/stage2_completion_20260909_v1/runtime_archive/RL17_attempt1/scenario.sumocfg,0e0f99a7af694e7f448efdb66837143100478da2151ae83ba3e1c6772a811db0,738,scenario.sumocfg,hash_verified
RL17,/Users/yuhongzhang/Desktop/Masterarbeit-Ramp-Metering/artifacts/stage2_completion_20260909_v1/runtime_archive/RL17_attempt1/scenario.tll.xml,89f25ab5020e4f2df2fc035233b038c89cc80cf748f6dca19b5584e829df3ecc,551,scenario.tll.xml,hash_verified
RL17,/Users/yuhongzhang/Desktop/Masterarbeit-Ramp-Metering/artifacts/stage2_completion_20260909_v1/runtime_archive/RL17_attempt1/summary.json,624f739c86200d138f495f919156ef3db13877ca9dc06d0943109be70f95e603,3300670,summary.json,hash_verified
RL23,/Users/yuhongzhang/Desktop/Masterarbeit-Ramp-Metering/artifacts/stage2_completion_20260909_v1/runtime_archive/RL23_attempt1/demand.rou.xml,8c65e758c6688f22a04af2cc2331b8938cc45a58fa97491db5aa77ee37ce5472,1114,demand.rou.xml,hash_verified
RL23,/Users/yuhongzhang/Desktop/Masterarbeit-Ramp-Metering/artifacts/stage2_completion_20260909_v1/runtime_archive/RL23_attempt1/netconvert.stderr.log,e3b0c44298fc1c149afbf4c8996fb92427ae41e4649b934ca495991b7852b855,0,netconvert.stderr.log,hash_verified
RL23,/Users/yuhongzhang/Desktop/Masterarbeit-Ramp-Metering/artifacts/stage2_completion_20260909_v1/runtime_archive/RL23_attempt1/netconvert.stdout.log,c5b6fd8211edd733614c0fcc956b64ff288d5876926ffe7291fcfa8bf3dbb887,9,netconvert.stdout.log,hash_verified
RL23,/Users/yuhongzhang/Desktop/Masterarbeit-Ramp-Metering/artifacts/stage2_completion_20260909_v1/runtime_archive/RL23_attempt1/network.net.xml,1ad11dc3af1c9d822d5ceafc55268d6d2f4e301dceea79172c98a7a9c233a6d4,9928,network.net.xml,hash_verified
RL23,/Users/yuhongzhang/Desktop/Masterarbeit-Ramp-Metering/artifacts/stage2_completion_20260909_v1/runtime_archive/RL23_attempt1/outputs/fcd.xml,39ef7fe893ccd9a658245c6f8b6ae16e5d5d95932f16641c1f17364e7ef8bb3f,28588822,outputs/fcd.xml,hash_verified
RL23,/Users/yuhongzhang/Desktop/Masterarbeit-Ramp-Metering/artifacts/stage2_completion_20260909_v1/runtime_archive/RL23_attempt1/outputs/mainline_merge_entry_e1_l0.xml,cc0a4529c07d4b0a427a9ffa04de28f5c21985505b7ce248d275ae5ef4b1cf41,19683,outputs/mainline_merge_entry_e1_l0.xml,hash_verified
RL23,/Users/yuhongzhang/Desktop/Masterarbeit-Ramp-Metering/artifacts/stage2_completion_20260909_v1/runtime_archive/RL23_attempt1/outputs/mainline_merge_entry_e1_l1.xml,cc946951ed97a299e12df9f06be354da4250a13e3a1d16ea76417ca49912e912,19670,outputs/mainline_merge_entry_e1_l1.xml,hash_verified
RL23,/Users/yuhongzhang/Desktop/Masterarbeit-Ramp-Metering/artifacts/stage2_completion_20260909_v1/runtime_archive/RL23_attempt1/outputs/merge_downstream_e1_l0.xml,cbdfb87b506f2395f77766393a9f2d9952256b0d1f9fd9a1a35243bf0c3914d9,19359,outputs/merge_downstream_e1_l0.xml,hash_verified
RL23,/Users/yuhongzhang/Desktop/Masterarbeit-Ramp-Metering/artifacts/stage2_completion_20260909_v1/runtime_archive/RL23_attempt1/outputs/merge_downstream_e1_l1.xml,2d533932ebfbe3f607d850038906db25ab8da23d6e5189c1a97aa79bc1b0be74,19315,outputs/merge_downstream_e1_l1.xml,hash_verified
RL23,/Users/yuhongzhang/Desktop/Masterarbeit-Ramp-Metering/artifacts/stage2_completion_20260909_v1/runtime_archive/RL23_attempt1/outputs/merge_upstream_e1_l0.xml,6d3689123420ec697dc6c574a273a8c86723a3e0fb08099b95a1ba3e07b0202e,19175,outputs/merge_upstream_e1_l0.xml,hash_verified
RL23,/Users/yuhongzhang/Desktop/Masterarbeit-Ramp-Metering/artifacts/stage2_completion_20260909_v1/runtime_archive/RL23_attempt1/outputs/merge_upstream_e1_l1.xml,2db3a32ff0e032a74f068e8855c1735e191eb0365048af4c1ef440b4926e3766,19158,outputs/merge_upstream_e1_l1.xml,hash_verified
RL23,/Users/yuhongzhang/Desktop/Masterarbeit-Ramp-Metering/artifacts/stage2_completion_20260909_v1/runtime_archive/RL23_attempt1/outputs/queues.xml,11b1e2c9a749119474d741cfcf3032c4b357d1e076fff8d68f9c63ee197ff7f2,1188267,outputs/queues.xml,hash_verified
RL23,/Users/yuhongzhang/Desktop/Masterarbeit-Ramp-Metering/artifacts/stage2_completion_20260909_v1/runtime_archive/RL23_attempt1/outputs/ramp_storage_e2.xml,17b6724c9020d54fba5fd4deae0b653bef68a1ac5b4ddcaa8de5be11367495aa,60271,outputs/ramp_storage_e2.xml,hash_verified
RL23,/Users/yuhongzhang/Desktop/Masterarbeit-Ramp-Metering/artifacts/stage2_completion_20260909_v1/runtime_archive/RL23_attempt1/outputs/shared_boundary_e2.xml,391a6e6a2af363b4c29c8006105eeaa433d4edff9c2e1cf0e3ecf035bdab8e15,60192,outputs/shared_boundary_e2.xml,hash_verified
RL23,/Users/yuhongzhang/Desktop/Masterarbeit-Ramp-Metering/artifacts/stage2_completion_20260909_v1/runtime_archive/RL23_attempt1/outputs/sumo.log,ad63c6f688bbc9b92cab5be2f10c98872ba31f546935e8d9c659ebb763e20494,586,outputs/sumo.log,hash_verified
RL23,/Users/yuhongzhang/Desktop/Masterarbeit-Ramp-Metering/artifacts/stage2_completion_20260909_v1/runtime_archive/RL23_attempt1/outputs/sumo.stderr.log,e3b0c44298fc1c149afbf4c8996fb92427ae41e4649b934ca495991b7852b855,0,outputs/sumo.stderr.log,hash_verified
RL23,/Users/yuhongzhang/Desktop/Masterarbeit-Ramp-Metering/artifacts/stage2_completion_20260909_v1/runtime_archive/RL23_attempt1/outputs/sumo.stdout.log,e3b0c44298fc1c149afbf4c8996fb92427ae41e4649b934ca495991b7852b855,0,outputs/sumo.stdout.log,hash_verified
RL23,/Users/yuhongzhang/Desktop/Masterarbeit-Ramp-Metering/artifacts/stage2_completion_20260909_v1/runtime_archive/RL23_attempt1/outputs/sumo_error.log,e3b0c44298fc1c149afbf4c8996fb92427ae41e4649b934ca495991b7852b855,0,outputs/sumo_error.log,hash_verified
RL23,/Users/yuhongzhang/Desktop/Masterarbeit-Ramp-Metering/artifacts/stage2_completion_20260909_v1/runtime_archive/RL23_attempt1/outputs/sumo_summary.xml,9a5d82515784714a4305479e2e6d68db5491a6e32328c29ce6167fcf8e5e5152,752497,outputs/sumo_summary.xml,hash_verified
RL23,/Users/yuhongzhang/Desktop/Masterarbeit-Ramp-Metering/artifacts/stage2_completion_20260909_v1/runtime_archive/RL23_attempt1/outputs/tls_states.xml,d37484cc7bd8406af3e384a1945b95335de3a4b7915505e12dc2be4bf60914dc,273691,outputs/tls_states.xml,hash_verified
RL23,/Users/yuhongzhang/Desktop/Masterarbeit-Ramp-Metering/artifacts/stage2_completion_20260909_v1/runtime_archive/RL23_attempt1/outputs/tripinfo.xml,2acaf731bf9bfd756725d7d292248b31fbcc1c2e2f96e360c4532254bcac8427,788319,outputs/tripinfo.xml,hash_verified
RL23,/Users/yuhongzhang/Desktop/Masterarbeit-Ramp-Metering/artifacts/stage2_completion_20260909_v1/runtime_archive/RL23_attempt1/outputs/vehroute.xml,91475ddc1598e22a3a674ef079ec1bf5d31aafae6806da3ce81054119582171c,401621,outputs/vehroute.xml,hash_verified
RL23,/Users/yuhongzhang/Desktop/Masterarbeit-Ramp-Metering/artifacts/stage2_completion_20260909_v1/runtime_archive/RL23_attempt1/scenario.add.xml,edb5b457c50f1fa218e27ec16637670536fa8d8fdc7d623690a7479bbfe989d1,1784,scenario.add.xml,hash_verified
RL23,/Users/yuhongzhang/Desktop/Masterarbeit-Ramp-Metering/artifacts/stage2_completion_20260909_v1/runtime_archive/RL23_attempt1/scenario.con.xml,d154948200c9b4d9a3d54bf04647357daaff0e6a19293f19fcef457ee4ae4ea5,826,scenario.con.xml,hash_verified
RL23,/Users/yuhongzhang/Desktop/Masterarbeit-Ramp-Metering/artifacts/stage2_completion_20260909_v1/runtime_archive/RL23_attempt1/scenario.edg.xml,d6c7d6df0b8a5afc60a8bfedd796b9d14baa56ec44cf322e3129f976396cff53,1271,scenario.edg.xml,hash_verified
RL23,/Users/yuhongzhang/Desktop/Masterarbeit-Ramp-Metering/artifacts/stage2_completion_20260909_v1/runtime_archive/RL23_attempt1/scenario.nod.xml,b1577412ba28470abe3270913833a4053ca6be174f2eede55de77aa5b8a2c923,882,scenario.nod.xml,hash_verified
RL23,/Users/yuhongzhang/Desktop/Masterarbeit-Ramp-Metering/artifacts/stage2_completion_20260909_v1/runtime_archive/RL23_attempt1/scenario.sumocfg,0e0f99a7af694e7f448efdb66837143100478da2151ae83ba3e1c6772a811db0,738,scenario.sumocfg,hash_verified
RL23,/Users/yuhongzhang/Desktop/Masterarbeit-Ramp-Metering/artifacts/stage2_completion_20260909_v1/runtime_archive/RL23_attempt1/scenario.tll.xml,89f25ab5020e4f2df2fc035233b038c89cc80cf748f6dca19b5584e829df3ecc,551,scenario.tll.xml,hash_verified
RL23,/Users/yuhongzhang/Desktop/Masterarbeit-Ramp-Metering/artifacts/stage2_completion_20260909_v1/runtime_archive/RL23_attempt1/summary.json,35e3623c3ece5a686580ec878817b1cb632a2274791ffacd2e535986743c1a60,3321773,summary.json,hash_verified
QM3500S17,/Users/yuhongzhang/Desktop/Masterarbeit-Ramp-Metering/artifacts/stage4_qmain_sequential_20260912_v1/runtime_archive/QM3500S17_attempt1/demand.rou.xml,e0af2927b4f2d51eee46feb7758be6e6961527d24cfedb213a788d2b42a9ad3b,1114,demand.rou.xml,hash_verified
QM3500S17,/Users/yuhongzhang/Desktop/Masterarbeit-Ramp-Metering/artifacts/stage4_qmain_sequential_20260912_v1/runtime_archive/QM3500S17_attempt1/netconvert.stderr.log,e3b0c44298fc1c149afbf4c8996fb92427ae41e4649b934ca495991b7852b855,0,netconvert.stderr.log,hash_verified
QM3500S17,/Users/yuhongzhang/Desktop/Masterarbeit-Ramp-Metering/artifacts/stage4_qmain_sequential_20260912_v1/runtime_archive/QM3500S17_attempt1/netconvert.stdout.log,c5b6fd8211edd733614c0fcc956b64ff288d5876926ffe7291fcfa8bf3dbb887,9,netconvert.stdout.log,hash_verified
QM3500S17,/Users/yuhongzhang/Desktop/Masterarbeit-Ramp-Metering/artifacts/stage4_qmain_sequential_20260912_v1/runtime_archive/QM3500S17_attempt1/network.net.xml,75e86d7c472bd805914c0d5fc4f98f1f2971479a2e90b3ce21d8c78ae5f21377,9928,network.net.xml,hash_verified
QM3500S17,/Users/yuhongzhang/Desktop/Masterarbeit-Ramp-Metering/artifacts/stage4_qmain_sequential_20260912_v1/runtime_archive/QM3500S17_attempt1/outputs/fcd.xml,24321b23894ab7360e263414c112c59c885c150408931447ddcefb7c73c7b5b6,44871735,outputs/fcd.xml,hash_verified
QM3500S17,/Users/yuhongzhang/Desktop/Masterarbeit-Ramp-Metering/artifacts/stage4_qmain_sequential_20260912_v1/runtime_archive/QM3500S17_attempt1/outputs/mainline_merge_entry_e1_l0.xml,1570bf8fba6dc4ef9f2fdc94c9dae042d4739799cda72d6503a58acfae7f4185,19683,outputs/mainline_merge_entry_e1_l0.xml,hash_verified
QM3500S17,/Users/yuhongzhang/Desktop/Masterarbeit-Ramp-Metering/artifacts/stage4_qmain_sequential_20260912_v1/runtime_archive/QM3500S17_attempt1/outputs/mainline_merge_entry_e1_l1.xml,d849acf4e6219e43293aeaf977176de6816365c25a1096d5afcac4dfa703b3c6,19679,outputs/mainline_merge_entry_e1_l1.xml,hash_verified
QM3500S17,/Users/yuhongzhang/Desktop/Masterarbeit-Ramp-Metering/artifacts/stage4_qmain_sequential_20260912_v1/runtime_archive/QM3500S17_attempt1/outputs/merge_downstream_e1_l0.xml,4cc1d3a41fec66b374892888ac3633ca48fcd4aae7fe1ae21637dc928a3911d6,19389,outputs/merge_downstream_e1_l0.xml,hash_verified
QM3500S17,/Users/yuhongzhang/Desktop/Masterarbeit-Ramp-Metering/artifacts/stage4_qmain_sequential_20260912_v1/runtime_archive/QM3500S17_attempt1/outputs/merge_downstream_e1_l1.xml,da8593a9f1499c6ccaccc81afd999a311acf9327167335b17eb7b3a39681a02f,19332,outputs/merge_downstream_e1_l1.xml,hash_verified
QM3500S17,/Users/yuhongzhang/Desktop/Masterarbeit-Ramp-Metering/artifacts/stage4_qmain_sequential_20260912_v1/runtime_archive/QM3500S17_attempt1/outputs/merge_upstream_e1_l0.xml,9e3c624a1591582cee5dac2d62accca39ea824fe4fdae0c9659e5d24f9885fb9,19174,outputs/merge_upstream_e1_l0.xml,hash_verified
QM3500S17,/Users/yuhongzhang/Desktop/Masterarbeit-Ramp-Metering/artifacts/stage4_qmain_sequential_20260912_v1/runtime_archive/QM3500S17_attempt1/outputs/merge_upstream_e1_l1.xml,e70b5d3692613bb94e5ea8cabb858882ed14d72424d5afe737bcdecdd222b05f,19156,outputs/merge_upstream_e1_l1.xml,hash_verified
QM3500S17,/Users/yuhongzhang/Desktop/Masterarbeit-Ramp-Metering/artifacts/stage4_qmain_sequential_20260912_v1/runtime_archive/QM3500S17_attempt1/outputs/queues.xml,4055f830f819e77c9550778987abb38adee9ef73fe96aade8001407fa8e532bc,1452736,outputs/queues.xml,hash_verified
QM3500S17,/Users/yuhongzhang/Desktop/Masterarbeit-Ramp-Metering/artifacts/stage4_qmain_sequential_20260912_v1/runtime_archive/QM3500S17_attempt1/outputs/ramp_storage_e2.xml,9332dbb8e8e2dc587518a22de9f0346db18dc2edaf48d3fa289b41f9ee7c9a81,60548,outputs/ramp_storage_e2.xml,hash_verified
QM3500S17,/Users/yuhongzhang/Desktop/Masterarbeit-Ramp-Metering/artifacts/stage4_qmain_sequential_20260912_v1/runtime_archive/QM3500S17_attempt1/outputs/shared_boundary_e2.xml,ef466946c86e3770c901234c9cd72acb09127255038fc16ff4da5e6342dc9dbe,60831,outputs/shared_boundary_e2.xml,hash_verified
QM3500S17,/Users/yuhongzhang/Desktop/Masterarbeit-Ramp-Metering/artifacts/stage4_qmain_sequential_20260912_v1/runtime_archive/QM3500S17_attempt1/outputs/sumo.log,4b790894108c9d811fae04cb50845f304f95c1a5f232f84a323a39485845bd80,586,outputs/sumo.log,hash_verified
QM3500S17,/Users/yuhongzhang/Desktop/Masterarbeit-Ramp-Metering/artifacts/stage4_qmain_sequential_20260912_v1/runtime_archive/QM3500S17_attempt1/outputs/sumo.stderr.log,e3b0c44298fc1c149afbf4c8996fb92427ae41e4649b934ca495991b7852b855,0,outputs/sumo.stderr.log,hash_verified
QM3500S17,/Users/yuhongzhang/Desktop/Masterarbeit-Ramp-Metering/artifacts/stage4_qmain_sequential_20260912_v1/runtime_archive/QM3500S17_attempt1/outputs/sumo.stdout.log,e3b0c44298fc1c149afbf4c8996fb92427ae41e4649b934ca495991b7852b855,0,outputs/sumo.stdout.log,hash_verified
QM3500S17,/Users/yuhongzhang/Desktop/Masterarbeit-Ramp-Metering/artifacts/stage4_qmain_sequential_20260912_v1/runtime_archive/QM3500S17_attempt1/outputs/sumo_error.log,e3b0c44298fc1c149afbf4c8996fb92427ae41e4649b934ca495991b7852b855,0,outputs/sumo_error.log,hash_verified
QM3500S17,/Users/yuhongzhang/Desktop/Masterarbeit-Ramp-Metering/artifacts/stage4_qmain_sequential_20260912_v1/runtime_archive/QM3500S17_attempt1/outputs/sumo_summary.xml,6c9215f35dbe77f8440bcae7da6a6c407417ae6c66f9ed3e927394ff753c9eb4,758054,outputs/sumo_summary.xml,hash_verified
QM3500S17,/Users/yuhongzhang/Desktop/Masterarbeit-Ramp-Metering/artifacts/stage4_qmain_sequential_20260912_v1/runtime_archive/QM3500S17_attempt1/outputs/tls_states.xml,fd29f5ba07e6cde941c9744a1d3172ae07e6840632599cb379371a17948b246a,273691,outputs/tls_states.xml,hash_verified
QM3500S17,/Users/yuhongzhang/Desktop/Masterarbeit-Ramp-Metering/artifacts/stage4_qmain_sequential_20260912_v1/runtime_archive/QM3500S17_attempt1/outputs/tripinfo.xml,9466d741551d45951852c00224f0fa844afa6784fd9bba498bf196df42219cdb,916370,outputs/tripinfo.xml,hash_verified
QM3500S17,/Users/yuhongzhang/Desktop/Masterarbeit-Ramp-Metering/artifacts/stage4_qmain_sequential_20260912_v1/runtime_archive/QM3500S17_attempt1/outputs/vehroute.xml,d4b0b50501df0f0bed2e69ba0db1dd6481a8cf81c11afbcf54fad417e0c9de88,470416,outputs/vehroute.xml,hash_verified
QM3500S17,/Users/yuhongzhang/Desktop/Masterarbeit-Ramp-Metering/artifacts/stage4_qmain_sequential_20260912_v1/runtime_archive/QM3500S17_attempt1/scenario.add.xml,f64ef4f21ce55c5a711dea1aa66b59058cf54480c548f69668f146e10eb272db,1784,scenario.add.xml,hash_verified
QM3500S17,/Users/yuhongzhang/Desktop/Masterarbeit-Ramp-Metering/artifacts/stage4_qmain_sequential_20260912_v1/runtime_archive/QM3500S17_attempt1/scenario.con.xml,d154948200c9b4d9a3d54bf04647357daaff0e6a19293f19fcef457ee4ae4ea5,826,scenario.con.xml,hash_verified
QM3500S17,/Users/yuhongzhang/Desktop/Masterarbeit-Ramp-Metering/artifacts/stage4_qmain_sequential_20260912_v1/runtime_archive/QM3500S17_attempt1/scenario.edg.xml,d6c7d6df0b8a5afc60a8bfedd796b9d14baa56ec44cf322e3129f976396cff53,1271,scenario.edg.xml,hash_verified
QM3500S17,/Users/yuhongzhang/Desktop/Masterarbeit-Ramp-Metering/artifacts/stage4_qmain_sequential_20260912_v1/runtime_archive/QM3500S17_attempt1/scenario.nod.xml,b1577412ba28470abe3270913833a4053ca6be174f2eede55de77aa5b8a2c923,882,scenario.nod.xml,hash_verified
QM3500S17,/Users/yuhongzhang/Desktop/Masterarbeit-Ramp-Metering/artifacts/stage4_qmain_sequential_20260912_v1/runtime_archive/QM3500S17_attempt1/scenario.sumocfg,0e0f99a7af694e7f448efdb66837143100478da2151ae83ba3e1c6772a811db0,738,scenario.sumocfg,hash_verified
QM3500S17,/Users/yuhongzhang/Desktop/Masterarbeit-Ramp-Metering/artifacts/stage4_qmain_sequential_20260912_v1/runtime_archive/QM3500S17_attempt1/scenario.tll.xml,89f25ab5020e4f2df2fc035233b038c89cc80cf748f6dca19b5584e829df3ecc,551,scenario.tll.xml,hash_verified
QM3500S17,/Users/yuhongzhang/Desktop/Masterarbeit-Ramp-Metering/artifacts/stage4_qmain_sequential_20260912_v1/runtime_archive/QM3500S17_attempt1/summary.json,3e5ae6089fc7f881a3a3b994866653a231987b7cff247917568e5b25179b38f3,3939472,summary.json,hash_verified
QM3500S23,/Users/yuhongzhang/Desktop/Masterarbeit-Ramp-Metering/artifacts/stage4_qmain_sequential_20260912_v1/runtime_archive/QM3500S23_attempt1/demand.rou.xml,e0af2927b4f2d51eee46feb7758be6e6961527d24cfedb213a788d2b42a9ad3b,1114,demand.rou.xml,hash_verified
QM3500S23,/Users/yuhongzhang/Desktop/Masterarbeit-Ramp-Metering/artifacts/stage4_qmain_sequential_20260912_v1/runtime_archive/QM3500S23_attempt1/netconvert.stderr.log,e3b0c44298fc1c149afbf4c8996fb92427ae41e4649b934ca495991b7852b855,0,netconvert.stderr.log,hash_verified
QM3500S23,/Users/yuhongzhang/Desktop/Masterarbeit-Ramp-Metering/artifacts/stage4_qmain_sequential_20260912_v1/runtime_archive/QM3500S23_attempt1/netconvert.stdout.log,c5b6fd8211edd733614c0fcc956b64ff288d5876926ffe7291fcfa8bf3dbb887,9,netconvert.stdout.log,hash_verified
QM3500S23,/Users/yuhongzhang/Desktop/Masterarbeit-Ramp-Metering/artifacts/stage4_qmain_sequential_20260912_v1/runtime_archive/QM3500S23_attempt1/network.net.xml,2256167dba538b797f69d6d1b2cbd915624893ef998aaa66fced5f5a1e68e997,9928,network.net.xml,hash_verified
QM3500S23,/Users/yuhongzhang/Desktop/Masterarbeit-Ramp-Metering/artifacts/stage4_qmain_sequential_20260912_v1/runtime_archive/QM3500S23_attempt1/outputs/fcd.xml,8c6880f2ddf4680763548f7d66f2441489b49b487c79695c7bab9e714a597480,45024906,outputs/fcd.xml,hash_verified
QM3500S23,/Users/yuhongzhang/Desktop/Masterarbeit-Ramp-Metering/artifacts/stage4_qmain_sequential_20260912_v1/runtime_archive/QM3500S23_attempt1/outputs/mainline_merge_entry_e1_l0.xml,05967cdbbb796c45bf4857308c699206fa4ccd431ee73bd3464739d7d6c7e3bd,19694,outputs/mainline_merge_entry_e1_l0.xml,hash_verified
QM3500S23,/Users/yuhongzhang/Desktop/Masterarbeit-Ramp-Metering/artifacts/stage4_qmain_sequential_20260912_v1/runtime_archive/QM3500S23_attempt1/outputs/mainline_merge_entry_e1_l1.xml,cd468cb61998517c699db05266b15e24dbd4fbf39a440e32ae079218e970817f,19676,outputs/mainline_merge_entry_e1_l1.xml,hash_verified
QM3500S23,/Users/yuhongzhang/Desktop/Masterarbeit-Ramp-Metering/artifacts/stage4_qmain_sequential_20260912_v1/runtime_archive/QM3500S23_attempt1/outputs/merge_downstream_e1_l0.xml,cae6ea81e121f4ffb1a6aedb94093c786f3aefad5544f18feee722dc84b98a7e,19394,outputs/merge_downstream_e1_l0.xml,hash_verified
QM3500S23,/Users/yuhongzhang/Desktop/Masterarbeit-Ramp-Metering/artifacts/stage4_qmain_sequential_20260912_v1/runtime_archive/QM3500S23_attempt1/outputs/merge_downstream_e1_l1.xml,528243fe74eeb77e10839339a67ad07a989f117d5cf05424b58bf6439607cc0e,19332,outputs/merge_downstream_e1_l1.xml,hash_verified
QM3500S23,/Users/yuhongzhang/Desktop/Masterarbeit-Ramp-Metering/artifacts/stage4_qmain_sequential_20260912_v1/runtime_archive/QM3500S23_attempt1/outputs/merge_upstream_e1_l0.xml,8b4cb128beb33c54c2728f04f77fcc2bc1395457c4365a18ae6bb753ce7bb849,19176,outputs/merge_upstream_e1_l0.xml,hash_verified
QM3500S23,/Users/yuhongzhang/Desktop/Masterarbeit-Ramp-Metering/artifacts/stage4_qmain_sequential_20260912_v1/runtime_archive/QM3500S23_attempt1/outputs/merge_upstream_e1_l1.xml,82d5d21bf124a13991df0462738f63caa0baff4b7e331cd003c99b560598eb74,19149,outputs/merge_upstream_e1_l1.xml,hash_verified
QM3500S23,/Users/yuhongzhang/Desktop/Masterarbeit-Ramp-Metering/artifacts/stage4_qmain_sequential_20260912_v1/runtime_archive/QM3500S23_attempt1/outputs/queues.xml,ed8d2470ad0ad6582edccf1662bef11ab180ecad1faf9b6b2d2436b787d901b6,1457367,outputs/queues.xml,hash_verified
QM3500S23,/Users/yuhongzhang/Desktop/Masterarbeit-Ramp-Metering/artifacts/stage4_qmain_sequential_20260912_v1/runtime_archive/QM3500S23_attempt1/outputs/ramp_storage_e2.xml,ca90d6576528eccef87099424c4a4bd80a593018329db0524b4236da0b77ba66,60542,outputs/ramp_storage_e2.xml,hash_verified
QM3500S23,/Users/yuhongzhang/Desktop/Masterarbeit-Ramp-Metering/artifacts/stage4_qmain_sequential_20260912_v1/runtime_archive/QM3500S23_attempt1/outputs/shared_boundary_e2.xml,ea5f099d6508b83982ec5978c216285debd13a7f7d2a6c737d9a18128620bd60,60846,outputs/shared_boundary_e2.xml,hash_verified
QM3500S23,/Users/yuhongzhang/Desktop/Masterarbeit-Ramp-Metering/artifacts/stage4_qmain_sequential_20260912_v1/runtime_archive/QM3500S23_attempt1/outputs/sumo.log,f829c7baa28cec6a3c6981b3657ea82f27c04dfdbfb68263e2b2c44848c6cd46,586,outputs/sumo.log,hash_verified
QM3500S23,/Users/yuhongzhang/Desktop/Masterarbeit-Ramp-Metering/artifacts/stage4_qmain_sequential_20260912_v1/runtime_archive/QM3500S23_attempt1/outputs/sumo.stderr.log,e3b0c44298fc1c149afbf4c8996fb92427ae41e4649b934ca495991b7852b855,0,outputs/sumo.stderr.log,hash_verified
QM3500S23,/Users/yuhongzhang/Desktop/Masterarbeit-Ramp-Metering/artifacts/stage4_qmain_sequential_20260912_v1/runtime_archive/QM3500S23_attempt1/outputs/sumo.stdout.log,e3b0c44298fc1c149afbf4c8996fb92427ae41e4649b934ca495991b7852b855,0,outputs/sumo.stdout.log,hash_verified
QM3500S23,/Users/yuhongzhang/Desktop/Masterarbeit-Ramp-Metering/artifacts/stage4_qmain_sequential_20260912_v1/runtime_archive/QM3500S23_attempt1/outputs/sumo_error.log,e3b0c44298fc1c149afbf4c8996fb92427ae41e4649b934ca495991b7852b855,0,outputs/sumo_error.log,hash_verified
QM3500S23,/Users/yuhongzhang/Desktop/Masterarbeit-Ramp-Metering/artifacts/stage4_qmain_sequential_20260912_v1/runtime_archive/QM3500S23_attempt1/outputs/sumo_summary.xml,dc4739f5efacdb8cc1dc69da2cb279ab62590aa31171563415c8f7aa4730bb2a,758190,outputs/sumo_summary.xml,hash_verified
QM3500S23,/Users/yuhongzhang/Desktop/Masterarbeit-Ramp-Metering/artifacts/stage4_qmain_sequential_20260912_v1/runtime_archive/QM3500S23_attempt1/outputs/tls_states.xml,39137b061e9f183b2a823d1a704e465a16f6f6b1318b363893214b360c3bf4a7,273691,outputs/tls_states.xml,hash_verified
QM3500S23,/Users/yuhongzhang/Desktop/Masterarbeit-Ramp-Metering/artifacts/stage4_qmain_sequential_20260912_v1/runtime_archive/QM3500S23_attempt1/outputs/tripinfo.xml,d8336b3e4503d7bbf00826565886af45ebba11d53d4b69a25ec2ec4401d68564,916401,outputs/tripinfo.xml,hash_verified
QM3500S23,/Users/yuhongzhang/Desktop/Masterarbeit-Ramp-Metering/artifacts/stage4_qmain_sequential_20260912_v1/runtime_archive/QM3500S23_attempt1/outputs/vehroute.xml,7c8b0b36a3fc1149a1807e19ca6ab3dfb9a27cf56a9565e7d78df7734c35e614,470385,outputs/vehroute.xml,hash_verified
QM3500S23,/Users/yuhongzhang/Desktop/Masterarbeit-Ramp-Metering/artifacts/stage4_qmain_sequential_20260912_v1/runtime_archive/QM3500S23_attempt1/scenario.add.xml,5d601d23a1ba75a44f97da231f977f3983cecc0f509f34f4f41c63781fb905db,1784,scenario.add.xml,hash_verified
QM3500S23,/Users/yuhongzhang/Desktop/Masterarbeit-Ramp-Metering/artifacts/stage4_qmain_sequential_20260912_v1/runtime_archive/QM3500S23_attempt1/scenario.con.xml,d154948200c9b4d9a3d54bf04647357daaff0e6a19293f19fcef457ee4ae4ea5,826,scenario.con.xml,hash_verified
QM3500S23,/Users/yuhongzhang/Desktop/Masterarbeit-Ramp-Metering/artifacts/stage4_qmain_sequential_20260912_v1/runtime_archive/QM3500S23_attempt1/scenario.edg.xml,d6c7d6df0b8a5afc60a8bfedd796b9d14baa56ec44cf322e3129f976396cff53,1271,scenario.edg.xml,hash_verified
QM3500S23,/Users/yuhongzhang/Desktop/Masterarbeit-Ramp-Metering/artifacts/stage4_qmain_sequential_20260912_v1/runtime_archive/QM3500S23_attempt1/scenario.nod.xml,b1577412ba28470abe3270913833a4053ca6be174f2eede55de77aa5b8a2c923,882,scenario.nod.xml,hash_verified
QM3500S23,/Users/yuhongzhang/Desktop/Masterarbeit-Ramp-Metering/artifacts/stage4_qmain_sequential_20260912_v1/runtime_archive/QM3500S23_attempt1/scenario.sumocfg,0e0f99a7af694e7f448efdb66837143100478da2151ae83ba3e1c6772a811db0,738,scenario.sumocfg,hash_verified
QM3500S23,/Users/yuhongzhang/Desktop/Masterarbeit-Ramp-Metering/artifacts/stage4_qmain_sequential_20260912_v1/runtime_archive/QM3500S23_attempt1/scenario.tll.xml,89f25ab5020e4f2df2fc035233b038c89cc80cf748f6dca19b5584e829df3ecc,551,scenario.tll.xml,hash_verified
QM3500S23,/Users/yuhongzhang/Desktop/Masterarbeit-Ramp-Metering/artifacts/stage4_qmain_sequential_20260912_v1/runtime_archive/QM3500S23_attempt1/summary.json,99ed4ba7f7c0bbd6dacfabbefcec986a53e795154338b681fe3fb50441b5966e,3948059,summary.json,hash_verified
QM3650S17,/Users/yuhongzhang/Desktop/Masterarbeit-Ramp-Metering/artifacts/stage4_qmain_sequential_20260912_v1/runtime_archive/QM3650S17_attempt1/demand.rou.xml,b21fe63bfaf575880ef9a5cdd48363091b4e02f76e5bf592c0c88bad2c7a3af0,1114,demand.rou.xml,hash_verified
QM3650S17,/Users/yuhongzhang/Desktop/Masterarbeit-Ramp-Metering/artifacts/stage4_qmain_sequential_20260912_v1/runtime_archive/QM3650S17_attempt1/netconvert.stderr.log,e3b0c44298fc1c149afbf4c8996fb92427ae41e4649b934ca495991b7852b855,0,netconvert.stderr.log,hash_verified
QM3650S17,/Users/yuhongzhang/Desktop/Masterarbeit-Ramp-Metering/artifacts/stage4_qmain_sequential_20260912_v1/runtime_archive/QM3650S17_attempt1/netconvert.stdout.log,c5b6fd8211edd733614c0fcc956b64ff288d5876926ffe7291fcfa8bf3dbb887,9,netconvert.stdout.log,hash_verified
QM3650S17,/Users/yuhongzhang/Desktop/Masterarbeit-Ramp-Metering/artifacts/stage4_qmain_sequential_20260912_v1/runtime_archive/QM3650S17_attempt1/network.net.xml,0b401b6ea44edd6770aab93f5f998fee97ae93b5c2d0d5cb674d598f593fcecc,9928,network.net.xml,hash_verified
QM3650S17,/Users/yuhongzhang/Desktop/Masterarbeit-Ramp-Metering/artifacts/stage4_qmain_sequential_20260912_v1/runtime_archive/QM3650S17_attempt1/outputs/fcd.xml,b43dce2c41d99a22a8c2f1972834431f78a79d40f4c125b0910689766681787d,46170667,outputs/fcd.xml,hash_verified
QM3650S17,/Users/yuhongzhang/Desktop/Masterarbeit-Ramp-Metering/artifacts/stage4_qmain_sequential_20260912_v1/runtime_archive/QM3650S17_attempt1/outputs/mainline_merge_entry_e1_l0.xml,973630211542249b169ac6def356e9674921b9a074ad6feebbca18823d130fb5,19694,outputs/mainline_merge_entry_e1_l0.xml,hash_verified
QM3650S17,/Users/yuhongzhang/Desktop/Masterarbeit-Ramp-Metering/artifacts/stage4_qmain_sequential_20260912_v1/runtime_archive/QM3650S17_attempt1/outputs/mainline_merge_entry_e1_l1.xml,44616f79619b3f7abbc4325cde3b847a02146b23bebeab0b2ae7535427aa295f,19681,outputs/mainline_merge_entry_e1_l1.xml,hash_verified
QM3650S17,/Users/yuhongzhang/Desktop/Masterarbeit-Ramp-Metering/artifacts/stage4_qmain_sequential_20260912_v1/runtime_archive/QM3650S17_attempt1/outputs/merge_downstream_e1_l0.xml,ccc37d6f3d067c736ebd914f851a793954f9831cbaec5b1ae6788b3888583e0c,19397,outputs/merge_downstream_e1_l0.xml,hash_verified
QM3650S17,/Users/yuhongzhang/Desktop/Masterarbeit-Ramp-Metering/artifacts/stage4_qmain_sequential_20260912_v1/runtime_archive/QM3650S17_attempt1/outputs/merge_downstream_e1_l1.xml,ea2224d8d5e83ea69eac553580d2e5f3c672cf2e3d186cf574146697c852fd8f,19325,outputs/merge_downstream_e1_l1.xml,hash_verified
QM3650S17,/Users/yuhongzhang/Desktop/Masterarbeit-Ramp-Metering/artifacts/stage4_qmain_sequential_20260912_v1/runtime_archive/QM3650S17_attempt1/outputs/merge_upstream_e1_l0.xml,d9fe4da8b836b4b873ef7c67af3514c67a964aea9af389bea4ce5751b0b950e4,19189,outputs/merge_upstream_e1_l0.xml,hash_verified
QM3650S17,/Users/yuhongzhang/Desktop/Masterarbeit-Ramp-Metering/artifacts/stage4_qmain_sequential_20260912_v1/runtime_archive/QM3650S17_attempt1/outputs/merge_upstream_e1_l1.xml,858dd837348f4cfa4476d2ebff5b08191318ed840373fb874c6e084b9a905745,19151,outputs/merge_upstream_e1_l1.xml,hash_verified
QM3650S17,/Users/yuhongzhang/Desktop/Masterarbeit-Ramp-Metering/artifacts/stage4_qmain_sequential_20260912_v1/runtime_archive/QM3650S17_attempt1/outputs/queues.xml,eb7c9b92fc5a8611852208dc3ec54bd7531eb1aa984cbda20edbba43368a3e1e,1459641,outputs/queues.xml,hash_verified
QM3650S17,/Users/yuhongzhang/Desktop/Masterarbeit-Ramp-Metering/artifacts/stage4_qmain_sequential_20260912_v1/runtime_archive/QM3650S17_attempt1/outputs/ramp_storage_e2.xml,3be49d19f80d163eb5399385aba15d58ed7aba838f1c9a699344d9d199c5a089,60583,outputs/ramp_storage_e2.xml,hash_verified
QM3650S17,/Users/yuhongzhang/Desktop/Masterarbeit-Ramp-Metering/artifacts/stage4_qmain_sequential_20260912_v1/runtime_archive/QM3650S17_attempt1/outputs/shared_boundary_e2.xml,c083c7c1311f71931cd84cade938c2c001318ada8eacb16b6975f06f66226b98,60905,outputs/shared_boundary_e2.xml,hash_verified
QM3650S17,/Users/yuhongzhang/Desktop/Masterarbeit-Ramp-Metering/artifacts/stage4_qmain_sequential_20260912_v1/runtime_archive/QM3650S17_attempt1/outputs/sumo.log,00fbf826bc5cbf5f636bf915717f59c48a616807ab76c01069d53d941a6825d0,586,outputs/sumo.log,hash_verified
QM3650S17,/Users/yuhongzhang/Desktop/Masterarbeit-Ramp-Metering/artifacts/stage4_qmain_sequential_20260912_v1/runtime_archive/QM3650S17_attempt1/outputs/sumo.stderr.log,e3b0c44298fc1c149afbf4c8996fb92427ae41e4649b934ca495991b7852b855,0,outputs/sumo.stderr.log,hash_verified
QM3650S17,/Users/yuhongzhang/Desktop/Masterarbeit-Ramp-Metering/artifacts/stage4_qmain_sequential_20260912_v1/runtime_archive/QM3650S17_attempt1/outputs/sumo.stdout.log,e3b0c44298fc1c149afbf4c8996fb92427ae41e4649b934ca495991b7852b855,0,outputs/sumo.stdout.log,hash_verified
QM3650S17,/Users/yuhongzhang/Desktop/Masterarbeit-Ramp-Metering/artifacts/stage4_qmain_sequential_20260912_v1/runtime_archive/QM3650S17_attempt1/outputs/sumo_error.log,e3b0c44298fc1c149afbf4c8996fb92427ae41e4649b934ca495991b7852b855,0,outputs/sumo_error.log,hash_verified
QM3650S17,/Users/yuhongzhang/Desktop/Masterarbeit-Ramp-Metering/artifacts/stage4_qmain_sequential_20260912_v1/runtime_archive/QM3650S17_attempt1/outputs/sumo_summary.xml,257f53402356d81fec5ddcde28f4fed53205c623dce0983139a845c21a489362,758502,outputs/sumo_summary.xml,hash_verified
QM3650S17,/Users/yuhongzhang/Desktop/Masterarbeit-Ramp-Metering/artifacts/stage4_qmain_sequential_20260912_v1/runtime_archive/QM3650S17_attempt1/outputs/tls_states.xml,7e466061f22d0ce7339d6b5122b98da5152a08a46506df0f54e22f00f27af29e,273691,outputs/tls_states.xml,hash_verified
QM3650S17,/Users/yuhongzhang/Desktop/Masterarbeit-Ramp-Metering/artifacts/stage4_qmain_sequential_20260912_v1/runtime_archive/QM3650S17_attempt1/outputs/tripinfo.xml,29fe36d962432759f05d505512b3ff77fad40899f5e7118fa4a66c4b174e168b,945623,outputs/tripinfo.xml,hash_verified
QM3650S17,/Users/yuhongzhang/Desktop/Masterarbeit-Ramp-Metering/artifacts/stage4_qmain_sequential_20260912_v1/runtime_archive/QM3650S17_attempt1/outputs/vehroute.xml,d4b8f671922064d6389732f86c431761f28ecc6b15015634262d1d6a79a4ae2f,484753,outputs/vehroute.xml,hash_verified
QM3650S17,/Users/yuhongzhang/Desktop/Masterarbeit-Ramp-Metering/artifacts/stage4_qmain_sequential_20260912_v1/runtime_archive/QM3650S17_attempt1/scenario.add.xml,c5f9df459b4afeb264d5709ef6f5adf3baf2d29b0132acfa90c21570881dcc2a,1784,scenario.add.xml,hash_verified
QM3650S17,/Users/yuhongzhang/Desktop/Masterarbeit-Ramp-Metering/artifacts/stage4_qmain_sequential_20260912_v1/runtime_archive/QM3650S17_attempt1/scenario.con.xml,d154948200c9b4d9a3d54bf04647357daaff0e6a19293f19fcef457ee4ae4ea5,826,scenario.con.xml,hash_verified
QM3650S17,/Users/yuhongzhang/Desktop/Masterarbeit-Ramp-Metering/artifacts/stage4_qmain_sequential_20260912_v1/runtime_archive/QM3650S17_attempt1/scenario.edg.xml,d6c7d6df0b8a5afc60a8bfedd796b9d14baa56ec44cf322e3129f976396cff53,1271,scenario.edg.xml,hash_verified
QM3650S17,/Users/yuhongzhang/Desktop/Masterarbeit-Ramp-Metering/artifacts/stage4_qmain_sequential_20260912_v1/runtime_archive/QM3650S17_attempt1/scenario.nod.xml,b1577412ba28470abe3270913833a4053ca6be174f2eede55de77aa5b8a2c923,882,scenario.nod.xml,hash_verified
QM3650S17,/Users/yuhongzhang/Desktop/Masterarbeit-Ramp-Metering/artifacts/stage4_qmain_sequential_20260912_v1/runtime_archive/QM3650S17_attempt1/scenario.sumocfg,0e0f99a7af694e7f448efdb66837143100478da2151ae83ba3e1c6772a811db0,738,scenario.sumocfg,hash_verified
QM3650S17,/Users/yuhongzhang/Desktop/Masterarbeit-Ramp-Metering/artifacts/stage4_qmain_sequential_20260912_v1/runtime_archive/QM3650S17_attempt1/scenario.tll.xml,89f25ab5020e4f2df2fc035233b038c89cc80cf748f6dca19b5584e829df3ecc,551,scenario.tll.xml,hash_verified
QM3650S17,/Users/yuhongzhang/Desktop/Masterarbeit-Ramp-Metering/artifacts/stage4_qmain_sequential_20260912_v1/runtime_archive/QM3650S17_attempt1/summary.json,87b3711a14d83b24ed5f5d763d92b0025fe54a152b67a4ac4803734b252e2e85,3943579,summary.json,hash_verified
QM3650S23,/Users/yuhongzhang/Desktop/Masterarbeit-Ramp-Metering/artifacts/stage4_qmain_sequential_20260912_v1/runtime_archive/QM3650S23_attempt1/demand.rou.xml,b21fe63bfaf575880ef9a5cdd48363091b4e02f76e5bf592c0c88bad2c7a3af0,1114,demand.rou.xml,hash_verified
QM3650S23,/Users/yuhongzhang/Desktop/Masterarbeit-Ramp-Metering/artifacts/stage4_qmain_sequential_20260912_v1/runtime_archive/QM3650S23_attempt1/netconvert.stderr.log,e3b0c44298fc1c149afbf4c8996fb92427ae41e4649b934ca495991b7852b855,0,netconvert.stderr.log,hash_verified
QM3650S23,/Users/yuhongzhang/Desktop/Masterarbeit-Ramp-Metering/artifacts/stage4_qmain_sequential_20260912_v1/runtime_archive/QM3650S23_attempt1/netconvert.stdout.log,c5b6fd8211edd733614c0fcc956b64ff288d5876926ffe7291fcfa8bf3dbb887,9,netconvert.stdout.log,hash_verified
QM3650S23,/Users/yuhongzhang/Desktop/Masterarbeit-Ramp-Metering/artifacts/stage4_qmain_sequential_20260912_v1/runtime_archive/QM3650S23_attempt1/network.net.xml,8c11bc959f33e3d422f93823b1cca0d2687f2a68fdcd295ca07c3f200854cb4f,9928,network.net.xml,hash_verified
QM3650S23,/Users/yuhongzhang/Desktop/Masterarbeit-Ramp-Metering/artifacts/stage4_qmain_sequential_20260912_v1/runtime_archive/QM3650S23_attempt1/outputs/fcd.xml,c843bc461776032f4316747437fcfcd73cb061f3aad5e22c972282b9bb54be73,45900453,outputs/fcd.xml,hash_verified
QM3650S23,/Users/yuhongzhang/Desktop/Masterarbeit-Ramp-Metering/artifacts/stage4_qmain_sequential_20260912_v1/runtime_archive/QM3650S23_attempt1/outputs/mainline_merge_entry_e1_l0.xml,a32210f32b3c0aa12e6a69b94f8511d52091b036784c23af48c5c7e6649c5684,19693,outputs/mainline_merge_entry_e1_l0.xml,hash_verified
QM3650S23,/Users/yuhongzhang/Desktop/Masterarbeit-Ramp-Metering/artifacts/stage4_qmain_sequential_20260912_v1/runtime_archive/QM3650S23_attempt1/outputs/mainline_merge_entry_e1_l1.xml,54d0c18e4936c3fb9315a68b6d3b8a8a0f108d896a6108aed06facd12d3ea27f,19682,outputs/mainline_merge_entry_e1_l1.xml,hash_verified
QM3650S23,/Users/yuhongzhang/Desktop/Masterarbeit-Ramp-Metering/artifacts/stage4_qmain_sequential_20260912_v1/runtime_archive/QM3650S23_attempt1/outputs/merge_downstream_e1_l0.xml,629ef3332360c6e5fdfc929260f8c796657fb4882b174f1a5882ba5e9dbe9957,19400,outputs/merge_downstream_e1_l0.xml,hash_verified
QM3650S23,/Users/yuhongzhang/Desktop/Masterarbeit-Ramp-Metering/artifacts/stage4_qmain_sequential_20260912_v1/runtime_archive/QM3650S23_attempt1/outputs/merge_downstream_e1_l1.xml,da974dc4069a70b76b43b2a71f3cd6365e3709ff8563433b7e46433ca859f0b2,19329,outputs/merge_downstream_e1_l1.xml,hash_verified
QM3650S23,/Users/yuhongzhang/Desktop/Masterarbeit-Ramp-Metering/artifacts/stage4_qmain_sequential_20260912_v1/runtime_archive/QM3650S23_attempt1/outputs/merge_upstream_e1_l0.xml,cb54ac851a60511be9e544f47794131eee2df1a978a6c72797c3e0882e472123,19186,outputs/merge_upstream_e1_l0.xml,hash_verified
QM3650S23,/Users/yuhongzhang/Desktop/Masterarbeit-Ramp-Metering/artifacts/stage4_qmain_sequential_20260912_v1/runtime_archive/QM3650S23_attempt1/outputs/merge_upstream_e1_l1.xml,ea0f3a995cce4b5de2a50c3bbddbe3a4f4209cac69cc87d75df25b982c06c759,19152,outputs/merge_upstream_e1_l1.xml,hash_verified
QM3650S23,/Users/yuhongzhang/Desktop/Masterarbeit-Ramp-Metering/artifacts/stage4_qmain_sequential_20260912_v1/runtime_archive/QM3650S23_attempt1/outputs/queues.xml,898ca5075ccd0a0ccaca0e2397aefedc36fe41e9126e15a605a03f17a1727b05,1459486,outputs/queues.xml,hash_verified
QM3650S23,/Users/yuhongzhang/Desktop/Masterarbeit-Ramp-Metering/artifacts/stage4_qmain_sequential_20260912_v1/runtime_archive/QM3650S23_attempt1/outputs/ramp_storage_e2.xml,16ff7528cd563f5a9dd33a04fd7329ecae62b15b6a4b6133cdeb037245013279,60573,outputs/ramp_storage_e2.xml,hash_verified
QM3650S23,/Users/yuhongzhang/Desktop/Masterarbeit-Ramp-Metering/artifacts/stage4_qmain_sequential_20260912_v1/runtime_archive/QM3650S23_attempt1/outputs/shared_boundary_e2.xml,68246fec7fc5c7cb2501f2006ebb2ff8c97a176c400e741f0dc9fc40ce6cb427,60906,outputs/shared_boundary_e2.xml,hash_verified
QM3650S23,/Users/yuhongzhang/Desktop/Masterarbeit-Ramp-Metering/artifacts/stage4_qmain_sequential_20260912_v1/runtime_archive/QM3650S23_attempt1/outputs/sumo.log,c02dba731b99042c72970d61784a744e4c0fad9be296a6873452244803dfeec9,586,outputs/sumo.log,hash_verified
QM3650S23,/Users/yuhongzhang/Desktop/Masterarbeit-Ramp-Metering/artifacts/stage4_qmain_sequential_20260912_v1/runtime_archive/QM3650S23_attempt1/outputs/sumo.stderr.log,e3b0c44298fc1c149afbf4c8996fb92427ae41e4649b934ca495991b7852b855,0,outputs/sumo.stderr.log,hash_verified
QM3650S23,/Users/yuhongzhang/Desktop/Masterarbeit-Ramp-Metering/artifacts/stage4_qmain_sequential_20260912_v1/runtime_archive/QM3650S23_attempt1/outputs/sumo.stdout.log,e3b0c44298fc1c149afbf4c8996fb92427ae41e4649b934ca495991b7852b855,0,outputs/sumo.stdout.log,hash_verified
QM3650S23,/Users/yuhongzhang/Desktop/Masterarbeit-Ramp-Metering/artifacts/stage4_qmain_sequential_20260912_v1/runtime_archive/QM3650S23_attempt1/outputs/sumo_error.log,e3b0c44298fc1c149afbf4c8996fb92427ae41e4649b934ca495991b7852b855,0,outputs/sumo_error.log,hash_verified
QM3650S23,/Users/yuhongzhang/Desktop/Masterarbeit-Ramp-Metering/artifacts/stage4_qmain_sequential_20260912_v1/runtime_archive/QM3650S23_attempt1/outputs/sumo_summary.xml,259504b9054ab8a9c362cceb38737fbba816dd8f9f8d7ee468de1f1775ff545f,758445,outputs/sumo_summary.xml,hash_verified
QM3650S23,/Users/yuhongzhang/Desktop/Masterarbeit-Ramp-Metering/artifacts/stage4_qmain_sequential_20260912_v1/runtime_archive/QM3650S23_attempt1/outputs/tls_states.xml,f931cc263db197b973385653d4ab7e6df8f0f0fc4853130915f0e49ad3a591bc,273691,outputs/tls_states.xml,hash_verified
QM3650S23,/Users/yuhongzhang/Desktop/Masterarbeit-Ramp-Metering/artifacts/stage4_qmain_sequential_20260912_v1/runtime_archive/QM3650S23_attempt1/outputs/tripinfo.xml,98e2f2d90cf01c6534e3871d1fc906fe3a9fcde3f52daa3070fe2e42335e2b7c,945581,outputs/tripinfo.xml,hash_verified
QM3650S23,/Users/yuhongzhang/Desktop/Masterarbeit-Ramp-Metering/artifacts/stage4_qmain_sequential_20260912_v1/runtime_archive/QM3650S23_attempt1/outputs/vehroute.xml,507358f3535e8206a0b36f13190cbc1a583487697f4544b2714655e7e4b0d531,484726,outputs/vehroute.xml,hash_verified
QM3650S23,/Users/yuhongzhang/Desktop/Masterarbeit-Ramp-Metering/artifacts/stage4_qmain_sequential_20260912_v1/runtime_archive/QM3650S23_attempt1/scenario.add.xml,1db7e8ed5e197ab6536e6432a7a03958d0956180c41511392d9ac222e189af3a,1784,scenario.add.xml,hash_verified
QM3650S23,/Users/yuhongzhang/Desktop/Masterarbeit-Ramp-Metering/artifacts/stage4_qmain_sequential_20260912_v1/runtime_archive/QM3650S23_attempt1/scenario.con.xml,d154948200c9b4d9a3d54bf04647357daaff0e6a19293f19fcef457ee4ae4ea5,826,scenario.con.xml,hash_verified
QM3650S23,/Users/yuhongzhang/Desktop/Masterarbeit-Ramp-Metering/artifacts/stage4_qmain_sequential_20260912_v1/runtime_archive/QM3650S23_attempt1/scenario.edg.xml,d6c7d6df0b8a5afc60a8bfedd796b9d14baa56ec44cf322e3129f976396cff53,1271,scenario.edg.xml,hash_verified
QM3650S23,/Users/yuhongzhang/Desktop/Masterarbeit-Ramp-Metering/artifacts/stage4_qmain_sequential_20260912_v1/runtime_archive/QM3650S23_attempt1/scenario.nod.xml,b1577412ba28470abe3270913833a4053ca6be174f2eede55de77aa5b8a2c923,882,scenario.nod.xml,hash_verified
QM3650S23,/Users/yuhongzhang/Desktop/Masterarbeit-Ramp-Metering/artifacts/stage4_qmain_sequential_20260912_v1/runtime_archive/QM3650S23_attempt1/scenario.sumocfg,0e0f99a7af694e7f448efdb66837143100478da2151ae83ba3e1c6772a811db0,738,scenario.sumocfg,hash_verified
QM3650S23,/Users/yuhongzhang/Desktop/Masterarbeit-Ramp-Metering/artifacts/stage4_qmain_sequential_20260912_v1/runtime_archive/QM3650S23_attempt1/scenario.tll.xml,89f25ab5020e4f2df2fc035233b038c89cc80cf748f6dca19b5584e829df3ecc,551,scenario.tll.xml,hash_verified
QM3650S23,/Users/yuhongzhang/Desktop/Masterarbeit-Ramp-Metering/artifacts/stage4_qmain_sequential_20260912_v1/runtime_archive/QM3650S23_attempt1/summary.json,119d4f2ce2a682735626d406658fd3d532be1701d566d11311873f2c2af6d9dd,3926147,summary.json,hash_verified
