q_main,q_ramp,seed,treatment,run_id,vehicle_class,planned,inserted,arrived,unfinished,undeparted,system_time_T_s,mean_system_time_T_s,source_wait_T_s,mean_source_wait_T_s,in_network_T_s,mean_in_network_T_s
3600,900,17,T0,DEV_M3600_R900_S17_OPEN_A03,M,3000,3000,3000,0,0,467230.0,155.74333333333334,19762.0,6.5873333333333335,447468.0,149.156
3600,900,17,T0,DEV_M3600_R900_S17_OPEN_A03,R,600,600,600,0,0,58984.0,98.30666666666667,0.0,0.0,58984.0,98.30666666666667
3600,900,17,T0,DEV_M3600_R900_S17_OPEN_A03,U,300,300,300,0,0,19888.0,66.29333333333334,0.0,0.0,19888.0,66.29333333333334
3600,900,17,T0,DEV_M3600_R900_S17_OPEN_A03,X,150,150,150,0,0,10289.0,68.59333333333333,0.0,0.0,10289.0,68.59333333333333
3600,900,17,T1,DEV_M3600_R900_S17_T1_A03,M,3000,3000,3000,0,0,229485.0,76.495,0.0,0.0,229485.0,76.495
3600,900,17,T1,DEV_M3600_R900_S17_T1_A03,R,600,600,544,56,0,488033.0,813.3883333333333,218889.0,364.815,269144.0,448.5733333333333
3600,900,17,T1,DEV_M3600_R900_S17_T1_A03,U,300,300,290,10,0,152856.0,509.52,87502.0,291.67333333333335,65354.0,217.84666666666666
3600,900,17,T1,DEV_M3600_R900_S17_T1_A03,X,150,150,150,0,0,10945.0,72.96666666666667,0.0,0.0,10945.0,72.96666666666667
3600,900,17,T2,DEV_M3600_R900_S17_T2_A03,M,3000,3000,3000,0,0,229270.0,76.42333333333333,0.0,0.0,229270.0,76.42333333333333
3600,900,17,T2,DEV_M3600_R900_S17_T2_A03,R,600,600,546,54,0,484885.0,808.1416666666667,216489.0,360.815,268396.0,447.32666666666665
3600,900,17,T2,DEV_M3600_R900_S17_T2_A03,U,300,300,292,8,0,151650.0,505.5,86494.0,288.31333333333333,65156.0,217.18666666666667
3600,900,17,T2,DEV_M3600_R900_S17_T2_A03,X,150,150,150,0,0,10510.0,70.06666666666666,0.0,0.0,10510.0,70.06666666666666
3600,750,17,T0,M3600_R750_S17,M,3000,3000,3000,0,0,232782.0,77.594,0.0,0.0,232782.0,77.594
3600,750,17,T0,M3600_R750_S17,R,500,500,500,0,0,44353.0,88.706,200.00000000000023,0.40000000000000047,44153.0,88.306
3600,750,17,T0,M3600_R750_S17,U,300,300,300,0,0,19430.0,64.76666666666667,0.0,0.0,19430.0,64.76666666666667
3600,750,17,T0,M3600_R750_S17,X,150,150,150,0,0,10289.0,68.59333333333333,0.0,0.0,10289.0,68.59333333333333
3600,750,17,T1,DEV_M3600_R750_S17_T1_A03,M,3000,3000,3000,0,0,229818.0,76.606,0.0,0.0,229818.0,76.606
3600,750,17,T1,DEV_M3600_R750_S17_T1_A03,R,500,500,500,0,0,259422.0,518.844,53930.0,107.86,205492.0,410.984
3600,750,17,T1,DEV_M3600_R750_S17_T1_A03,U,300,300,300,0,0,80042.0,266.8066666666667,25736.0,85.78666666666666,54306.0,181.02
3600,750,17,T1,DEV_M3600_R750_S17_T1_A03,X,150,150,150,0,0,10340.0,68.93333333333334,0.0,0.0,10340.0,68.93333333333334
3600,750,17,T2,DEV_M3600_R750_S17_T2_A03,M,3000,3000,3000,0,0,229511.0,76.50366666666666,0.0,0.0,229511.0,76.50366666666666
3600,750,17,T2,DEV_M3600_R750_S17_T2_A03,R,500,500,500,0,0,256347.0,512.694,52021.0,104.042,204326.0,408.652
3600,750,17,T2,DEV_M3600_R750_S17_T2_A03,U,300,300,300,0,0,78942.0,263.14,24837.0,82.79,54105.0,180.35
3600,750,17,T2,DEV_M3600_R750_S17_T2_A03,X,150,150,150,0,0,10340.0,68.93333333333334,0.0,0.0,10340.0,68.93333333333334
3600,900,23,T0,M3600_R900_S23,M,3000,3000,3000,0,0,330104.0,110.03466666666667,0.0,0.0,330104.0,110.03466666666667
3600,900,23,T0,M3600_R900_S23,R,600,600,600,0,0,57314.0,95.52333333333333,0.0,0.0,57314.0,95.52333333333333
3600,900,23,T0,M3600_R900_S23,U,300,300,300,0,0,20022.0,66.74,0.0,0.0,20022.0,66.74
3600,900,23,T0,M3600_R900_S23,X,150,150,150,0,0,10303.0,68.68666666666667,0.0,0.0,10303.0,68.68666666666667
3600,900,23,T1,DEV_M3600_R900_S23_T1_A03,M,3000,3000,3000,0,0,227487.0,75.829,0.0,0.0,227487.0,75.829
3600,900,23,T1,DEV_M3600_R900_S23_T1_A03,R,600,600,537,63,0,506144.0,843.5733333333334,235131.0,391.885,271013.0,451.68833333333333
3600,900,23,T1,DEV_M3600_R900_S23_T1_A03,U,300,300,288,12,0,160271.0,534.2366666666667,93979.0,313.2633333333333,66292.0,220.97333333333333
3600,900,23,T1,DEV_M3600_R900_S23_T1_A03,X,150,150,150,0,0,10413.0,69.42,0.0,0.0,10413.0,69.42
3600,900,23,T2,DEV_M3600_R900_S23_T2_A03,M,3000,3000,3000,0,0,228833.0,76.27766666666666,0.0,0.0,228833.0,76.27766666666666
3600,900,23,T2,DEV_M3600_R900_S23_T2_A03,R,600,600,542,58,0,495910.0,826.5166666666667,225798.0,376.33,270112.0,450.18666666666667
3600,900,23,T2,DEV_M3600_R900_S23_T2_A03,U,300,300,290,10,0,156157.0,520.5233333333333,90281.0,300.93666666666667,65876.0,219.58666666666667
3600,900,23,T2,DEV_M3600_R900_S23_T2_A03,X,150,150,150,0,0,10636.0,70.90666666666667,0.0,0.0,10636.0,70.90666666666667
3600,750,23,T0,M3600_R750_S23,M,3000,3000,3000,0,0,231250.0,77.08333333333333,0.0,0.0,231250.0,77.08333333333333
3600,750,23,T0,M3600_R750_S23,R,500,500,500,0,0,44275.0,88.55,200.00000000000023,0.40000000000000047,44075.0,88.15
3600,750,23,T0,M3600_R750_S23,U,300,300,300,0,0,19582.0,65.27333333333333,0.0,0.0,19582.0,65.27333333333333
3600,750,23,T0,M3600_R750_S23,X,150,150,150,0,0,10303.0,68.68666666666667,0.0,0.0,10303.0,68.68666666666667
3600,750,23,T1,DEV_M3600_R750_S23_T1_A03,M,3000,3000,3000,0,0,228230.0,76.07666666666667,0.0,0.0,228230.0,76.07666666666667
3600,750,23,T1,DEV_M3600_R750_S23_T1_A03,R,500,500,500,0,0,279779.0,559.558,67179.0,134.358,212600.0,425.2
3600,750,23,T1,DEV_M3600_R750_S23_T1_A03,U,300,300,300,0,0,88949.0,296.49666666666667,32100.0,107.0,56849.0,189.49666666666667
3600,750,23,T1,DEV_M3600_R750_S23_T1_A03,X,150,150,150,0,0,10486.0,69.90666666666667,0.0,0.0,10486.0,69.90666666666667
3600,750,23,T2,DEV_M3600_R750_S23_T2_A03,M,3000,3000,3000,0,0,227507.0,75.83566666666667,0.0,0.0,227507.0,75.83566666666667
3600,750,23,T2,DEV_M3600_R750_S23_T2_A03,R,500,500,500,0,0,262724.0,525.448,54908.0,109.816,207816.0,415.632
3600,750,23,T2,DEV_M3600_R750_S23_T2_A03,U,300,300,300,0,0,81579.0,271.93,26241.0,87.47,55338.0,184.46
3600,750,23,T2,DEV_M3600_R750_S23_T2_A03,X,150,150,150,0,0,10342.0,68.94666666666667,0.0,0.0,10342.0,68.94666666666667
3600,900,42,T0,M3600_R900_S42,M,3000,3000,3000,0,0,418512.0,139.504,19452.0,6.484,399060.0,133.02
3600,900,42,T0,M3600_R900_S42,R,600,600,600,0,0,58971.0,98.285,0.0,0.0,58971.0,98.285
3600,900,42,T0,M3600_R900_S42,U,300,300,300,0,0,19828.0,66.09333333333333,0.0,0.0,19828.0,66.09333333333333
3600,900,42,T0,M3600_R900_S42,X,150,150,150,0,0,10355.0,69.03333333333333,0.0,0.0,10355.0,69.03333333333333
3600,900,42,T1,DEV_M3600_R900_S42_T1_A03,M,3000,3000,3000,0,0,226801.0,75.60033333333334,0.0,0.0,226801.0,75.60033333333334
3600,900,42,T1,DEV_M3600_R900_S42_T1_A03,R,600,600,541,59,0,497625.0,829.375,228427.0,380.71166666666664,269198.0,448.66333333333336
3600,900,42,T1,DEV_M3600_R900_S42_T1_A03,U,300,300,290,10,0,156758.0,522.5266666666666,91307.0,304.3566666666667,65451.0,218.17
3600,900,42,T1,DEV_M3600_R900_S42_T1_A03,X,150,150,150,0,0,10600.0,70.66666666666667,0.0,0.0,10600.0,70.66666666666667
3600,900,42,T2,DEV_M3600_R900_S42_T2_A03,M,3000,3000,3000,0,0,227247.0,75.749,0.0,0.0,227247.0,75.749
3600,900,42,T2,DEV_M3600_R900_S42_T2_A03,R,600,600,541,59,0,493341.0,822.235,224055.0,373.425,269286.0,448.81
3600,900,42,T2,DEV_M3600_R900_S42_T2_A03,U,300,300,290,10,0,155007.0,516.69,89530.0,298.43333333333334,65477.0,218.25666666666666
3600,900,42,T2,DEV_M3600_R900_S42_T2_A03,X,150,150,150,0,0,10909.0,72.72666666666667,0.0,0.0,10909.0,72.72666666666667
3600,750,42,T0,M3600_R750_S42,M,3000,3000,3000,0,0,229875.0,76.625,0.0,0.0,229875.0,76.625
3600,750,42,T0,M3600_R750_S42,R,500,500,500,0,0,43979.0,87.958,200.00000000000023,0.40000000000000047,43779.0,87.558
3600,750,42,T0,M3600_R750_S42,U,300,300,300,0,0,19351.0,64.50333333333333,0.0,0.0,19351.0,64.50333333333333
3600,750,42,T0,M3600_R750_S42,X,150,150,150,0,0,10355.0,69.03333333333333,0.0,0.0,10355.0,69.03333333333333
3600,750,42,T1,DEV_M3600_R750_S42_T1_A03,M,3000,3000,3000,0,0,226753.0,75.58433333333333,0.0,0.0,226753.0,75.58433333333333
3600,750,42,T1,DEV_M3600_R750_S42_T1_A03,R,500,500,500,0,0,279065.0,558.13,66802.0,133.604,212263.0,424.526
3600,750,42,T1,DEV_M3600_R750_S42_T1_A03,U,300,300,300,0,0,88401.0,294.67,31905.0,106.35,56496.0,188.32
3600,750,42,T1,DEV_M3600_R750_S42_T1_A03,X,150,150,150,0,0,10378.0,69.18666666666667,0.0,0.0,10378.0,69.18666666666667
3600,750,42,T2,DEV_M3600_R750_S42_T2_A03,M,3000,3000,3000,0,0,226915.0,75.63833333333334,0.0,0.0,226915.0,75.63833333333334
3600,750,42,T2,DEV_M3600_R750_S42_T2_A03,R,500,500,500,0,0,260861.0,521.722,54215.0,108.43,206646.0,413.292
3600,750,42,T2,DEV_M3600_R750_S42_T2_A03,U,300,300,300,0,0,80496.0,268.32,25892.0,86.30666666666667,54604.0,182.01333333333332
3600,750,42,T2,DEV_M3600_R750_S42_T2_A03,X,150,150,150,0,0,10381.0,69.20666666666666,0.0,0.0,10381.0,69.20666666666666
