q_main,q_ramp,seed,treatment,status,run_id,processed,capability
3600,900,17,T0,NEW_INDEPENDENTLY_AUDITED,DEV_M3600_R900_S17_OPEN_A03,/Users/yuhongzhang/Desktop/Masterarbeit-Ramp-Metering/data/processed/formal_development_20261007_v1/OPEN_R900_S17_A03,NOT_APPLICABLE
3600,900,17,T1,NEW_INDEPENDENTLY_AUDITED,DEV_M3600_R900_S17_T1_A03,/Users/yuhongzhang/Desktop/Masterarbeit-Ramp-Metering/data/processed/formal_development_20261007_v1/FIX02_T1_R900_S17_A03,NOT_QUALIFIED_10PCT
3600,900,17,T2,NEW_INDEPENDENTLY_AUDITED,DEV_M3600_R900_S17_T2_A03,/Users/yuhongzhang/Desktop/Masterarbeit-Ramp-Metering/data/processed/formal_development_20261007_v1/FIX02_T2_R900_S17_A03,NOT_QUALIFIED_10PCT
3600,750,17,T0,REUSED_DATA,M3600_R750_S17,/Users/yuhongzhang/Desktop/Masterarbeit-Ramp-Metering/data/processed/stage6_boundary_search_20261002_v1/M3600_R750_S17,NOT_APPLICABLE
3600,750,17,T1,NEW_INDEPENDENTLY_AUDITED,DEV_M3600_R750_S17_T1_A03,/Users/yuhongzhang/Desktop/Masterarbeit-Ramp-Metering/data/processed/formal_development_20261007_v1/FIX02_T1_R750_S17_A03,NOT_QUALIFIED_10PCT
3600,750,17,T2,NEW_INDEPENDENTLY_AUDITED,DEV_M3600_R750_S17_T2_A03,/Users/yuhongzhang/Desktop/Masterarbeit-Ramp-Metering/data/processed/formal_development_20261007_v1/FIX02_T2_R750_S17_A03,NOT_QUALIFIED_10PCT
3600,900,23,T0,REUSED_DATA,M3600_R900_S23,/Users/yuhongzhang/Desktop/Masterarbeit-Ramp-Metering/data/processed/stage6_boundary_search_20261002_v1/M3600_R900_S23,NOT_APPLICABLE
3600,900,23,T1,NEW_INDEPENDENTLY_AUDITED,DEV_M3600_R900_S23_T1_A03,/Users/yuhongzhang/Desktop/Masterarbeit-Ramp-Metering/data/processed/formal_development_20261007_v1/FIX02_T1_R900_S23_A03,NOT_QUALIFIED_10PCT
3600,900,23,T2,NEW_INDEPENDENTLY_AUDITED,DEV_M3600_R900_S23_T2_A03,/Users/yuhongzhang/Desktop/Masterarbeit-Ramp-Metering/data/processed/formal_development_20261007_v1/FIX02_T2_R900_S23_A03,NOT_QUALIFIED_10PCT
3600,750,23,T0,REUSED_DATA,M3600_R750_S23,/Users/yuhongzhang/Desktop/Masterarbeit-Ramp-Metering/data/processed/stage6_boundary_search_20261002_v1/M3600_R750_S23,NOT_APPLICABLE
3600,750,23,T1,NEW_INDEPENDENTLY_AUDITED,DEV_M3600_R750_S23_T1_A03,/Users/yuhongzhang/Desktop/Masterarbeit-Ramp-Metering/data/processed/formal_development_20261007_v1/FIX02_T1_R750_S23_A03,NOT_QUALIFIED_10PCT
3600,750,23,T2,NEW_INDEPENDENTLY_AUDITED,DEV_M3600_R750_S23_T2_A03,/Users/yuhongzhang/Desktop/Masterarbeit-Ramp-Metering/data/processed/formal_development_20261007_v1/FIX02_T2_R750_S23_A03,NOT_QUALIFIED_10PCT
3600,900,42,T0,REUSED_DATA,M3600_R900_S42,/Users/yuhongzhang/Desktop/Masterarbeit-Ramp-Metering/data/processed/stage6_boundary_search_20261002_v1/M3600_R900_S42,NOT_APPLICABLE
3600,900,42,T1,NEW_INDEPENDENTLY_AUDITED,DEV_M3600_R900_S42_T1_A03,/Users/yuhongzhang/Desktop/Masterarbeit-Ramp-Metering/data/processed/formal_development_20261007_v1/FIX02_T1_R900_S42_A03,NOT_QUALIFIED_10PCT
3600,900,42,T2,NEW_INDEPENDENTLY_AUDITED,DEV_M3600_R900_S42_T2_A03,/Users/yuhongzhang/Desktop/Masterarbeit-Ramp-Metering/data/processed/formal_development_20261007_v1/FIX02_T2_R900_S42_A03,NOT_QUALIFIED_10PCT
3600,750,42,T0,REUSED_DATA,M3600_R750_S42,/Users/yuhongzhang/Desktop/Masterarbeit-Ramp-Metering/data/processed/stage6_boundary_search_20261002_v1/M3600_R750_S42,NOT_APPLICABLE
3600,750,42,T1,NEW_INDEPENDENTLY_AUDITED,DEV_M3600_R750_S42_T1_A03,/Users/yuhongzhang/Desktop/Masterarbeit-Ramp-Metering/data/processed/formal_development_20261007_v1/FIX02_T1_R750_S42_A03,NOT_QUALIFIED_10PCT
3600,750,42,T2,NEW_INDEPENDENTLY_AUDITED,DEV_M3600_R750_S42_T2_A03,/Users/yuhongzhang/Desktop/Masterarbeit-Ramp-Metering/data/processed/formal_development_20261007_v1/FIX02_T2_R750_S42_A03,NOT_QUALIFIED_10PCT
