q_ramp,seed,contrast,vehicle_class,metric,baseline,control,difference
900,17,T1-T0,M,scheduled_system_time_observed_total_s,467230.0,229485.0,-237745.0
900,17,T1-T0,M,external_wait_observed_total_s,19762.0,0.0,-19762.0
900,17,T1-T0,M,in_network_observed_total_s,447468.0,229485.0,-217983.0
900,17,T1-T0,R,scheduled_system_time_observed_total_s,58984.0,488033.0,429049.0
900,17,T1-T0,R,external_wait_observed_total_s,0.0,218889.0,218889.0
900,17,T1-T0,R,in_network_observed_total_s,58984.0,269144.0,210160.0
900,17,T1-T0,U,scheduled_system_time_observed_total_s,19888.0,152856.0,132968.0
900,17,T1-T0,U,external_wait_observed_total_s,0.0,87502.0,87502.0
900,17,T1-T0,U,in_network_observed_total_s,19888.0,65354.0,45466.0
900,17,T1-T0,X,scheduled_system_time_observed_total_s,10289.0,10945.0,656.0
900,17,T1-T0,X,external_wait_observed_total_s,0.0,0.0,0.0
900,17,T1-T0,X,in_network_observed_total_s,10289.0,10945.0,656.0
900,17,T2-T0,M,scheduled_system_time_observed_total_s,467230.0,229270.0,-237960.0
900,17,T2-T0,M,external_wait_observed_total_s,19762.0,0.0,-19762.0
900,17,T2-T0,M,in_network_observed_total_s,447468.0,229270.0,-218198.0
900,17,T2-T0,R,scheduled_system_time_observed_total_s,58984.0,484885.0,425901.0
900,17,T2-T0,R,external_wait_observed_total_s,0.0,216489.0,216489.0
900,17,T2-T0,R,in_network_observed_total_s,58984.0,268396.0,209412.0
900,17,T2-T0,U,scheduled_system_time_observed_total_s,19888.0,151650.0,131762.0
900,17,T2-T0,U,external_wait_observed_total_s,0.0,86494.0,86494.0
900,17,T2-T0,U,in_network_observed_total_s,19888.0,65156.0,45268.0
900,17,T2-T0,X,scheduled_system_time_observed_total_s,10289.0,10510.0,221.0
900,17,T2-T0,X,external_wait_observed_total_s,0.0,0.0,0.0
900,17,T2-T0,X,in_network_observed_total_s,10289.0,10510.0,221.0
900,17,T2-T1,M,scheduled_system_time_observed_total_s,229485.0,229270.0,-215.0
900,17,T2-T1,M,external_wait_observed_total_s,0.0,0.0,0.0
900,17,T2-T1,M,in_network_observed_total_s,229485.0,229270.0,-215.0
900,17,T2-T1,R,scheduled_system_time_observed_total_s,488033.0,484885.0,-3148.0
900,17,T2-T1,R,external_wait_observed_total_s,218889.0,216489.0,-2400.0
900,17,T2-T1,R,in_network_observed_total_s,269144.0,268396.0,-748.0
900,17,T2-T1,U,scheduled_system_time_observed_total_s,152856.0,151650.0,-1206.0
900,17,T2-T1,U,external_wait_observed_total_s,87502.0,86494.0,-1008.0
900,17,T2-T1,U,in_network_observed_total_s,65354.0,65156.0,-198.0
900,17,T2-T1,X,scheduled_system_time_observed_total_s,10945.0,10510.0,-435.0
900,17,T2-T1,X,external_wait_observed_total_s,0.0,0.0,0.0
900,17,T2-T1,X,in_network_observed_total_s,10945.0,10510.0,-435.0
750,17,T1-T0,M,scheduled_system_time_observed_total_s,232782.0,229818.0,-2964.0
750,17,T1-T0,M,external_wait_observed_total_s,0.0,0.0,0.0
750,17,T1-T0,M,in_network_observed_total_s,232782.0,229818.0,-2964.0
750,17,T1-T0,R,scheduled_system_time_observed_total_s,44353.0,259422.0,215069.0
750,17,T1-T0,R,external_wait_observed_total_s,200.00000000000023,53930.0,53730.0
750,17,T1-T0,R,in_network_observed_total_s,44153.0,205492.0,161339.0
750,17,T1-T0,U,scheduled_system_time_observed_total_s,19430.0,80042.0,60612.0
750,17,T1-T0,U,external_wait_observed_total_s,0.0,25736.0,25736.0
750,17,T1-T0,U,in_network_observed_total_s,19430.0,54306.0,34876.0
750,17,T1-T0,X,scheduled_system_time_observed_total_s,10289.0,10340.0,51.0
750,17,T1-T0,X,external_wait_observed_total_s,0.0,0.0,0.0
750,17,T1-T0,X,in_network_observed_total_s,10289.0,10340.0,51.0
750,17,T2-T0,M,scheduled_system_time_observed_total_s,232782.0,229511.0,-3271.0
750,17,T2-T0,M,external_wait_observed_total_s,0.0,0.0,0.0
750,17,T2-T0,M,in_network_observed_total_s,232782.0,229511.0,-3271.0
750,17,T2-T0,R,scheduled_system_time_observed_total_s,44353.0,256347.0,211994.0
750,17,T2-T0,R,external_wait_observed_total_s,200.00000000000023,52021.0,51821.0
750,17,T2-T0,R,in_network_observed_total_s,44153.0,204326.0,160173.0
750,17,T2-T0,U,scheduled_system_time_observed_total_s,19430.0,78942.0,59512.0
750,17,T2-T0,U,external_wait_observed_total_s,0.0,24837.0,24837.0
750,17,T2-T0,U,in_network_observed_total_s,19430.0,54105.0,34675.0
750,17,T2-T0,X,scheduled_system_time_observed_total_s,10289.0,10340.0,51.0
750,17,T2-T0,X,external_wait_observed_total_s,0.0,0.0,0.0
750,17,T2-T0,X,in_network_observed_total_s,10289.0,10340.0,51.0
750,17,T2-T1,M,scheduled_system_time_observed_total_s,229818.0,229511.0,-307.0
750,17,T2-T1,M,external_wait_observed_total_s,0.0,0.0,0.0
750,17,T2-T1,M,in_network_observed_total_s,229818.0,229511.0,-307.0
750,17,T2-T1,R,scheduled_system_time_observed_total_s,259422.0,256347.0,-3075.0
750,17,T2-T1,R,external_wait_observed_total_s,53930.0,52021.0,-1909.0
750,17,T2-T1,R,in_network_observed_total_s,205492.0,204326.0,-1166.0
750,17,T2-T1,U,scheduled_system_time_observed_total_s,80042.0,78942.0,-1100.0
750,17,T2-T1,U,external_wait_observed_total_s,25736.0,24837.0,-899.0
750,17,T2-T1,U,in_network_observed_total_s,54306.0,54105.0,-201.0
750,17,T2-T1,X,scheduled_system_time_observed_total_s,10340.0,10340.0,0.0
750,17,T2-T1,X,external_wait_observed_total_s,0.0,0.0,0.0
750,17,T2-T1,X,in_network_observed_total_s,10340.0,10340.0,0.0
900,23,T1-T0,M,scheduled_system_time_observed_total_s,330104.0,227487.0,-102617.0
900,23,T1-T0,M,external_wait_observed_total_s,0.0,0.0,0.0
900,23,T1-T0,M,in_network_observed_total_s,330104.0,227487.0,-102617.0
900,23,T1-T0,R,scheduled_system_time_observed_total_s,57314.0,506144.0,448830.0
900,23,T1-T0,R,external_wait_observed_total_s,0.0,235131.0,235131.0
900,23,T1-T0,R,in_network_observed_total_s,57314.0,271013.0,213699.0
900,23,T1-T0,U,scheduled_system_time_observed_total_s,20022.0,160271.0,140249.0
900,23,T1-T0,U,external_wait_observed_total_s,0.0,93979.0,93979.0
900,23,T1-T0,U,in_network_observed_total_s,20022.0,66292.0,46270.0
900,23,T1-T0,X,scheduled_system_time_observed_total_s,10303.0,10413.0,110.0
900,23,T1-T0,X,external_wait_observed_total_s,0.0,0.0,0.0
900,23,T1-T0,X,in_network_observed_total_s,10303.0,10413.0,110.0
900,23,T2-T0,M,scheduled_system_time_observed_total_s,330104.0,228833.0,-101271.0
900,23,T2-T0,M,external_wait_observed_total_s,0.0,0.0,0.0
900,23,T2-T0,M,in_network_observed_total_s,330104.0,228833.0,-101271.0
900,23,T2-T0,R,scheduled_system_time_observed_total_s,57314.0,495910.0,438596.0
900,23,T2-T0,R,external_wait_observed_total_s,0.0,225798.0,225798.0
900,23,T2-T0,R,in_network_observed_total_s,57314.0,270112.0,212798.0
900,23,T2-T0,U,scheduled_system_time_observed_total_s,20022.0,156157.0,136135.0
900,23,T2-T0,U,external_wait_observed_total_s,0.0,90281.0,90281.0
900,23,T2-T0,U,in_network_observed_total_s,20022.0,65876.0,45854.0
900,23,T2-T0,X,scheduled_system_time_observed_total_s,10303.0,10636.0,333.0
900,23,T2-T0,X,external_wait_observed_total_s,0.0,0.0,0.0
900,23,T2-T0,X,in_network_observed_total_s,10303.0,10636.0,333.0
900,23,T2-T1,M,scheduled_system_time_observed_total_s,227487.0,228833.0,1346.0
900,23,T2-T1,M,external_wait_observed_total_s,0.0,0.0,0.0
900,23,T2-T1,M,in_network_observed_total_s,227487.0,228833.0,1346.0
900,23,T2-T1,R,scheduled_system_time_observed_total_s,506144.0,495910.0,-10234.0
900,23,T2-T1,R,external_wait_observed_total_s,235131.0,225798.0,-9333.0
900,23,T2-T1,R,in_network_observed_total_s,271013.0,270112.0,-901.0
900,23,T2-T1,U,scheduled_system_time_observed_total_s,160271.0,156157.0,-4114.0
900,23,T2-T1,U,external_wait_observed_total_s,93979.0,90281.0,-3698.0
900,23,T2-T1,U,in_network_observed_total_s,66292.0,65876.0,-416.0
900,23,T2-T1,X,scheduled_system_time_observed_total_s,10413.0,10636.0,223.0
900,23,T2-T1,X,external_wait_observed_total_s,0.0,0.0,0.0
900,23,T2-T1,X,in_network_observed_total_s,10413.0,10636.0,223.0
750,23,T1-T0,M,scheduled_system_time_observed_total_s,231250.0,228230.0,-3020.0
750,23,T1-T0,M,external_wait_observed_total_s,0.0,0.0,0.0
750,23,T1-T0,M,in_network_observed_total_s,231250.0,228230.0,-3020.0
750,23,T1-T0,R,scheduled_system_time_observed_total_s,44275.0,279779.0,235504.0
750,23,T1-T0,R,external_wait_observed_total_s,200.00000000000023,67179.0,66979.0
750,23,T1-T0,R,in_network_observed_total_s,44075.0,212600.0,168525.0
750,23,T1-T0,U,scheduled_system_time_observed_total_s,19582.0,88949.0,69367.0
750,23,T1-T0,U,external_wait_observed_total_s,0.0,32100.0,32100.0
750,23,T1-T0,U,in_network_observed_total_s,19582.0,56849.0,37267.0
750,23,T1-T0,X,scheduled_system_time_observed_total_s,10303.0,10486.0,183.0
750,23,T1-T0,X,external_wait_observed_total_s,0.0,0.0,0.0
750,23,T1-T0,X,in_network_observed_total_s,10303.0,10486.0,183.0
750,23,T2-T0,M,scheduled_system_time_observed_total_s,231250.0,227507.0,-3743.0
750,23,T2-T0,M,external_wait_observed_total_s,0.0,0.0,0.0
750,23,T2-T0,M,in_network_observed_total_s,231250.0,227507.0,-3743.0
750,23,T2-T0,R,scheduled_system_time_observed_total_s,44275.0,262724.0,218449.0
750,23,T2-T0,R,external_wait_observed_total_s,200.00000000000023,54908.0,54708.0
750,23,T2-T0,R,in_network_observed_total_s,44075.0,207816.0,163741.0
750,23,T2-T0,U,scheduled_system_time_observed_total_s,19582.0,81579.0,61997.0
750,23,T2-T0,U,external_wait_observed_total_s,0.0,26241.0,26241.0
750,23,T2-T0,U,in_network_observed_total_s,19582.0,55338.0,35756.0
750,23,T2-T0,X,scheduled_system_time_observed_total_s,10303.0,10342.0,39.0
750,23,T2-T0,X,external_wait_observed_total_s,0.0,0.0,0.0
750,23,T2-T0,X,in_network_observed_total_s,10303.0,10342.0,39.0
750,23,T2-T1,M,scheduled_system_time_observed_total_s,228230.0,227507.0,-723.0
750,23,T2-T1,M,external_wait_observed_total_s,0.0,0.0,0.0
750,23,T2-T1,M,in_network_observed_total_s,228230.0,227507.0,-723.0
750,23,T2-T1,R,scheduled_system_time_observed_total_s,279779.0,262724.0,-17055.0
750,23,T2-T1,R,external_wait_observed_total_s,67179.0,54908.0,-12271.0
750,23,T2-T1,R,in_network_observed_total_s,212600.0,207816.0,-4784.0
750,23,T2-T1,U,scheduled_system_time_observed_total_s,88949.0,81579.0,-7370.0
750,23,T2-T1,U,external_wait_observed_total_s,32100.0,26241.0,-5859.0
750,23,T2-T1,U,in_network_observed_total_s,56849.0,55338.0,-1511.0
750,23,T2-T1,X,scheduled_system_time_observed_total_s,10486.0,10342.0,-144.0
750,23,T2-T1,X,external_wait_observed_total_s,0.0,0.0,0.0
750,23,T2-T1,X,in_network_observed_total_s,10486.0,10342.0,-144.0
900,42,T1-T0,M,scheduled_system_time_observed_total_s,418512.0,226801.0,-191711.0
900,42,T1-T0,M,external_wait_observed_total_s,19452.0,0.0,-19452.0
900,42,T1-T0,M,in_network_observed_total_s,399060.0,226801.0,-172259.0
900,42,T1-T0,R,scheduled_system_time_observed_total_s,58971.0,497625.0,438654.0
900,42,T1-T0,R,external_wait_observed_total_s,0.0,228427.0,228427.0
900,42,T1-T0,R,in_network_observed_total_s,58971.0,269198.0,210227.0
900,42,T1-T0,U,scheduled_system_time_observed_total_s,19828.0,156758.0,136930.0
900,42,T1-T0,U,external_wait_observed_total_s,0.0,91307.0,91307.0
900,42,T1-T0,U,in_network_observed_total_s,19828.0,65451.0,45623.0
900,42,T1-T0,X,scheduled_system_time_observed_total_s,10355.0,10600.0,245.0
900,42,T1-T0,X,external_wait_observed_total_s,0.0,0.0,0.0
900,42,T1-T0,X,in_network_observed_total_s,10355.0,10600.0,245.0
900,42,T2-T0,M,scheduled_system_time_observed_total_s,418512.0,227247.0,-191265.0
900,42,T2-T0,M,external_wait_observed_total_s,19452.0,0.0,-19452.0
900,42,T2-T0,M,in_network_observed_total_s,399060.0,227247.0,-171813.0
900,42,T2-T0,R,scheduled_system_time_observed_total_s,58971.0,493341.0,434370.0
900,42,T2-T0,R,external_wait_observed_total_s,0.0,224055.0,224055.0
900,42,T2-T0,R,in_network_observed_total_s,58971.0,269286.0,210315.0
900,42,T2-T0,U,scheduled_system_time_observed_total_s,19828.0,155007.0,135179.0
900,42,T2-T0,U,external_wait_observed_total_s,0.0,89530.0,89530.0
900,42,T2-T0,U,in_network_observed_total_s,19828.0,65477.0,45649.0
900,42,T2-T0,X,scheduled_system_time_observed_total_s,10355.0,10909.0,554.0
900,42,T2-T0,X,external_wait_observed_total_s,0.0,0.0,0.0
900,42,T2-T0,X,in_network_observed_total_s,10355.0,10909.0,554.0
900,42,T2-T1,M,scheduled_system_time_observed_total_s,226801.0,227247.0,446.0
900,42,T2-T1,M,external_wait_observed_total_s,0.0,0.0,0.0
900,42,T2-T1,M,in_network_observed_total_s,226801.0,227247.0,446.0
900,42,T2-T1,R,scheduled_system_time_observed_total_s,497625.0,493341.0,-4284.0
900,42,T2-T1,R,external_wait_observed_total_s,228427.0,224055.0,-4372.0
900,42,T2-T1,R,in_network_observed_total_s,269198.0,269286.0,88.0
900,42,T2-T1,U,scheduled_system_time_observed_total_s,156758.0,155007.0,-1751.0
900,42,T2-T1,U,external_wait_observed_total_s,91307.0,89530.0,-1777.0
900,42,T2-T1,U,in_network_observed_total_s,65451.0,65477.0,26.0
900,42,T2-T1,X,scheduled_system_time_observed_total_s,10600.0,10909.0,309.0
900,42,T2-T1,X,external_wait_observed_total_s,0.0,0.0,0.0
900,42,T2-T1,X,in_network_observed_total_s,10600.0,10909.0,309.0
750,42,T1-T0,M,scheduled_system_time_observed_total_s,229875.0,226753.0,-3122.0
750,42,T1-T0,M,external_wait_observed_total_s,0.0,0.0,0.0
750,42,T1-T0,M,in_network_observed_total_s,229875.0,226753.0,-3122.0
750,42,T1-T0,R,scheduled_system_time_observed_total_s,43979.0,279065.0,235086.0
750,42,T1-T0,R,external_wait_observed_total_s,200.00000000000023,66802.0,66602.0
750,42,T1-T0,R,in_network_observed_total_s,43779.0,212263.0,168484.0
750,42,T1-T0,U,scheduled_system_time_observed_total_s,19351.0,88401.0,69050.0
750,42,T1-T0,U,external_wait_observed_total_s,0.0,31905.0,31905.0
750,42,T1-T0,U,in_network_observed_total_s,19351.0,56496.0,37145.0
750,42,T1-T0,X,scheduled_system_time_observed_total_s,10355.0,10378.0,23.0
750,42,T1-T0,X,external_wait_observed_total_s,0.0,0.0,0.0
750,42,T1-T0,X,in_network_observed_total_s,10355.0,10378.0,23.0
750,42,T2-T0,M,scheduled_system_time_observed_total_s,229875.0,226915.0,-2960.0
750,42,T2-T0,M,external_wait_observed_total_s,0.0,0.0,0.0
750,42,T2-T0,M,in_network_observed_total_s,229875.0,226915.0,-2960.0
750,42,T2-T0,R,scheduled_system_time_observed_total_s,43979.0,260861.0,216882.0
750,42,T2-T0,R,external_wait_observed_total_s,200.00000000000023,54215.0,54015.0
750,42,T2-T0,R,in_network_observed_total_s,43779.0,206646.0,162867.0
750,42,T2-T0,U,scheduled_system_time_observed_total_s,19351.0,80496.0,61145.0
750,42,T2-T0,U,external_wait_observed_total_s,0.0,25892.0,25892.0
750,42,T2-T0,U,in_network_observed_total_s,19351.0,54604.0,35253.0
750,42,T2-T0,X,scheduled_system_time_observed_total_s,10355.0,10381.0,26.0
750,42,T2-T0,X,external_wait_observed_total_s,0.0,0.0,0.0
750,42,T2-T0,X,in_network_observed_total_s,10355.0,10381.0,26.0
750,42,T2-T1,M,scheduled_system_time_observed_total_s,226753.0,226915.0,162.0
750,42,T2-T1,M,external_wait_observed_total_s,0.0,0.0,0.0
750,42,T2-T1,M,in_network_observed_total_s,226753.0,226915.0,162.0
750,42,T2-T1,R,scheduled_system_time_observed_total_s,279065.0,260861.0,-18204.0
750,42,T2-T1,R,external_wait_observed_total_s,66802.0,54215.0,-12587.0
750,42,T2-T1,R,in_network_observed_total_s,212263.0,206646.0,-5617.0
750,42,T2-T1,U,scheduled_system_time_observed_total_s,88401.0,80496.0,-7905.0
750,42,T2-T1,U,external_wait_observed_total_s,31905.0,25892.0,-6013.0
750,42,T2-T1,U,in_network_observed_total_s,56496.0,54604.0,-1892.0
750,42,T2-T1,X,scheduled_system_time_observed_total_s,10378.0,10381.0,3.0
750,42,T2-T1,X,external_wait_observed_total_s,0.0,0.0,0.0
750,42,T2-T1,X,in_network_observed_total_s,10378.0,10381.0,3.0
