ramp,seed,vehicle_class,metric,units,planned,T0,T1,T2,T1_minus_T0,T2_minus_T0,T2_minus_T1
900,17,M,system_time_T_s,vehicle_seconds,3000,467230.0,229485.0,229270.0,-237745.0,-237960.0,-215.0
900,17,M,source_wait_T_s,vehicle_seconds,3000,19762.0,0.0,0.0,-19762.0,-19762.0,0.0
900,17,M,in_network_T_s,vehicle_seconds,3000,447468.0,229485.0,229270.0,-217983.0,-218198.0,-215.0
900,17,R,system_time_T_s,vehicle_seconds,600,58984.0,488033.0,484885.0,429049.0,425901.0,-3148.0
900,17,R,source_wait_T_s,vehicle_seconds,600,0.0,218889.0,216489.0,218889.0,216489.0,-2400.0
900,17,R,in_network_T_s,vehicle_seconds,600,58984.0,269144.0,268396.0,210160.0,209412.0,-748.0
900,17,U,system_time_T_s,vehicle_seconds,300,19888.0,152856.0,151650.0,132968.0,131762.0,-1206.0
900,17,U,source_wait_T_s,vehicle_seconds,300,0.0,87502.0,86494.0,87502.0,86494.0,-1008.0
900,17,U,in_network_T_s,vehicle_seconds,300,19888.0,65354.0,65156.0,45466.0,45268.0,-198.0
900,17,X,system_time_T_s,vehicle_seconds,150,10289.0,10945.0,10510.0,656.0,221.0,-435.0
900,17,X,source_wait_T_s,vehicle_seconds,150,0.0,0.0,0.0,0.0,0.0,0.0
900,17,X,in_network_T_s,vehicle_seconds,150,10289.0,10945.0,10510.0,656.0,221.0,-435.0
900,17,ALL,system_time_T_s,vehicle_seconds,4050,556391.0,881319.0,876315.0,324928.0,319924.0,-5004.0
900,17,ALL,source_wait_T_s,vehicle_seconds,4050,19762.0,306391.0,302983.0,286629.0,283221.0,-3408.0
900,17,ALL,in_network_T_s,vehicle_seconds,4050,536629.0,574928.0,573332.0,38299.0,36703.0,-1596.0
