rule_id,version,condition,seed,window,applicable,required_for_resolution,value_state,result,scope,cancellation_rule,value,value_kind,evidence_bindings
T_SOURCE,V0,ML,17,A,true,true,missing_observation,not_evaluated,version-appropriate source and observation qualification,retain fixed key and required denominator; no substitute seed,,,
T_SOURCE,V0,ML,17,B,true,true,missing_observation,not_evaluated,version-appropriate source and observation qualification,retain fixed key and required denominator; no substitute seed,,,
T_SOURCE,V0,ML,17,Post,true,true,missing_observation,not_evaluated,version-appropriate source and observation qualification,retain fixed key and required denominator; no substitute seed,,,
T_SOURCE,V0,ML,17,Full,true,true,missing_observation,not_evaluated,version-appropriate source and observation qualification,retain fixed key and required denominator; no substitute seed,,,
T_SOURCE,V0,ML,23,A,true,true,missing_observation,not_evaluated,version-appropriate source and observation qualification,retain fixed key and required denominator; no substitute seed,,,
T_SOURCE,V0,ML,23,B,true,true,missing_observation,not_evaluated,version-appropriate source and observation qualification,retain fixed key and required denominator; no substitute seed,,,
T_SOURCE,V0,ML,23,Post,true,true,missing_observation,not_evaluated,version-appropriate source and observation qualification,retain fixed key and required denominator; no substitute seed,,,
T_SOURCE,V0,ML,23,Full,true,true,missing_observation,not_evaluated,version-appropriate source and observation qualification,retain fixed key and required denominator; no substitute seed,,,
T_SOURCE,V0,C,17,A,true,true,missing_observation,not_evaluated,version-appropriate source and observation qualification,retain fixed key and required denominator; no substitute seed,,,
T_SOURCE,V0,C,17,B,true,true,missing_observation,not_evaluated,version-appropriate source and observation qualification,retain fixed key and required denominator; no substitute seed,,,
T_SOURCE,V0,C,17,Post,true,true,missing_observation,not_evaluated,version-appropriate source and observation qualification,retain fixed key and required denominator; no substitute seed,,,
T_SOURCE,V0,C,17,Full,true,true,missing_observation,not_evaluated,version-appropriate source and observation qualification,retain fixed key and required denominator; no substitute seed,,,
T_SOURCE,V0,C,23,A,true,true,missing_observation,not_evaluated,version-appropriate source and observation qualification,retain fixed key and required denominator; no substitute seed,,,
T_SOURCE,V0,C,23,B,true,true,missing_observation,not_evaluated,version-appropriate source and observation qualification,retain fixed key and required denominator; no substitute seed,,,
T_SOURCE,V0,C,23,Post,true,true,missing_observation,not_evaluated,version-appropriate source and observation qualification,retain fixed key and required denominator; no substitute seed,,,
T_SOURCE,V0,C,23,Full,true,true,missing_observation,not_evaluated,version-appropriate source and observation qualification,retain fixed key and required denominator; no substitute seed,,,
T_SOURCE,V1,ML,17,A,true,true,observed,supported_bounded,version-appropriate source and observation qualification,retain fixed key and required denominator; no substitute seed,1,registered_boolean_rule_result,"[{""path"": ""/Users/yuhongzhang/Desktop/Masterarbeit-Ramp-Metering/data/processed/stage6_obstacle_20260913_v1/c04_data_review_revision_02/independent_fake_chain/analysis_1/analysis_manifest.json"", ""sha256"": ""47c98274ff7ac2776e040192bbeb77d3ced0deb6233b8d82609027df01321a8d""}]"
T_SOURCE,V1,ML,17,B,true,true,observed,supported_bounded,version-appropriate source and observation qualification,retain fixed key and required denominator; no substitute seed,1,registered_boolean_rule_result,"[{""path"": ""/Users/yuhongzhang/Desktop/Masterarbeit-Ramp-Metering/data/processed/stage6_obstacle_20260913_v1/c04_data_review_revision_02/independent_fake_chain/analysis_1/analysis_manifest.json"", ""sha256"": ""47c98274ff7ac2776e040192bbeb77d3ced0deb6233b8d82609027df01321a8d""}]"
T_SOURCE,V1,ML,17,Post,true,true,observed,supported_bounded,version-appropriate source and observation qualification,retain fixed key and required denominator; no substitute seed,1,registered_boolean_rule_result,"[{""path"": ""/Users/yuhongzhang/Desktop/Masterarbeit-Ramp-Metering/data/processed/stage6_obstacle_20260913_v1/c04_data_review_revision_02/independent_fake_chain/analysis_1/analysis_manifest.json"", ""sha256"": ""47c98274ff7ac2776e040192bbeb77d3ced0deb6233b8d82609027df01321a8d""}]"
T_SOURCE,V1,ML,17,Full,true,true,observed,supported_bounded,version-appropriate source and observation qualification,retain fixed key and required denominator; no substitute seed,1,registered_boolean_rule_result,"[{""path"": ""/Users/yuhongzhang/Desktop/Masterarbeit-Ramp-Metering/data/processed/stage6_obstacle_20260913_v1/c04_data_review_revision_02/independent_fake_chain/analysis_1/analysis_manifest.json"", ""sha256"": ""47c98274ff7ac2776e040192bbeb77d3ced0deb6233b8d82609027df01321a8d""}]"
T_SOURCE,V1,ML,23,A,true,true,missing_observation,not_evaluated,version-appropriate source and observation qualification,retain fixed key and required denominator; no substitute seed,,,
T_SOURCE,V1,ML,23,B,true,true,missing_observation,not_evaluated,version-appropriate source and observation qualification,retain fixed key and required denominator; no substitute seed,,,
T_SOURCE,V1,ML,23,Post,true,true,missing_observation,not_evaluated,version-appropriate source and observation qualification,retain fixed key and required denominator; no substitute seed,,,
T_SOURCE,V1,ML,23,Full,true,true,missing_observation,not_evaluated,version-appropriate source and observation qualification,retain fixed key and required denominator; no substitute seed,,,
T_SOURCE,V1,C,17,A,true,true,observed,supported_bounded,version-appropriate source and observation qualification,retain fixed key and required denominator; no substitute seed,1,registered_boolean_rule_result,"[{""path"": ""/Users/yuhongzhang/Desktop/Masterarbeit-Ramp-Metering/data/processed/stage6_obstacle_20260913_v1/c04_data_review_revision_02/independent_fake_chain/analysis_2/analysis_manifest.json"", ""sha256"": ""e86854df0dac26c48e5e3561c403e68f6916e5ec6ef021b1e3751097199e9200""}]"
T_SOURCE,V1,C,17,B,true,true,observed,supported_bounded,version-appropriate source and observation qualification,retain fixed key and required denominator; no substitute seed,1,registered_boolean_rule_result,"[{""path"": ""/Users/yuhongzhang/Desktop/Masterarbeit-Ramp-Metering/data/processed/stage6_obstacle_20260913_v1/c04_data_review_revision_02/independent_fake_chain/analysis_2/analysis_manifest.json"", ""sha256"": ""e86854df0dac26c48e5e3561c403e68f6916e5ec6ef021b1e3751097199e9200""}]"
T_SOURCE,V1,C,17,Post,true,true,observed,supported_bounded,version-appropriate source and observation qualification,retain fixed key and required denominator; no substitute seed,1,registered_boolean_rule_result,"[{""path"": ""/Users/yuhongzhang/Desktop/Masterarbeit-Ramp-Metering/data/processed/stage6_obstacle_20260913_v1/c04_data_review_revision_02/independent_fake_chain/analysis_2/analysis_manifest.json"", ""sha256"": ""e86854df0dac26c48e5e3561c403e68f6916e5ec6ef021b1e3751097199e9200""}]"
T_SOURCE,V1,C,17,Full,true,true,observed,supported_bounded,version-appropriate source and observation qualification,retain fixed key and required denominator; no substitute seed,1,registered_boolean_rule_result,"[{""path"": ""/Users/yuhongzhang/Desktop/Masterarbeit-Ramp-Metering/data/processed/stage6_obstacle_20260913_v1/c04_data_review_revision_02/independent_fake_chain/analysis_2/analysis_manifest.json"", ""sha256"": ""e86854df0dac26c48e5e3561c403e68f6916e5ec6ef021b1e3751097199e9200""}]"
T_SOURCE,V1,C,23,A,true,true,missing_observation,not_evaluated,version-appropriate source and observation qualification,retain fixed key and required denominator; no substitute seed,,,
T_SOURCE,V1,C,23,B,true,true,missing_observation,not_evaluated,version-appropriate source and observation qualification,retain fixed key and required denominator; no substitute seed,,,
T_SOURCE,V1,C,23,Post,true,true,missing_observation,not_evaluated,version-appropriate source and observation qualification,retain fixed key and required denominator; no substitute seed,,,
T_SOURCE,V1,C,23,Full,true,true,missing_observation,not_evaluated,version-appropriate source and observation qualification,retain fixed key and required denominator; no substitute seed,,,
T_TIME,V0,ML,17,A,true,true,missing_observation,not_evaluated,version-appropriate source and observation qualification,retain fixed key and required denominator; no substitute seed,,,
T_TIME,V0,ML,17,B,true,true,missing_observation,not_evaluated,version-appropriate source and observation qualification,retain fixed key and required denominator; no substitute seed,,,
T_TIME,V0,ML,17,Post,true,true,missing_observation,not_evaluated,version-appropriate source and observation qualification,retain fixed key and required denominator; no substitute seed,,,
T_TIME,V0,ML,17,Full,true,true,missing_observation,not_evaluated,version-appropriate source and observation qualification,retain fixed key and required denominator; no substitute seed,,,
T_TIME,V0,ML,23,A,true,true,missing_observation,not_evaluated,version-appropriate source and observation qualification,retain fixed key and required denominator; no substitute seed,,,
T_TIME,V0,ML,23,B,true,true,missing_observation,not_evaluated,version-appropriate source and observation qualification,retain fixed key and required denominator; no substitute seed,,,
T_TIME,V0,ML,23,Post,true,true,missing_observation,not_evaluated,version-appropriate source and observation qualification,retain fixed key and required denominator; no substitute seed,,,
T_TIME,V0,ML,23,Full,true,true,missing_observation,not_evaluated,version-appropriate source and observation qualification,retain fixed key and required denominator; no substitute seed,,,
T_TIME,V0,C,17,A,true,true,missing_observation,not_evaluated,version-appropriate source and observation qualification,retain fixed key and required denominator; no substitute seed,,,
T_TIME,V0,C,17,B,true,true,missing_observation,not_evaluated,version-appropriate source and observation qualification,retain fixed key and required denominator; no substitute seed,,,
T_TIME,V0,C,17,Post,true,true,missing_observation,not_evaluated,version-appropriate source and observation qualification,retain fixed key and required denominator; no substitute seed,,,
T_TIME,V0,C,17,Full,true,true,missing_observation,not_evaluated,version-appropriate source and observation qualification,retain fixed key and required denominator; no substitute seed,,,
T_TIME,V0,C,23,A,true,true,missing_observation,not_evaluated,version-appropriate source and observation qualification,retain fixed key and required denominator; no substitute seed,,,
T_TIME,V0,C,23,B,true,true,missing_observation,not_evaluated,version-appropriate source and observation qualification,retain fixed key and required denominator; no substitute seed,,,
T_TIME,V0,C,23,Post,true,true,missing_observation,not_evaluated,version-appropriate source and observation qualification,retain fixed key and required denominator; no substitute seed,,,
T_TIME,V0,C,23,Full,true,true,missing_observation,not_evaluated,version-appropriate source and observation qualification,retain fixed key and required denominator; no substitute seed,,,
T_TIME,V1,ML,17,A,true,true,observed,supported_bounded,version-appropriate source and observation qualification,retain fixed key and required denominator; no substitute seed,1,registered_boolean_rule_result,"[{""path"": ""/Users/yuhongzhang/Desktop/Masterarbeit-Ramp-Metering/data/processed/stage6_obstacle_20260913_v1/c04_data_review_revision_02/independent_fake_chain/analysis_1/analysis_manifest.json"", ""sha256"": ""47c98274ff7ac2776e040192bbeb77d3ced0deb6233b8d82609027df01321a8d""}]"
T_TIME,V1,ML,17,B,true,true,observed,supported_bounded,version-appropriate source and observation qualification,retain fixed key and required denominator; no substitute seed,1,registered_boolean_rule_result,"[{""path"": ""/Users/yuhongzhang/Desktop/Masterarbeit-Ramp-Metering/data/processed/stage6_obstacle_20260913_v1/c04_data_review_revision_02/independent_fake_chain/analysis_1/analysis_manifest.json"", ""sha256"": ""47c98274ff7ac2776e040192bbeb77d3ced0deb6233b8d82609027df01321a8d""}]"
T_TIME,V1,ML,17,Post,true,true,observed,supported_bounded,version-appropriate source and observation qualification,retain fixed key and required denominator; no substitute seed,1,registered_boolean_rule_result,"[{""path"": ""/Users/yuhongzhang/Desktop/Masterarbeit-Ramp-Metering/data/processed/stage6_obstacle_20260913_v1/c04_data_review_revision_02/independent_fake_chain/analysis_1/analysis_manifest.json"", ""sha256"": ""47c98274ff7ac2776e040192bbeb77d3ced0deb6233b8d82609027df01321a8d""}]"
T_TIME,V1,ML,17,Full,true,true,observed,supported_bounded,version-appropriate source and observation qualification,retain fixed key and required denominator; no substitute seed,1,registered_boolean_rule_result,"[{""path"": ""/Users/yuhongzhang/Desktop/Masterarbeit-Ramp-Metering/data/processed/stage6_obstacle_20260913_v1/c04_data_review_revision_02/independent_fake_chain/analysis_1/analysis_manifest.json"", ""sha256"": ""47c98274ff7ac2776e040192bbeb77d3ced0deb6233b8d82609027df01321a8d""}]"
T_TIME,V1,ML,23,A,true,true,missing_observation,not_evaluated,version-appropriate source and observation qualification,retain fixed key and required denominator; no substitute seed,,,
T_TIME,V1,ML,23,B,true,true,missing_observation,not_evaluated,version-appropriate source and observation qualification,retain fixed key and required denominator; no substitute seed,,,
T_TIME,V1,ML,23,Post,true,true,missing_observation,not_evaluated,version-appropriate source and observation qualification,retain fixed key and required denominator; no substitute seed,,,
T_TIME,V1,ML,23,Full,true,true,missing_observation,not_evaluated,version-appropriate source and observation qualification,retain fixed key and required denominator; no substitute seed,,,
T_TIME,V1,C,17,A,true,true,observed,supported_bounded,version-appropriate source and observation qualification,retain fixed key and required denominator; no substitute seed,1,registered_boolean_rule_result,"[{""path"": ""/Users/yuhongzhang/Desktop/Masterarbeit-Ramp-Metering/data/processed/stage6_obstacle_20260913_v1/c04_data_review_revision_02/independent_fake_chain/analysis_2/analysis_manifest.json"", ""sha256"": ""e86854df0dac26c48e5e3561c403e68f6916e5ec6ef021b1e3751097199e9200""}]"
T_TIME,V1,C,17,B,true,true,observed,supported_bounded,version-appropriate source and observation qualification,retain fixed key and required denominator; no substitute seed,1,registered_boolean_rule_result,"[{""path"": ""/Users/yuhongzhang/Desktop/Masterarbeit-Ramp-Metering/data/processed/stage6_obstacle_20260913_v1/c04_data_review_revision_02/independent_fake_chain/analysis_2/analysis_manifest.json"", ""sha256"": ""e86854df0dac26c48e5e3561c403e68f6916e5ec6ef021b1e3751097199e9200""}]"
T_TIME,V1,C,17,Post,true,true,observed,supported_bounded,version-appropriate source and observation qualification,retain fixed key and required denominator; no substitute seed,1,registered_boolean_rule_result,"[{""path"": ""/Users/yuhongzhang/Desktop/Masterarbeit-Ramp-Metering/data/processed/stage6_obstacle_20260913_v1/c04_data_review_revision_02/independent_fake_chain/analysis_2/analysis_manifest.json"", ""sha256"": ""e86854df0dac26c48e5e3561c403e68f6916e5ec6ef021b1e3751097199e9200""}]"
T_TIME,V1,C,17,Full,true,true,observed,supported_bounded,version-appropriate source and observation qualification,retain fixed key and required denominator; no substitute seed,1,registered_boolean_rule_result,"[{""path"": ""/Users/yuhongzhang/Desktop/Masterarbeit-Ramp-Metering/data/processed/stage6_obstacle_20260913_v1/c04_data_review_revision_02/independent_fake_chain/analysis_2/analysis_manifest.json"", ""sha256"": ""e86854df0dac26c48e5e3561c403e68f6916e5ec6ef021b1e3751097199e9200""}]"
T_TIME,V1,C,23,A,true,true,missing_observation,not_evaluated,version-appropriate source and observation qualification,retain fixed key and required denominator; no substitute seed,,,
T_TIME,V1,C,23,B,true,true,missing_observation,not_evaluated,version-appropriate source and observation qualification,retain fixed key and required denominator; no substitute seed,,,
T_TIME,V1,C,23,Post,true,true,missing_observation,not_evaluated,version-appropriate source and observation qualification,retain fixed key and required denominator; no substitute seed,,,
T_TIME,V1,C,23,Full,true,true,missing_observation,not_evaluated,version-appropriate source and observation qualification,retain fixed key and required denominator; no substitute seed,,,
T_ENTRY,V0,ML,17,A,true,true,missing_observation,not_evaluated,version-appropriate source and observation qualification,retain fixed key and required denominator; no substitute seed,,,
T_ENTRY,V0,ML,17,B,true,true,missing_observation,not_evaluated,version-appropriate source and observation qualification,retain fixed key and required denominator; no substitute seed,,,
T_ENTRY,V0,ML,17,Post,true,true,missing_observation,not_evaluated,version-appropriate source and observation qualification,retain fixed key and required denominator; no substitute seed,,,
T_ENTRY,V0,ML,17,Full,true,true,missing_observation,not_evaluated,version-appropriate source and observation qualification,retain fixed key and required denominator; no substitute seed,,,
T_ENTRY,V0,ML,23,A,true,true,missing_observation,not_evaluated,version-appropriate source and observation qualification,retain fixed key and required denominator; no substitute seed,,,
T_ENTRY,V0,ML,23,B,true,true,missing_observation,not_evaluated,version-appropriate source and observation qualification,retain fixed key and required denominator; no substitute seed,,,
T_ENTRY,V0,ML,23,Post,true,true,missing_observation,not_evaluated,version-appropriate source and observation qualification,retain fixed key and required denominator; no substitute seed,,,
T_ENTRY,V0,ML,23,Full,true,true,missing_observation,not_evaluated,version-appropriate source and observation qualification,retain fixed key and required denominator; no substitute seed,,,
T_ENTRY,V0,C,17,A,true,true,missing_observation,not_evaluated,version-appropriate source and observation qualification,retain fixed key and required denominator; no substitute seed,,,
T_ENTRY,V0,C,17,B,true,true,missing_observation,not_evaluated,version-appropriate source and observation qualification,retain fixed key and required denominator; no substitute seed,,,
T_ENTRY,V0,C,17,Post,true,true,missing_observation,not_evaluated,version-appropriate source and observation qualification,retain fixed key and required denominator; no substitute seed,,,
T_ENTRY,V0,C,17,Full,true,true,missing_observation,not_evaluated,version-appropriate source and observation qualification,retain fixed key and required denominator; no substitute seed,,,
T_ENTRY,V0,C,23,A,true,true,missing_observation,not_evaluated,version-appropriate source and observation qualification,retain fixed key and required denominator; no substitute seed,,,
T_ENTRY,V0,C,23,B,true,true,missing_observation,not_evaluated,version-appropriate source and observation qualification,retain fixed key and required denominator; no substitute seed,,,
T_ENTRY,V0,C,23,Post,true,true,missing_observation,not_evaluated,version-appropriate source and observation qualification,retain fixed key and required denominator; no substitute seed,,,
T_ENTRY,V0,C,23,Full,true,true,missing_observation,not_evaluated,version-appropriate source and observation qualification,retain fixed key and required denominator; no substitute seed,,,
T_ENTRY,V1,ML,17,A,true,true,observed,supported_bounded,version-appropriate source and observation qualification,retain fixed key and required denominator; no substitute seed,1,registered_boolean_rule_result,"[{""path"": ""/Users/yuhongzhang/Desktop/Masterarbeit-Ramp-Metering/data/processed/stage6_obstacle_20260913_v1/c04_data_review_revision_02/independent_fake_chain/analysis_1/analysis_manifest.json"", ""sha256"": ""47c98274ff7ac2776e040192bbeb77d3ced0deb6233b8d82609027df01321a8d""}]"
T_ENTRY,V1,ML,17,B,true,true,observed,supported_bounded,version-appropriate source and observation qualification,retain fixed key and required denominator; no substitute seed,1,registered_boolean_rule_result,"[{""path"": ""/Users/yuhongzhang/Desktop/Masterarbeit-Ramp-Metering/data/processed/stage6_obstacle_20260913_v1/c04_data_review_revision_02/independent_fake_chain/analysis_1/analysis_manifest.json"", ""sha256"": ""47c98274ff7ac2776e040192bbeb77d3ced0deb6233b8d82609027df01321a8d""}]"
T_ENTRY,V1,ML,17,Post,true,true,observed,supported_bounded,version-appropriate source and observation qualification,retain fixed key and required denominator; no substitute seed,1,registered_boolean_rule_result,"[{""path"": ""/Users/yuhongzhang/Desktop/Masterarbeit-Ramp-Metering/data/processed/stage6_obstacle_20260913_v1/c04_data_review_revision_02/independent_fake_chain/analysis_1/analysis_manifest.json"", ""sha256"": ""47c98274ff7ac2776e040192bbeb77d3ced0deb6233b8d82609027df01321a8d""}]"
T_ENTRY,V1,ML,17,Full,true,true,observed,supported_bounded,version-appropriate source and observation qualification,retain fixed key and required denominator; no substitute seed,1,registered_boolean_rule_result,"[{""path"": ""/Users/yuhongzhang/Desktop/Masterarbeit-Ramp-Metering/data/processed/stage6_obstacle_20260913_v1/c04_data_review_revision_02/independent_fake_chain/analysis_1/analysis_manifest.json"", ""sha256"": ""47c98274ff7ac2776e040192bbeb77d3ced0deb6233b8d82609027df01321a8d""}]"
T_ENTRY,V1,ML,23,A,true,true,missing_observation,not_evaluated,version-appropriate source and observation qualification,retain fixed key and required denominator; no substitute seed,,,
T_ENTRY,V1,ML,23,B,true,true,missing_observation,not_evaluated,version-appropriate source and observation qualification,retain fixed key and required denominator; no substitute seed,,,
T_ENTRY,V1,ML,23,Post,true,true,missing_observation,not_evaluated,version-appropriate source and observation qualification,retain fixed key and required denominator; no substitute seed,,,
T_ENTRY,V1,ML,23,Full,true,true,missing_observation,not_evaluated,version-appropriate source and observation qualification,retain fixed key and required denominator; no substitute seed,,,
T_ENTRY,V1,C,17,A,true,true,observed,supported_bounded,version-appropriate source and observation qualification,retain fixed key and required denominator; no substitute seed,1,registered_boolean_rule_result,"[{""path"": ""/Users/yuhongzhang/Desktop/Masterarbeit-Ramp-Metering/data/processed/stage6_obstacle_20260913_v1/c04_data_review_revision_02/independent_fake_chain/analysis_2/analysis_manifest.json"", ""sha256"": ""e86854df0dac26c48e5e3561c403e68f6916e5ec6ef021b1e3751097199e9200""}]"
T_ENTRY,V1,C,17,B,true,true,observed,supported_bounded,version-appropriate source and observation qualification,retain fixed key and required denominator; no substitute seed,1,registered_boolean_rule_result,"[{""path"": ""/Users/yuhongzhang/Desktop/Masterarbeit-Ramp-Metering/data/processed/stage6_obstacle_20260913_v1/c04_data_review_revision_02/independent_fake_chain/analysis_2/analysis_manifest.json"", ""sha256"": ""e86854df0dac26c48e5e3561c403e68f6916e5ec6ef021b1e3751097199e9200""}]"
T_ENTRY,V1,C,17,Post,true,true,observed,supported_bounded,version-appropriate source and observation qualification,retain fixed key and required denominator; no substitute seed,1,registered_boolean_rule_result,"[{""path"": ""/Users/yuhongzhang/Desktop/Masterarbeit-Ramp-Metering/data/processed/stage6_obstacle_20260913_v1/c04_data_review_revision_02/independent_fake_chain/analysis_2/analysis_manifest.json"", ""sha256"": ""e86854df0dac26c48e5e3561c403e68f6916e5ec6ef021b1e3751097199e9200""}]"
T_ENTRY,V1,C,17,Full,true,true,observed,supported_bounded,version-appropriate source and observation qualification,retain fixed key and required denominator; no substitute seed,1,registered_boolean_rule_result,"[{""path"": ""/Users/yuhongzhang/Desktop/Masterarbeit-Ramp-Metering/data/processed/stage6_obstacle_20260913_v1/c04_data_review_revision_02/independent_fake_chain/analysis_2/analysis_manifest.json"", ""sha256"": ""e86854df0dac26c48e5e3561c403e68f6916e5ec6ef021b1e3751097199e9200""}]"
T_ENTRY,V1,C,23,A,true,true,missing_observation,not_evaluated,version-appropriate source and observation qualification,retain fixed key and required denominator; no substitute seed,,,
T_ENTRY,V1,C,23,B,true,true,missing_observation,not_evaluated,version-appropriate source and observation qualification,retain fixed key and required denominator; no substitute seed,,,
T_ENTRY,V1,C,23,Post,true,true,missing_observation,not_evaluated,version-appropriate source and observation qualification,retain fixed key and required denominator; no substitute seed,,,
T_ENTRY,V1,C,23,Full,true,true,missing_observation,not_evaluated,version-appropriate source and observation qualification,retain fixed key and required denominator; no substitute seed,,,
T_MEASURE,V0,ML,17,A,true,true,missing_observation,not_evaluated,version-appropriate source and observation qualification,retain fixed key and required denominator; no substitute seed,,,
T_MEASURE,V0,ML,17,B,true,true,missing_observation,not_evaluated,version-appropriate source and observation qualification,retain fixed key and required denominator; no substitute seed,,,
T_MEASURE,V0,ML,17,Post,true,true,missing_observation,not_evaluated,version-appropriate source and observation qualification,retain fixed key and required denominator; no substitute seed,,,
T_MEASURE,V0,ML,17,Full,true,true,missing_observation,not_evaluated,version-appropriate source and observation qualification,retain fixed key and required denominator; no substitute seed,,,
T_MEASURE,V0,ML,23,A,true,true,missing_observation,not_evaluated,version-appropriate source and observation qualification,retain fixed key and required denominator; no substitute seed,,,
T_MEASURE,V0,ML,23,B,true,true,missing_observation,not_evaluated,version-appropriate source and observation qualification,retain fixed key and required denominator; no substitute seed,,,
T_MEASURE,V0,ML,23,Post,true,true,missing_observation,not_evaluated,version-appropriate source and observation qualification,retain fixed key and required denominator; no substitute seed,,,
T_MEASURE,V0,ML,23,Full,true,true,missing_observation,not_evaluated,version-appropriate source and observation qualification,retain fixed key and required denominator; no substitute seed,,,
T_MEASURE,V0,C,17,A,true,true,missing_observation,not_evaluated,version-appropriate source and observation qualification,retain fixed key and required denominator; no substitute seed,,,
T_MEASURE,V0,C,17,B,true,true,missing_observation,not_evaluated,version-appropriate source and observation qualification,retain fixed key and required denominator; no substitute seed,,,
T_MEASURE,V0,C,17,Post,true,true,missing_observation,not_evaluated,version-appropriate source and observation qualification,retain fixed key and required denominator; no substitute seed,,,
T_MEASURE,V0,C,17,Full,true,true,missing_observation,not_evaluated,version-appropriate source and observation qualification,retain fixed key and required denominator; no substitute seed,,,
T_MEASURE,V0,C,23,A,true,true,missing_observation,not_evaluated,version-appropriate source and observation qualification,retain fixed key and required denominator; no substitute seed,,,
T_MEASURE,V0,C,23,B,true,true,missing_observation,not_evaluated,version-appropriate source and observation qualification,retain fixed key and required denominator; no substitute seed,,,
T_MEASURE,V0,C,23,Post,true,true,missing_observation,not_evaluated,version-appropriate source and observation qualification,retain fixed key and required denominator; no substitute seed,,,
T_MEASURE,V0,C,23,Full,true,true,missing_observation,not_evaluated,version-appropriate source and observation qualification,retain fixed key and required denominator; no substitute seed,,,
T_MEASURE,V1,ML,17,A,true,true,observed,supported_bounded,version-appropriate source and observation qualification,retain fixed key and required denominator; no substitute seed,1,registered_boolean_rule_result,"[{""path"": ""/Users/yuhongzhang/Desktop/Masterarbeit-Ramp-Metering/data/processed/stage6_obstacle_20260913_v1/c04_data_review_revision_02/independent_fake_chain/analysis_1/analysis_manifest.json"", ""sha256"": ""47c98274ff7ac2776e040192bbeb77d3ced0deb6233b8d82609027df01321a8d""}]"
T_MEASURE,V1,ML,17,B,true,true,observed,supported_bounded,version-appropriate source and observation qualification,retain fixed key and required denominator; no substitute seed,1,registered_boolean_rule_result,"[{""path"": ""/Users/yuhongzhang/Desktop/Masterarbeit-Ramp-Metering/data/processed/stage6_obstacle_20260913_v1/c04_data_review_revision_02/independent_fake_chain/analysis_1/analysis_manifest.json"", ""sha256"": ""47c98274ff7ac2776e040192bbeb77d3ced0deb6233b8d82609027df01321a8d""}]"
T_MEASURE,V1,ML,17,Post,true,true,observed,supported_bounded,version-appropriate source and observation qualification,retain fixed key and required denominator; no substitute seed,1,registered_boolean_rule_result,"[{""path"": ""/Users/yuhongzhang/Desktop/Masterarbeit-Ramp-Metering/data/processed/stage6_obstacle_20260913_v1/c04_data_review_revision_02/independent_fake_chain/analysis_1/analysis_manifest.json"", ""sha256"": ""47c98274ff7ac2776e040192bbeb77d3ced0deb6233b8d82609027df01321a8d""}]"
T_MEASURE,V1,ML,17,Full,true,true,observed,supported_bounded,version-appropriate source and observation qualification,retain fixed key and required denominator; no substitute seed,1,registered_boolean_rule_result,"[{""path"": ""/Users/yuhongzhang/Desktop/Masterarbeit-Ramp-Metering/data/processed/stage6_obstacle_20260913_v1/c04_data_review_revision_02/independent_fake_chain/analysis_1/analysis_manifest.json"", ""sha256"": ""47c98274ff7ac2776e040192bbeb77d3ced0deb6233b8d82609027df01321a8d""}]"
T_MEASURE,V1,ML,23,A,true,true,missing_observation,not_evaluated,version-appropriate source and observation qualification,retain fixed key and required denominator; no substitute seed,,,
T_MEASURE,V1,ML,23,B,true,true,missing_observation,not_evaluated,version-appropriate source and observation qualification,retain fixed key and required denominator; no substitute seed,,,
T_MEASURE,V1,ML,23,Post,true,true,missing_observation,not_evaluated,version-appropriate source and observation qualification,retain fixed key and required denominator; no substitute seed,,,
T_MEASURE,V1,ML,23,Full,true,true,missing_observation,not_evaluated,version-appropriate source and observation qualification,retain fixed key and required denominator; no substitute seed,,,
T_MEASURE,V1,C,17,A,true,true,observed,supported_bounded,version-appropriate source and observation qualification,retain fixed key and required denominator; no substitute seed,1,registered_boolean_rule_result,"[{""path"": ""/Users/yuhongzhang/Desktop/Masterarbeit-Ramp-Metering/data/processed/stage6_obstacle_20260913_v1/c04_data_review_revision_02/independent_fake_chain/analysis_2/analysis_manifest.json"", ""sha256"": ""e86854df0dac26c48e5e3561c403e68f6916e5ec6ef021b1e3751097199e9200""}]"
T_MEASURE,V1,C,17,B,true,true,observed,supported_bounded,version-appropriate source and observation qualification,retain fixed key and required denominator; no substitute seed,1,registered_boolean_rule_result,"[{""path"": ""/Users/yuhongzhang/Desktop/Masterarbeit-Ramp-Metering/data/processed/stage6_obstacle_20260913_v1/c04_data_review_revision_02/independent_fake_chain/analysis_2/analysis_manifest.json"", ""sha256"": ""e86854df0dac26c48e5e3561c403e68f6916e5ec6ef021b1e3751097199e9200""}]"
T_MEASURE,V1,C,17,Post,true,true,observed,supported_bounded,version-appropriate source and observation qualification,retain fixed key and required denominator; no substitute seed,1,registered_boolean_rule_result,"[{""path"": ""/Users/yuhongzhang/Desktop/Masterarbeit-Ramp-Metering/data/processed/stage6_obstacle_20260913_v1/c04_data_review_revision_02/independent_fake_chain/analysis_2/analysis_manifest.json"", ""sha256"": ""e86854df0dac26c48e5e3561c403e68f6916e5ec6ef021b1e3751097199e9200""}]"
T_MEASURE,V1,C,17,Full,true,true,observed,supported_bounded,version-appropriate source and observation qualification,retain fixed key and required denominator; no substitute seed,1,registered_boolean_rule_result,"[{""path"": ""/Users/yuhongzhang/Desktop/Masterarbeit-Ramp-Metering/data/processed/stage6_obstacle_20260913_v1/c04_data_review_revision_02/independent_fake_chain/analysis_2/analysis_manifest.json"", ""sha256"": ""e86854df0dac26c48e5e3561c403e68f6916e5ec6ef021b1e3751097199e9200""}]"
T_MEASURE,V1,C,23,A,true,true,missing_observation,not_evaluated,version-appropriate source and observation qualification,retain fixed key and required denominator; no substitute seed,,,
T_MEASURE,V1,C,23,B,true,true,missing_observation,not_evaluated,version-appropriate source and observation qualification,retain fixed key and required denominator; no substitute seed,,,
T_MEASURE,V1,C,23,Post,true,true,missing_observation,not_evaluated,version-appropriate source and observation qualification,retain fixed key and required denominator; no substitute seed,,,
T_MEASURE,V1,C,23,Full,true,true,missing_observation,not_evaluated,version-appropriate source and observation qualification,retain fixed key and required denominator; no substitute seed,,,
M_PRIMARY,V0,ML,17,A,false,false,not_applicable,not_applicable,V1 feeder science; V0 lacks feeder and is not applicable,retain fixed key and required denominator; no substitute seed,,,
M_PRIMARY,V0,ML,17,B,false,false,not_applicable,not_applicable,V1 feeder science; V0 lacks feeder and is not applicable,retain fixed key and required denominator; no substitute seed,,,
M_PRIMARY,V0,ML,17,Post,false,false,not_applicable,not_applicable,V1 feeder science; V0 lacks feeder and is not applicable,retain fixed key and required denominator; no substitute seed,,,
M_PRIMARY,V0,ML,17,Full,false,false,not_applicable,not_applicable,V1 feeder science; V0 lacks feeder and is not applicable,retain fixed key and required denominator; no substitute seed,,,
M_PRIMARY,V0,ML,23,A,false,false,not_applicable,not_applicable,V1 feeder science; V0 lacks feeder and is not applicable,retain fixed key and required denominator; no substitute seed,,,
M_PRIMARY,V0,ML,23,B,false,false,not_applicable,not_applicable,V1 feeder science; V0 lacks feeder and is not applicable,retain fixed key and required denominator; no substitute seed,,,
M_PRIMARY,V0,ML,23,Post,false,false,not_applicable,not_applicable,V1 feeder science; V0 lacks feeder and is not applicable,retain fixed key and required denominator; no substitute seed,,,
M_PRIMARY,V0,ML,23,Full,false,false,not_applicable,not_applicable,V1 feeder science; V0 lacks feeder and is not applicable,retain fixed key and required denominator; no substitute seed,,,
M_PRIMARY,V0,C,17,A,false,false,not_applicable,not_applicable,V1 feeder science; V0 lacks feeder and is not applicable,retain fixed key and required denominator; no substitute seed,,,
M_PRIMARY,V0,C,17,B,false,false,not_applicable,not_applicable,V1 feeder science; V0 lacks feeder and is not applicable,retain fixed key and required denominator; no substitute seed,,,
M_PRIMARY,V0,C,17,Post,false,false,not_applicable,not_applicable,V1 feeder science; V0 lacks feeder and is not applicable,retain fixed key and required denominator; no substitute seed,,,
M_PRIMARY,V0,C,17,Full,false,false,not_applicable,not_applicable,V1 feeder science; V0 lacks feeder and is not applicable,retain fixed key and required denominator; no substitute seed,,,
M_PRIMARY,V0,C,23,A,false,false,not_applicable,not_applicable,V1 feeder science; V0 lacks feeder and is not applicable,retain fixed key and required denominator; no substitute seed,,,
M_PRIMARY,V0,C,23,B,false,false,not_applicable,not_applicable,V1 feeder science; V0 lacks feeder and is not applicable,retain fixed key and required denominator; no substitute seed,,,
M_PRIMARY,V0,C,23,Post,false,false,not_applicable,not_applicable,V1 feeder science; V0 lacks feeder and is not applicable,retain fixed key and required denominator; no substitute seed,,,
M_PRIMARY,V0,C,23,Full,false,false,not_applicable,not_applicable,V1 feeder science; V0 lacks feeder and is not applicable,retain fixed key and required denominator; no substitute seed,,,
M_PRIMARY,V1,ML,17,A,false,false,not_applicable,not_applicable,V1 feeder science; V0 lacks feeder and is not applicable,retain fixed key and required denominator; no substitute seed,,,
M_PRIMARY,V1,ML,17,B,false,false,not_applicable,not_applicable,V1 feeder science; V0 lacks feeder and is not applicable,retain fixed key and required denominator; no substitute seed,,,
M_PRIMARY,V1,ML,17,Post,false,false,not_applicable,not_applicable,V1 feeder science; V0 lacks feeder and is not applicable,retain fixed key and required denominator; no substitute seed,,,
M_PRIMARY,V1,ML,17,Full,false,false,not_applicable,not_applicable,V1 feeder science; V0 lacks feeder and is not applicable,retain fixed key and required denominator; no substitute seed,,,
M_PRIMARY,V1,ML,23,A,false,false,not_applicable,not_applicable,V1 feeder science; V0 lacks feeder and is not applicable,retain fixed key and required denominator; no substitute seed,,,
M_PRIMARY,V1,ML,23,B,false,false,not_applicable,not_applicable,V1 feeder science; V0 lacks feeder and is not applicable,retain fixed key and required denominator; no substitute seed,,,
M_PRIMARY,V1,ML,23,Post,false,false,not_applicable,not_applicable,V1 feeder science; V0 lacks feeder and is not applicable,retain fixed key and required denominator; no substitute seed,,,
M_PRIMARY,V1,ML,23,Full,false,false,not_applicable,not_applicable,V1 feeder science; V0 lacks feeder and is not applicable,retain fixed key and required denominator; no substitute seed,,,
M_PRIMARY,V1,C,17,A,false,false,not_applicable,not_applicable,V1 feeder science; V0 lacks feeder and is not applicable,retain fixed key and required denominator; no substitute seed,,,
M_PRIMARY,V1,C,17,B,true,true,observed_zero,not_resolved,V1 feeder science; V0 lacks feeder and is not applicable,retain fixed key and required denominator; no substitute seed,0,registered_boolean_rule_result,"[{""path"": ""/Users/yuhongzhang/Desktop/Masterarbeit-Ramp-Metering/data/processed/stage6_obstacle_20260913_v1/c04_data_review_revision_02/independent_fake_chain/analysis_2/analysis_manifest.json"", ""sha256"": ""e86854df0dac26c48e5e3561c403e68f6916e5ec6ef021b1e3751097199e9200""}, {""path"": ""/Users/yuhongzhang/Desktop/Masterarbeit-Ramp-Metering/data/processed/stage6_obstacle_20260913_v1/c04_data_review_revision_02/independent_fake_chain/analysis_1/analysis_manifest.json"", ""sha256"": ""47c98274ff7ac2776e040192bbeb77d3ced0deb6233b8d82609027df01321a8d""}]"
M_PRIMARY,V1,C,17,Post,false,false,not_applicable,not_applicable,V1 feeder science; V0 lacks feeder and is not applicable,retain fixed key and required denominator; no substitute seed,,,
M_PRIMARY,V1,C,17,Full,false,false,not_applicable,not_applicable,V1 feeder science; V0 lacks feeder and is not applicable,retain fixed key and required denominator; no substitute seed,,,
M_PRIMARY,V1,C,23,A,false,false,not_applicable,not_applicable,V1 feeder science; V0 lacks feeder and is not applicable,retain fixed key and required denominator; no substitute seed,,,
M_PRIMARY,V1,C,23,B,true,true,missing_observation,not_evaluated,V1 feeder science; V0 lacks feeder and is not applicable,retain fixed key and required denominator; no substitute seed,,,
M_PRIMARY,V1,C,23,Post,false,false,not_applicable,not_applicable,V1 feeder science; V0 lacks feeder and is not applicable,retain fixed key and required denominator; no substitute seed,,,
M_PRIMARY,V1,C,23,Full,false,false,not_applicable,not_applicable,V1 feeder science; V0 lacks feeder and is not applicable,retain fixed key and required denominator; no substitute seed,,,
M_SUPPORT,V0,ML,17,A,false,false,not_applicable,not_applicable,V1 feeder science; V0 lacks feeder and is not applicable,retain fixed key and required denominator; no substitute seed,,,
M_SUPPORT,V0,ML,17,B,false,false,not_applicable,not_applicable,V1 feeder science; V0 lacks feeder and is not applicable,retain fixed key and required denominator; no substitute seed,,,
M_SUPPORT,V0,ML,17,Post,false,false,not_applicable,not_applicable,V1 feeder science; V0 lacks feeder and is not applicable,retain fixed key and required denominator; no substitute seed,,,
M_SUPPORT,V0,ML,17,Full,false,false,not_applicable,not_applicable,V1 feeder science; V0 lacks feeder and is not applicable,retain fixed key and required denominator; no substitute seed,,,
M_SUPPORT,V0,ML,23,A,false,false,not_applicable,not_applicable,V1 feeder science; V0 lacks feeder and is not applicable,retain fixed key and required denominator; no substitute seed,,,
M_SUPPORT,V0,ML,23,B,false,false,not_applicable,not_applicable,V1 feeder science; V0 lacks feeder and is not applicable,retain fixed key and required denominator; no substitute seed,,,
M_SUPPORT,V0,ML,23,Post,false,false,not_applicable,not_applicable,V1 feeder science; V0 lacks feeder and is not applicable,retain fixed key and required denominator; no substitute seed,,,
M_SUPPORT,V0,ML,23,Full,false,false,not_applicable,not_applicable,V1 feeder science; V0 lacks feeder and is not applicable,retain fixed key and required denominator; no substitute seed,,,
M_SUPPORT,V0,C,17,A,false,false,not_applicable,not_applicable,V1 feeder science; V0 lacks feeder and is not applicable,retain fixed key and required denominator; no substitute seed,,,
M_SUPPORT,V0,C,17,B,false,false,not_applicable,not_applicable,V1 feeder science; V0 lacks feeder and is not applicable,retain fixed key and required denominator; no substitute seed,,,
M_SUPPORT,V0,C,17,Post,false,false,not_applicable,not_applicable,V1 feeder science; V0 lacks feeder and is not applicable,retain fixed key and required denominator; no substitute seed,,,
M_SUPPORT,V0,C,17,Full,false,false,not_applicable,not_applicable,V1 feeder science; V0 lacks feeder and is not applicable,retain fixed key and required denominator; no substitute seed,,,
M_SUPPORT,V0,C,23,A,false,false,not_applicable,not_applicable,V1 feeder science; V0 lacks feeder and is not applicable,retain fixed key and required denominator; no substitute seed,,,
M_SUPPORT,V0,C,23,B,false,false,not_applicable,not_applicable,V1 feeder science; V0 lacks feeder and is not applicable,retain fixed key and required denominator; no substitute seed,,,
M_SUPPORT,V0,C,23,Post,false,false,not_applicable,not_applicable,V1 feeder science; V0 lacks feeder and is not applicable,retain fixed key and required denominator; no substitute seed,,,
M_SUPPORT,V0,C,23,Full,false,false,not_applicable,not_applicable,V1 feeder science; V0 lacks feeder and is not applicable,retain fixed key and required denominator; no substitute seed,,,
M_SUPPORT,V1,ML,17,A,false,false,not_applicable,not_applicable,V1 feeder science; V0 lacks feeder and is not applicable,retain fixed key and required denominator; no substitute seed,,,
M_SUPPORT,V1,ML,17,B,false,false,not_applicable,not_applicable,V1 feeder science; V0 lacks feeder and is not applicable,retain fixed key and required denominator; no substitute seed,,,
M_SUPPORT,V1,ML,17,Post,false,false,not_applicable,not_applicable,V1 feeder science; V0 lacks feeder and is not applicable,retain fixed key and required denominator; no substitute seed,,,
M_SUPPORT,V1,ML,17,Full,false,false,not_applicable,not_applicable,V1 feeder science; V0 lacks feeder and is not applicable,retain fixed key and required denominator; no substitute seed,,,
M_SUPPORT,V1,ML,23,A,false,false,not_applicable,not_applicable,V1 feeder science; V0 lacks feeder and is not applicable,retain fixed key and required denominator; no substitute seed,,,
M_SUPPORT,V1,ML,23,B,false,false,not_applicable,not_applicable,V1 feeder science; V0 lacks feeder and is not applicable,retain fixed key and required denominator; no substitute seed,,,
M_SUPPORT,V1,ML,23,Post,false,false,not_applicable,not_applicable,V1 feeder science; V0 lacks feeder and is not applicable,retain fixed key and required denominator; no substitute seed,,,
M_SUPPORT,V1,ML,23,Full,false,false,not_applicable,not_applicable,V1 feeder science; V0 lacks feeder and is not applicable,retain fixed key and required denominator; no substitute seed,,,
M_SUPPORT,V1,C,17,A,false,false,not_applicable,not_applicable,V1 feeder science; V0 lacks feeder and is not applicable,retain fixed key and required denominator; no substitute seed,,,
M_SUPPORT,V1,C,17,B,true,true,observed_zero,not_resolved,V1 feeder science; V0 lacks feeder and is not applicable,retain fixed key and required denominator; no substitute seed,0,registered_boolean_rule_result,"[{""path"": ""/Users/yuhongzhang/Desktop/Masterarbeit-Ramp-Metering/data/processed/stage6_obstacle_20260913_v1/c04_data_review_revision_02/independent_fake_chain/analysis_2/analysis_manifest.json"", ""sha256"": ""e86854df0dac26c48e5e3561c403e68f6916e5ec6ef021b1e3751097199e9200""}, {""path"": ""/Users/yuhongzhang/Desktop/Masterarbeit-Ramp-Metering/data/processed/stage6_obstacle_20260913_v1/c04_data_review_revision_02/independent_fake_chain/analysis_1/analysis_manifest.json"", ""sha256"": ""47c98274ff7ac2776e040192bbeb77d3ced0deb6233b8d82609027df01321a8d""}]"
M_SUPPORT,V1,C,17,Post,false,false,not_applicable,not_applicable,V1 feeder science; V0 lacks feeder and is not applicable,retain fixed key and required denominator; no substitute seed,,,
M_SUPPORT,V1,C,17,Full,false,false,not_applicable,not_applicable,V1 feeder science; V0 lacks feeder and is not applicable,retain fixed key and required denominator; no substitute seed,,,
M_SUPPORT,V1,C,23,A,false,false,not_applicable,not_applicable,V1 feeder science; V0 lacks feeder and is not applicable,retain fixed key and required denominator; no substitute seed,,,
M_SUPPORT,V1,C,23,B,true,true,missing_observation,not_evaluated,V1 feeder science; V0 lacks feeder and is not applicable,retain fixed key and required denominator; no substitute seed,,,
M_SUPPORT,V1,C,23,Post,false,false,not_applicable,not_applicable,V1 feeder science; V0 lacks feeder and is not applicable,retain fixed key and required denominator; no substitute seed,,,
M_SUPPORT,V1,C,23,Full,false,false,not_applicable,not_applicable,V1 feeder science; V0 lacks feeder and is not applicable,retain fixed key and required denominator; no substitute seed,,,
R_SUPPORT,V0,ML,17,A,false,false,not_applicable,not_applicable,V1 feeder science; V0 lacks feeder and is not applicable,retain fixed key and required denominator; no substitute seed,,,
R_SUPPORT,V0,ML,17,B,false,false,not_applicable,not_applicable,V1 feeder science; V0 lacks feeder and is not applicable,retain fixed key and required denominator; no substitute seed,,,
R_SUPPORT,V0,ML,17,Post,false,false,not_applicable,not_applicable,V1 feeder science; V0 lacks feeder and is not applicable,retain fixed key and required denominator; no substitute seed,,,
R_SUPPORT,V0,ML,17,Full,false,false,not_applicable,not_applicable,V1 feeder science; V0 lacks feeder and is not applicable,retain fixed key and required denominator; no substitute seed,,,
R_SUPPORT,V0,ML,23,A,false,false,not_applicable,not_applicable,V1 feeder science; V0 lacks feeder and is not applicable,retain fixed key and required denominator; no substitute seed,,,
R_SUPPORT,V0,ML,23,B,false,false,not_applicable,not_applicable,V1 feeder science; V0 lacks feeder and is not applicable,retain fixed key and required denominator; no substitute seed,,,
R_SUPPORT,V0,ML,23,Post,false,false,not_applicable,not_applicable,V1 feeder science; V0 lacks feeder and is not applicable,retain fixed key and required denominator; no substitute seed,,,
R_SUPPORT,V0,ML,23,Full,false,false,not_applicable,not_applicable,V1 feeder science; V0 lacks feeder and is not applicable,retain fixed key and required denominator; no substitute seed,,,
R_SUPPORT,V0,C,17,A,false,false,not_applicable,not_applicable,V1 feeder science; V0 lacks feeder and is not applicable,retain fixed key and required denominator; no substitute seed,,,
R_SUPPORT,V0,C,17,B,false,false,not_applicable,not_applicable,V1 feeder science; V0 lacks feeder and is not applicable,retain fixed key and required denominator; no substitute seed,,,
R_SUPPORT,V0,C,17,Post,false,false,not_applicable,not_applicable,V1 feeder science; V0 lacks feeder and is not applicable,retain fixed key and required denominator; no substitute seed,,,
R_SUPPORT,V0,C,17,Full,false,false,not_applicable,not_applicable,V1 feeder science; V0 lacks feeder and is not applicable,retain fixed key and required denominator; no substitute seed,,,
R_SUPPORT,V0,C,23,A,false,false,not_applicable,not_applicable,V1 feeder science; V0 lacks feeder and is not applicable,retain fixed key and required denominator; no substitute seed,,,
R_SUPPORT,V0,C,23,B,false,false,not_applicable,not_applicable,V1 feeder science; V0 lacks feeder and is not applicable,retain fixed key and required denominator; no substitute seed,,,
R_SUPPORT,V0,C,23,Post,false,false,not_applicable,not_applicable,V1 feeder science; V0 lacks feeder and is not applicable,retain fixed key and required denominator; no substitute seed,,,
R_SUPPORT,V0,C,23,Full,false,false,not_applicable,not_applicable,V1 feeder science; V0 lacks feeder and is not applicable,retain fixed key and required denominator; no substitute seed,,,
R_SUPPORT,V1,ML,17,A,false,false,not_applicable,not_applicable,V1 feeder science; V0 lacks feeder and is not applicable,retain fixed key and required denominator; no substitute seed,,,
R_SUPPORT,V1,ML,17,B,false,false,not_applicable,not_applicable,V1 feeder science; V0 lacks feeder and is not applicable,retain fixed key and required denominator; no substitute seed,,,
R_SUPPORT,V1,ML,17,Post,false,false,not_applicable,not_applicable,V1 feeder science; V0 lacks feeder and is not applicable,retain fixed key and required denominator; no substitute seed,,,
R_SUPPORT,V1,ML,17,Full,false,false,not_applicable,not_applicable,V1 feeder science; V0 lacks feeder and is not applicable,retain fixed key and required denominator; no substitute seed,,,
R_SUPPORT,V1,ML,23,A,false,false,not_applicable,not_applicable,V1 feeder science; V0 lacks feeder and is not applicable,retain fixed key and required denominator; no substitute seed,,,
R_SUPPORT,V1,ML,23,B,false,false,not_applicable,not_applicable,V1 feeder science; V0 lacks feeder and is not applicable,retain fixed key and required denominator; no substitute seed,,,
R_SUPPORT,V1,ML,23,Post,false,false,not_applicable,not_applicable,V1 feeder science; V0 lacks feeder and is not applicable,retain fixed key and required denominator; no substitute seed,,,
R_SUPPORT,V1,ML,23,Full,false,false,not_applicable,not_applicable,V1 feeder science; V0 lacks feeder and is not applicable,retain fixed key and required denominator; no substitute seed,,,
R_SUPPORT,V1,C,17,A,false,false,not_applicable,not_applicable,V1 feeder science; V0 lacks feeder and is not applicable,retain fixed key and required denominator; no substitute seed,,,
R_SUPPORT,V1,C,17,B,true,true,observed_zero,not_resolved,V1 feeder science; V0 lacks feeder and is not applicable,retain fixed key and required denominator; no substitute seed,0,registered_boolean_rule_result,"[{""path"": ""/Users/yuhongzhang/Desktop/Masterarbeit-Ramp-Metering/data/processed/stage6_obstacle_20260913_v1/c04_data_review_revision_02/independent_fake_chain/analysis_2/analysis_manifest.json"", ""sha256"": ""e86854df0dac26c48e5e3561c403e68f6916e5ec6ef021b1e3751097199e9200""}, {""path"": ""/Users/yuhongzhang/Desktop/Masterarbeit-Ramp-Metering/data/processed/stage6_obstacle_20260913_v1/c04_data_review_revision_02/independent_fake_chain/analysis_1/analysis_manifest.json"", ""sha256"": ""47c98274ff7ac2776e040192bbeb77d3ced0deb6233b8d82609027df01321a8d""}]"
R_SUPPORT,V1,C,17,Post,false,false,not_applicable,not_applicable,V1 feeder science; V0 lacks feeder and is not applicable,retain fixed key and required denominator; no substitute seed,,,
R_SUPPORT,V1,C,17,Full,false,false,not_applicable,not_applicable,V1 feeder science; V0 lacks feeder and is not applicable,retain fixed key and required denominator; no substitute seed,,,
R_SUPPORT,V1,C,23,A,false,false,not_applicable,not_applicable,V1 feeder science; V0 lacks feeder and is not applicable,retain fixed key and required denominator; no substitute seed,,,
R_SUPPORT,V1,C,23,B,true,true,missing_observation,not_evaluated,V1 feeder science; V0 lacks feeder and is not applicable,retain fixed key and required denominator; no substitute seed,,,
R_SUPPORT,V1,C,23,Post,false,false,not_applicable,not_applicable,V1 feeder science; V0 lacks feeder and is not applicable,retain fixed key and required denominator; no substitute seed,,,
R_SUPPORT,V1,C,23,Full,false,false,not_applicable,not_applicable,V1 feeder science; V0 lacks feeder and is not applicable,retain fixed key and required denominator; no substitute seed,,,
Q4_COEXIST,V0,ML,17,A,false,false,not_applicable,not_applicable,V1 feeder science; V0 lacks feeder and is not applicable,retain fixed key and required denominator; no substitute seed,,,
Q4_COEXIST,V0,ML,17,B,false,false,not_applicable,not_applicable,V1 feeder science; V0 lacks feeder and is not applicable,retain fixed key and required denominator; no substitute seed,,,
Q4_COEXIST,V0,ML,17,Post,false,false,not_applicable,not_applicable,V1 feeder science; V0 lacks feeder and is not applicable,retain fixed key and required denominator; no substitute seed,,,
Q4_COEXIST,V0,ML,17,Full,false,false,not_applicable,not_applicable,V1 feeder science; V0 lacks feeder and is not applicable,retain fixed key and required denominator; no substitute seed,,,
Q4_COEXIST,V0,ML,23,A,false,false,not_applicable,not_applicable,V1 feeder science; V0 lacks feeder and is not applicable,retain fixed key and required denominator; no substitute seed,,,
Q4_COEXIST,V0,ML,23,B,false,false,not_applicable,not_applicable,V1 feeder science; V0 lacks feeder and is not applicable,retain fixed key and required denominator; no substitute seed,,,
Q4_COEXIST,V0,ML,23,Post,false,false,not_applicable,not_applicable,V1 feeder science; V0 lacks feeder and is not applicable,retain fixed key and required denominator; no substitute seed,,,
Q4_COEXIST,V0,ML,23,Full,false,false,not_applicable,not_applicable,V1 feeder science; V0 lacks feeder and is not applicable,retain fixed key and required denominator; no substitute seed,,,
Q4_COEXIST,V0,C,17,A,false,false,not_applicable,not_applicable,V1 feeder science; V0 lacks feeder and is not applicable,retain fixed key and required denominator; no substitute seed,,,
Q4_COEXIST,V0,C,17,B,false,false,not_applicable,not_applicable,V1 feeder science; V0 lacks feeder and is not applicable,retain fixed key and required denominator; no substitute seed,,,
Q4_COEXIST,V0,C,17,Post,false,false,not_applicable,not_applicable,V1 feeder science; V0 lacks feeder and is not applicable,retain fixed key and required denominator; no substitute seed,,,
Q4_COEXIST,V0,C,17,Full,false,false,not_applicable,not_applicable,V1 feeder science; V0 lacks feeder and is not applicable,retain fixed key and required denominator; no substitute seed,,,
Q4_COEXIST,V0,C,23,A,false,false,not_applicable,not_applicable,V1 feeder science; V0 lacks feeder and is not applicable,retain fixed key and required denominator; no substitute seed,,,
Q4_COEXIST,V0,C,23,B,false,false,not_applicable,not_applicable,V1 feeder science; V0 lacks feeder and is not applicable,retain fixed key and required denominator; no substitute seed,,,
Q4_COEXIST,V0,C,23,Post,false,false,not_applicable,not_applicable,V1 feeder science; V0 lacks feeder and is not applicable,retain fixed key and required denominator; no substitute seed,,,
Q4_COEXIST,V0,C,23,Full,false,false,not_applicable,not_applicable,V1 feeder science; V0 lacks feeder and is not applicable,retain fixed key and required denominator; no substitute seed,,,
Q4_COEXIST,V1,ML,17,A,false,false,not_applicable,not_applicable,V1 feeder science; V0 lacks feeder and is not applicable,retain fixed key and required denominator; no substitute seed,,,
Q4_COEXIST,V1,ML,17,B,false,false,not_applicable,not_applicable,V1 feeder science; V0 lacks feeder and is not applicable,retain fixed key and required denominator; no substitute seed,,,
Q4_COEXIST,V1,ML,17,Post,false,false,not_applicable,not_applicable,V1 feeder science; V0 lacks feeder and is not applicable,retain fixed key and required denominator; no substitute seed,,,
Q4_COEXIST,V1,ML,17,Full,false,false,not_applicable,not_applicable,V1 feeder science; V0 lacks feeder and is not applicable,retain fixed key and required denominator; no substitute seed,,,
Q4_COEXIST,V1,ML,23,A,false,false,not_applicable,not_applicable,V1 feeder science; V0 lacks feeder and is not applicable,retain fixed key and required denominator; no substitute seed,,,
Q4_COEXIST,V1,ML,23,B,false,false,not_applicable,not_applicable,V1 feeder science; V0 lacks feeder and is not applicable,retain fixed key and required denominator; no substitute seed,,,
Q4_COEXIST,V1,ML,23,Post,false,false,not_applicable,not_applicable,V1 feeder science; V0 lacks feeder and is not applicable,retain fixed key and required denominator; no substitute seed,,,
Q4_COEXIST,V1,ML,23,Full,false,false,not_applicable,not_applicable,V1 feeder science; V0 lacks feeder and is not applicable,retain fixed key and required denominator; no substitute seed,,,
Q4_COEXIST,V1,C,17,A,false,false,not_applicable,not_applicable,V1 feeder science; V0 lacks feeder and is not applicable,retain fixed key and required denominator; no substitute seed,,,
Q4_COEXIST,V1,C,17,B,true,true,observed_zero,not_resolved,V1 feeder science; V0 lacks feeder and is not applicable,retain fixed key and required denominator; no substitute seed,0,registered_boolean_rule_result,"[{""path"": ""/Users/yuhongzhang/Desktop/Masterarbeit-Ramp-Metering/data/processed/stage6_obstacle_20260913_v1/c04_data_review_revision_02/independent_fake_chain/analysis_2/analysis_manifest.json"", ""sha256"": ""e86854df0dac26c48e5e3561c403e68f6916e5ec6ef021b1e3751097199e9200""}, {""path"": ""/Users/yuhongzhang/Desktop/Masterarbeit-Ramp-Metering/data/processed/stage6_obstacle_20260913_v1/c04_data_review_revision_02/independent_fake_chain/analysis_1/analysis_manifest.json"", ""sha256"": ""47c98274ff7ac2776e040192bbeb77d3ced0deb6233b8d82609027df01321a8d""}]"
Q4_COEXIST,V1,C,17,Post,false,false,not_applicable,not_applicable,V1 feeder science; V0 lacks feeder and is not applicable,retain fixed key and required denominator; no substitute seed,,,
Q4_COEXIST,V1,C,17,Full,false,false,not_applicable,not_applicable,V1 feeder science; V0 lacks feeder and is not applicable,retain fixed key and required denominator; no substitute seed,,,
Q4_COEXIST,V1,C,23,A,false,false,not_applicable,not_applicable,V1 feeder science; V0 lacks feeder and is not applicable,retain fixed key and required denominator; no substitute seed,,,
Q4_COEXIST,V1,C,23,B,true,true,missing_observation,not_evaluated,V1 feeder science; V0 lacks feeder and is not applicable,retain fixed key and required denominator; no substitute seed,,,
Q4_COEXIST,V1,C,23,Post,false,false,not_applicable,not_applicable,V1 feeder science; V0 lacks feeder and is not applicable,retain fixed key and required denominator; no substitute seed,,,
Q4_COEXIST,V1,C,23,Full,false,false,not_applicable,not_applicable,V1 feeder science; V0 lacks feeder and is not applicable,retain fixed key and required denominator; no substitute seed,,,
S_REF_QUAL,V0,ML,17,A,false,false,not_applicable,not_applicable,V1 feeder lower-load reference qualification,retain fixed key and required denominator; no substitute seed,,,
S_REF_QUAL,V0,ML,17,B,false,false,not_applicable,not_applicable,V1 feeder lower-load reference qualification,retain fixed key and required denominator; no substitute seed,,,
S_REF_QUAL,V0,ML,17,Post,false,false,not_applicable,not_applicable,V1 feeder lower-load reference qualification,retain fixed key and required denominator; no substitute seed,,,
S_REF_QUAL,V0,ML,17,Full,false,false,not_applicable,not_applicable,V1 feeder lower-load reference qualification,retain fixed key and required denominator; no substitute seed,,,
S_REF_QUAL,V0,ML,23,A,false,false,not_applicable,not_applicable,V1 feeder lower-load reference qualification,retain fixed key and required denominator; no substitute seed,,,
S_REF_QUAL,V0,ML,23,B,false,false,not_applicable,not_applicable,V1 feeder lower-load reference qualification,retain fixed key and required denominator; no substitute seed,,,
S_REF_QUAL,V0,ML,23,Post,false,false,not_applicable,not_applicable,V1 feeder lower-load reference qualification,retain fixed key and required denominator; no substitute seed,,,
S_REF_QUAL,V0,ML,23,Full,false,false,not_applicable,not_applicable,V1 feeder lower-load reference qualification,retain fixed key and required denominator; no substitute seed,,,
S_REF_QUAL,V0,C,17,A,false,false,not_applicable,not_applicable,V1 feeder lower-load reference qualification,retain fixed key and required denominator; no substitute seed,,,
S_REF_QUAL,V0,C,17,B,false,false,not_applicable,not_applicable,V1 feeder lower-load reference qualification,retain fixed key and required denominator; no substitute seed,,,
S_REF_QUAL,V0,C,17,Post,false,false,not_applicable,not_applicable,V1 feeder lower-load reference qualification,retain fixed key and required denominator; no substitute seed,,,
S_REF_QUAL,V0,C,17,Full,false,false,not_applicable,not_applicable,V1 feeder lower-load reference qualification,retain fixed key and required denominator; no substitute seed,,,
S_REF_QUAL,V0,C,23,A,false,false,not_applicable,not_applicable,V1 feeder lower-load reference qualification,retain fixed key and required denominator; no substitute seed,,,
S_REF_QUAL,V0,C,23,B,false,false,not_applicable,not_applicable,V1 feeder lower-load reference qualification,retain fixed key and required denominator; no substitute seed,,,
S_REF_QUAL,V0,C,23,Post,false,false,not_applicable,not_applicable,V1 feeder lower-load reference qualification,retain fixed key and required denominator; no substitute seed,,,
S_REF_QUAL,V0,C,23,Full,false,false,not_applicable,not_applicable,V1 feeder lower-load reference qualification,retain fixed key and required denominator; no substitute seed,,,
S_REF_QUAL,V1,ML,17,A,false,false,not_applicable,not_applicable,V1 feeder lower-load reference qualification,retain fixed key and required denominator; no substitute seed,,,
S_REF_QUAL,V1,ML,17,B,true,true,observed_zero,not_resolved,V1 feeder lower-load reference qualification,retain fixed key and required denominator; no substitute seed,0,registered_boolean_rule_result,"[{""path"": ""/Users/yuhongzhang/Desktop/Masterarbeit-Ramp-Metering/data/processed/stage6_obstacle_20260913_v1/c04_data_review_revision_02/independent_fake_chain/analysis_1/analysis_manifest.json"", ""sha256"": ""47c98274ff7ac2776e040192bbeb77d3ced0deb6233b8d82609027df01321a8d""}]"
S_REF_QUAL,V1,ML,17,Post,false,false,not_applicable,not_applicable,V1 feeder lower-load reference qualification,retain fixed key and required denominator; no substitute seed,,,
S_REF_QUAL,V1,ML,17,Full,false,false,not_applicable,not_applicable,V1 feeder lower-load reference qualification,retain fixed key and required denominator; no substitute seed,,,
S_REF_QUAL,V1,ML,23,A,false,false,not_applicable,not_applicable,V1 feeder lower-load reference qualification,retain fixed key and required denominator; no substitute seed,,,
S_REF_QUAL,V1,ML,23,B,true,true,missing_observation,not_evaluated,V1 feeder lower-load reference qualification,retain fixed key and required denominator; no substitute seed,,,
S_REF_QUAL,V1,ML,23,Post,false,false,not_applicable,not_applicable,V1 feeder lower-load reference qualification,retain fixed key and required denominator; no substitute seed,,,
S_REF_QUAL,V1,ML,23,Full,false,false,not_applicable,not_applicable,V1 feeder lower-load reference qualification,retain fixed key and required denominator; no substitute seed,,,
S_REF_QUAL,V1,C,17,A,false,false,not_applicable,not_applicable,V1 feeder lower-load reference qualification,retain fixed key and required denominator; no substitute seed,,,
S_REF_QUAL,V1,C,17,B,false,false,not_applicable,not_applicable,V1 feeder lower-load reference qualification,retain fixed key and required denominator; no substitute seed,,,
S_REF_QUAL,V1,C,17,Post,false,false,not_applicable,not_applicable,V1 feeder lower-load reference qualification,retain fixed key and required denominator; no substitute seed,,,
S_REF_QUAL,V1,C,17,Full,false,false,not_applicable,not_applicable,V1 feeder lower-load reference qualification,retain fixed key and required denominator; no substitute seed,,,
S_REF_QUAL,V1,C,23,A,false,false,not_applicable,not_applicable,V1 feeder lower-load reference qualification,retain fixed key and required denominator; no substitute seed,,,
S_REF_QUAL,V1,C,23,B,false,false,not_applicable,not_applicable,V1 feeder lower-load reference qualification,retain fixed key and required denominator; no substitute seed,,,
S_REF_QUAL,V1,C,23,Post,false,false,not_applicable,not_applicable,V1 feeder lower-load reference qualification,retain fixed key and required denominator; no substitute seed,,,
S_REF_QUAL,V1,C,23,Full,false,false,not_applicable,not_applicable,V1 feeder lower-load reference qualification,retain fixed key and required denominator; no substitute seed,,,
S_M_INFLOW,V0,ML,17,A,false,false,not_applicable,not_applicable,limited network inlet qualification; not equality of common-section flow and demand,retain fixed key and required denominator; no substitute seed,,,
S_M_INFLOW,V0,ML,17,B,true,true,missing_observation,not_evaluated,limited network inlet qualification; not equality of common-section flow and demand,retain fixed key and required denominator; no substitute seed,,,
S_M_INFLOW,V0,ML,17,Post,false,false,not_applicable,not_applicable,limited network inlet qualification; not equality of common-section flow and demand,retain fixed key and required denominator; no substitute seed,,,
S_M_INFLOW,V0,ML,17,Full,false,false,not_applicable,not_applicable,limited network inlet qualification; not equality of common-section flow and demand,retain fixed key and required denominator; no substitute seed,,,
S_M_INFLOW,V0,ML,23,A,false,false,not_applicable,not_applicable,limited network inlet qualification; not equality of common-section flow and demand,retain fixed key and required denominator; no substitute seed,,,
S_M_INFLOW,V0,ML,23,B,true,true,missing_observation,not_evaluated,limited network inlet qualification; not equality of common-section flow and demand,retain fixed key and required denominator; no substitute seed,,,
S_M_INFLOW,V0,ML,23,Post,false,false,not_applicable,not_applicable,limited network inlet qualification; not equality of common-section flow and demand,retain fixed key and required denominator; no substitute seed,,,
S_M_INFLOW,V0,ML,23,Full,false,false,not_applicable,not_applicable,limited network inlet qualification; not equality of common-section flow and demand,retain fixed key and required denominator; no substitute seed,,,
S_M_INFLOW,V0,C,17,A,false,false,not_applicable,not_applicable,limited network inlet qualification; not equality of common-section flow and demand,retain fixed key and required denominator; no substitute seed,,,
S_M_INFLOW,V0,C,17,B,true,true,missing_observation,not_evaluated,limited network inlet qualification; not equality of common-section flow and demand,retain fixed key and required denominator; no substitute seed,,,
S_M_INFLOW,V0,C,17,Post,false,false,not_applicable,not_applicable,limited network inlet qualification; not equality of common-section flow and demand,retain fixed key and required denominator; no substitute seed,,,
S_M_INFLOW,V0,C,17,Full,false,false,not_applicable,not_applicable,limited network inlet qualification; not equality of common-section flow and demand,retain fixed key and required denominator; no substitute seed,,,
S_M_INFLOW,V0,C,23,A,false,false,not_applicable,not_applicable,limited network inlet qualification; not equality of common-section flow and demand,retain fixed key and required denominator; no substitute seed,,,
S_M_INFLOW,V0,C,23,B,true,true,missing_observation,not_evaluated,limited network inlet qualification; not equality of common-section flow and demand,retain fixed key and required denominator; no substitute seed,,,
S_M_INFLOW,V0,C,23,Post,false,false,not_applicable,not_applicable,limited network inlet qualification; not equality of common-section flow and demand,retain fixed key and required denominator; no substitute seed,,,
S_M_INFLOW,V0,C,23,Full,false,false,not_applicable,not_applicable,limited network inlet qualification; not equality of common-section flow and demand,retain fixed key and required denominator; no substitute seed,,,
S_M_INFLOW,V1,ML,17,A,false,false,not_applicable,not_applicable,limited network inlet qualification; not equality of common-section flow and demand,retain fixed key and required denominator; no substitute seed,,,
S_M_INFLOW,V1,ML,17,B,true,true,observed,supported_bounded,limited network inlet qualification; not equality of common-section flow and demand,retain fixed key and required denominator; no substitute seed,1,registered_boolean_rule_result,"[{""path"": ""/Users/yuhongzhang/Desktop/Masterarbeit-Ramp-Metering/data/processed/stage6_obstacle_20260913_v1/c04_data_review_revision_02/independent_fake_chain/analysis_1/analysis_manifest.json"", ""sha256"": ""47c98274ff7ac2776e040192bbeb77d3ced0deb6233b8d82609027df01321a8d""}]"
S_M_INFLOW,V1,ML,17,Post,false,false,not_applicable,not_applicable,limited network inlet qualification; not equality of common-section flow and demand,retain fixed key and required denominator; no substitute seed,,,
S_M_INFLOW,V1,ML,17,Full,false,false,not_applicable,not_applicable,limited network inlet qualification; not equality of common-section flow and demand,retain fixed key and required denominator; no substitute seed,,,
S_M_INFLOW,V1,ML,23,A,false,false,not_applicable,not_applicable,limited network inlet qualification; not equality of common-section flow and demand,retain fixed key and required denominator; no substitute seed,,,
S_M_INFLOW,V1,ML,23,B,true,true,missing_observation,not_evaluated,limited network inlet qualification; not equality of common-section flow and demand,retain fixed key and required denominator; no substitute seed,,,
S_M_INFLOW,V1,ML,23,Post,false,false,not_applicable,not_applicable,limited network inlet qualification; not equality of common-section flow and demand,retain fixed key and required denominator; no substitute seed,,,
S_M_INFLOW,V1,ML,23,Full,false,false,not_applicable,not_applicable,limited network inlet qualification; not equality of common-section flow and demand,retain fixed key and required denominator; no substitute seed,,,
S_M_INFLOW,V1,C,17,A,false,false,not_applicable,not_applicable,limited network inlet qualification; not equality of common-section flow and demand,retain fixed key and required denominator; no substitute seed,,,
S_M_INFLOW,V1,C,17,B,true,true,observed,supported_bounded,limited network inlet qualification; not equality of common-section flow and demand,retain fixed key and required denominator; no substitute seed,1,registered_boolean_rule_result,"[{""path"": ""/Users/yuhongzhang/Desktop/Masterarbeit-Ramp-Metering/data/processed/stage6_obstacle_20260913_v1/c04_data_review_revision_02/independent_fake_chain/analysis_2/analysis_manifest.json"", ""sha256"": ""e86854df0dac26c48e5e3561c403e68f6916e5ec6ef021b1e3751097199e9200""}]"
S_M_INFLOW,V1,C,17,Post,false,false,not_applicable,not_applicable,limited network inlet qualification; not equality of common-section flow and demand,retain fixed key and required denominator; no substitute seed,,,
S_M_INFLOW,V1,C,17,Full,false,false,not_applicable,not_applicable,limited network inlet qualification; not equality of common-section flow and demand,retain fixed key and required denominator; no substitute seed,,,
S_M_INFLOW,V1,C,23,A,false,false,not_applicable,not_applicable,limited network inlet qualification; not equality of common-section flow and demand,retain fixed key and required denominator; no substitute seed,,,
S_M_INFLOW,V1,C,23,B,true,true,missing_observation,not_evaluated,limited network inlet qualification; not equality of common-section flow and demand,retain fixed key and required denominator; no substitute seed,,,
S_M_INFLOW,V1,C,23,Post,false,false,not_applicable,not_applicable,limited network inlet qualification; not equality of common-section flow and demand,retain fixed key and required denominator; no substitute seed,,,
S_M_INFLOW,V1,C,23,Full,false,false,not_applicable,not_applicable,limited network inlet qualification; not equality of common-section flow and demand,retain fixed key and required denominator; no substitute seed,,,
S_RU_EXPOSURE,V0,ML,17,A,false,false,not_applicable,not_applicable,"V1 required, V0 context; shared R/U context in registered support block",retain fixed key and required denominator; no substitute seed,,,
S_RU_EXPOSURE,V0,ML,17,B,false,false,not_applicable,not_applicable,"V1 required, V0 context; shared R/U context in registered support block",retain fixed key and required denominator; no substitute seed,,,
S_RU_EXPOSURE,V0,ML,17,Post,false,false,not_applicable,not_applicable,"V1 required, V0 context; shared R/U context in registered support block",retain fixed key and required denominator; no substitute seed,,,
S_RU_EXPOSURE,V0,ML,17,Full,false,false,not_applicable,not_applicable,"V1 required, V0 context; shared R/U context in registered support block",retain fixed key and required denominator; no substitute seed,,,
S_RU_EXPOSURE,V0,ML,23,A,false,false,not_applicable,not_applicable,"V1 required, V0 context; shared R/U context in registered support block",retain fixed key and required denominator; no substitute seed,,,
S_RU_EXPOSURE,V0,ML,23,B,false,false,not_applicable,not_applicable,"V1 required, V0 context; shared R/U context in registered support block",retain fixed key and required denominator; no substitute seed,,,
S_RU_EXPOSURE,V0,ML,23,Post,false,false,not_applicable,not_applicable,"V1 required, V0 context; shared R/U context in registered support block",retain fixed key and required denominator; no substitute seed,,,
S_RU_EXPOSURE,V0,ML,23,Full,false,false,not_applicable,not_applicable,"V1 required, V0 context; shared R/U context in registered support block",retain fixed key and required denominator; no substitute seed,,,
S_RU_EXPOSURE,V0,C,17,A,false,false,not_applicable,not_applicable,"V1 required, V0 context; shared R/U context in registered support block",retain fixed key and required denominator; no substitute seed,,,
S_RU_EXPOSURE,V0,C,17,B,true,false,missing_observation,not_evaluated,"V1 required, V0 context; shared R/U context in registered support block",retain fixed key and required denominator; no substitute seed,,,
S_RU_EXPOSURE,V0,C,17,Post,false,false,not_applicable,not_applicable,"V1 required, V0 context; shared R/U context in registered support block",retain fixed key and required denominator; no substitute seed,,,
S_RU_EXPOSURE,V0,C,17,Full,false,false,not_applicable,not_applicable,"V1 required, V0 context; shared R/U context in registered support block",retain fixed key and required denominator; no substitute seed,,,
S_RU_EXPOSURE,V0,C,23,A,false,false,not_applicable,not_applicable,"V1 required, V0 context; shared R/U context in registered support block",retain fixed key and required denominator; no substitute seed,,,
S_RU_EXPOSURE,V0,C,23,B,true,false,missing_observation,not_evaluated,"V1 required, V0 context; shared R/U context in registered support block",retain fixed key and required denominator; no substitute seed,,,
S_RU_EXPOSURE,V0,C,23,Post,false,false,not_applicable,not_applicable,"V1 required, V0 context; shared R/U context in registered support block",retain fixed key and required denominator; no substitute seed,,,
S_RU_EXPOSURE,V0,C,23,Full,false,false,not_applicable,not_applicable,"V1 required, V0 context; shared R/U context in registered support block",retain fixed key and required denominator; no substitute seed,,,
S_RU_EXPOSURE,V1,ML,17,A,false,false,not_applicable,not_applicable,"V1 required, V0 context; shared R/U context in registered support block",retain fixed key and required denominator; no substitute seed,,,
S_RU_EXPOSURE,V1,ML,17,B,false,false,not_applicable,not_applicable,"V1 required, V0 context; shared R/U context in registered support block",retain fixed key and required denominator; no substitute seed,,,
S_RU_EXPOSURE,V1,ML,17,Post,false,false,not_applicable,not_applicable,"V1 required, V0 context; shared R/U context in registered support block",retain fixed key and required denominator; no substitute seed,,,
S_RU_EXPOSURE,V1,ML,17,Full,false,false,not_applicable,not_applicable,"V1 required, V0 context; shared R/U context in registered support block",retain fixed key and required denominator; no substitute seed,,,
S_RU_EXPOSURE,V1,ML,23,A,false,false,not_applicable,not_applicable,"V1 required, V0 context; shared R/U context in registered support block",retain fixed key and required denominator; no substitute seed,,,
S_RU_EXPOSURE,V1,ML,23,B,false,false,not_applicable,not_applicable,"V1 required, V0 context; shared R/U context in registered support block",retain fixed key and required denominator; no substitute seed,,,
S_RU_EXPOSURE,V1,ML,23,Post,false,false,not_applicable,not_applicable,"V1 required, V0 context; shared R/U context in registered support block",retain fixed key and required denominator; no substitute seed,,,
S_RU_EXPOSURE,V1,ML,23,Full,false,false,not_applicable,not_applicable,"V1 required, V0 context; shared R/U context in registered support block",retain fixed key and required denominator; no substitute seed,,,
S_RU_EXPOSURE,V1,C,17,A,false,false,not_applicable,not_applicable,"V1 required, V0 context; shared R/U context in registered support block",retain fixed key and required denominator; no substitute seed,,,
S_RU_EXPOSURE,V1,C,17,B,true,true,observed_zero,not_resolved,"V1 required, V0 context; shared R/U context in registered support block",retain fixed key and required denominator; no substitute seed,0,registered_boolean_rule_result,"[{""path"": ""/Users/yuhongzhang/Desktop/Masterarbeit-Ramp-Metering/data/processed/stage6_obstacle_20260913_v1/c04_data_review_revision_02/independent_fake_chain/analysis_2/analysis_manifest.json"", ""sha256"": ""e86854df0dac26c48e5e3561c403e68f6916e5ec6ef021b1e3751097199e9200""}, {""path"": ""/Users/yuhongzhang/Desktop/Masterarbeit-Ramp-Metering/data/processed/stage6_obstacle_20260913_v1/c04_data_review_revision_02/independent_fake_chain/analysis_1/analysis_manifest.json"", ""sha256"": ""47c98274ff7ac2776e040192bbeb77d3ced0deb6233b8d82609027df01321a8d""}]"
S_RU_EXPOSURE,V1,C,17,Post,false,false,not_applicable,not_applicable,"V1 required, V0 context; shared R/U context in registered support block",retain fixed key and required denominator; no substitute seed,,,
S_RU_EXPOSURE,V1,C,17,Full,false,false,not_applicable,not_applicable,"V1 required, V0 context; shared R/U context in registered support block",retain fixed key and required denominator; no substitute seed,,,
S_RU_EXPOSURE,V1,C,23,A,false,false,not_applicable,not_applicable,"V1 required, V0 context; shared R/U context in registered support block",retain fixed key and required denominator; no substitute seed,,,
S_RU_EXPOSURE,V1,C,23,B,true,true,missing_observation,not_evaluated,"V1 required, V0 context; shared R/U context in registered support block",retain fixed key and required denominator; no substitute seed,,,
S_RU_EXPOSURE,V1,C,23,Post,false,false,not_applicable,not_applicable,"V1 required, V0 context; shared R/U context in registered support block",retain fixed key and required denominator; no substitute seed,,,
S_RU_EXPOSURE,V1,C,23,Full,false,false,not_applicable,not_applicable,"V1 required, V0 context; shared R/U context in registered support block",retain fixed key and required denominator; no substitute seed,,,
