lane_id,edge_id,region,is_internal,length_m,speed_limit_mps,observed_classes,r_path_start_m,r_path_end_m,distance_to_merge_start_m,tls_link,first_downstream_eligible,measurement_ids,tls_id,source_network_sha256,qualification
:freeway_merge_0_0,:freeway_merge_0,ramp_merge_internal,True,12.6,30.55,R,1137.6699999999998,1150.2699999999998,-12.599999999999909,,False,,,a83bb0c3a03b7e74cf8c2360336eb0dfbb330073cf8b8f6aea9940ff7cf3d8ea,compiled static fact; dynamic mechanism not inferred
:freeway_merge_1_0,:freeway_merge_1,mainline_merge_internal,True,8.64,33.33,M,,,,,False,mainline_merge_entry_e1_l0,,a83bb0c3a03b7e74cf8c2360336eb0dfbb330073cf8b8f6aea9940ff7cf3d8ea,compiled static fact; dynamic mechanism not inferred
:freeway_merge_1_1,:freeway_merge_1,mainline_merge_internal,True,8.64,33.33,M,,,,,False,mainline_merge_entry_e1_l1,,a83bb0c3a03b7e74cf8c2360336eb0dfbb330073cf8b8f6aea9940ff7cf3d8ea,compiled static fact; dynamic mechanism not inferred
:ramp_mid_0_0,:ramp_mid_0,ramp_mid_internal,True,81.98,25.0,R,960.37,1042.35,-189.89999999999975,,False,,,a83bb0c3a03b7e74cf8c2360336eb0dfbb330073cf8b8f6aea9940ff7cf3d8ea,compiled static fact; dynamic mechanism not inferred
:urban_diverge_0_0,:urban_diverge_0,urban_diverge_internal,True,9.03,6.51,U,,,,,False,,,a83bb0c3a03b7e74cf8c2360336eb0dfbb330073cf8b8f6aea9940ff7cf3d8ea,compiled static fact; dynamic mechanism not inferred
:urban_diverge_1_0,:urban_diverge_1,ramp_diverge_internal,True,113.08,18.05,R,642.8,755.88,-507.4699999999998,,False,,,a83bb0c3a03b7e74cf8c2360336eb0dfbb330073cf8b8f6aea9940ff7cf3d8ea,compiled static fact; dynamic mechanism not inferred
:urban_tls_0_0,:urban_tls_0,urban_tls_internal,True,11.2,13.89,R|U,392.8,404.0,-757.4699999999998,0,False,,urban_tls,a83bb0c3a03b7e74cf8c2360336eb0dfbb330073cf8b8f6aea9940ff7cf3d8ea,compiled static fact; dynamic mechanism not inferred
:urban_tls_1_0,:urban_tls_1,cross_tls_internal,True,11.2,13.89,X,,,,1,False,,urban_tls,a83bb0c3a03b7e74cf8c2360336eb0dfbb330073cf8b8f6aea9940ff7cf3d8ea,compiled static fact; dynamic mechanism not inferred
cross_in_0,cross_in,cross_origin,False,446.0,13.89,X,,,,1,False,,urban_tls,a83bb0c3a03b7e74cf8c2360336eb0dfbb330073cf8b8f6aea9940ff7cf3d8ea,compiled static fact; dynamic mechanism not inferred
cross_out_0,cross_out,cross_out,False,442.8,13.89,X,,,,,False,,,a83bb0c3a03b7e74cf8c2360336eb0dfbb330073cf8b8f6aea9940ff7cf3d8ea,compiled static fact; dynamic mechanism not inferred
main_down_0,main_down,mainline_downstream,False,796.49,33.33,M|R,1150.2699999999998,1946.7599999999998,0.0,,True,merge_downstream_e1_l0,,a83bb0c3a03b7e74cf8c2360336eb0dfbb330073cf8b8f6aea9940ff7cf3d8ea,compiled static fact; dynamic mechanism not inferred
main_down_1,main_down,mainline_downstream,False,796.49,33.33,M|R,1150.2699999999998,1946.7599999999998,0.0,,True,merge_downstream_e1_l1,,a83bb0c3a03b7e74cf8c2360336eb0dfbb330073cf8b8f6aea9940ff7cf3d8ea,compiled static fact; dynamic mechanism not inferred
main_up_0,main_up,mainline_origin_observation,False,1394.87,33.33,M,,,,,False,merge_upstream_e1_l0,,a83bb0c3a03b7e74cf8c2360336eb0dfbb330073cf8b8f6aea9940ff7cf3d8ea,compiled static fact; dynamic mechanism not inferred
main_up_1,main_up,mainline_origin_observation,False,1394.87,33.33,M,,,,,False,merge_upstream_e1_l1,,a83bb0c3a03b7e74cf8c2360336eb0dfbb330073cf8b8f6aea9940ff7cf3d8ea,compiled static fact; dynamic mechanism not inferred
ramp_accel_0,ramp_accel,ramp_accel,False,95.32,27.78,R,1042.35,1137.6699999999998,-107.91999999999985,,False,,,a83bb0c3a03b7e74cf8c2360336eb0dfbb330073cf8b8f6aea9940ff7cf3d8ea,compiled static fact; dynamic mechanism not inferred
ramp_storage_0,ramp_storage,ramp_storage,False,204.49,22.22,R,755.88,960.37,-394.38999999999976,,False,ramp_storage_e2,,a83bb0c3a03b7e74cf8c2360336eb0dfbb330073cf8b8f6aea9940ff7cf3d8ea,compiled static fact; dynamic mechanism not inferred
shared_approach_0,shared_approach,shared_approach,False,238.8,13.89,R|U,404.0,642.8,-746.2699999999998,,False,shared_boundary_e2,,a83bb0c3a03b7e74cf8c2360336eb0dfbb330073cf8b8f6aea9940ff7cf3d8ea,compiled static fact; dynamic mechanism not inferred
urban_in_0,urban_in,urban_origin,False,392.8,13.89,R|U,0.0,392.8,-1150.2699999999998,0,False,,urban_tls,a83bb0c3a03b7e74cf8c2360336eb0dfbb330073cf8b8f6aea9940ff7cf3d8ea,compiled static fact; dynamic mechanism not inferred
urban_out_0,urban_out,urban_out,False,442.8,13.89,U,,,,,False,,,a83bb0c3a03b7e74cf8c2360336eb0dfbb330073cf8b8f6aea9940ff7cf3d8ea,compiled static fact; dynamic mechanism not inferred
