run_id,class,time_s,planned_before,entered_before,arrived_before,in_network_before,outside_confirmed,unaccounted_count,plan_count_status,schedule_time_status,departure_coverage_status,arrival_coverage_status,fcd_available,fcd_raw_in_network,fcd_raw_stopped,semantics
C17,M,0,0,0,0,0,,,verified_declared_flow_number,unverified,verified,verified,True,1,0,trip:event<t; FCD:raw label; no forced alignment
C17,M,30,,26,3,23,,,verified_declared_flow_number,unverified,verified,verified,True,23,0,trip:event<t; FCD:raw label; no forced alignment
C17,M,60,,53,29,24,,,verified_declared_flow_number,unverified,verified,verified,True,24,0,trip:event<t; FCD:raw label; no forced alignment
C17,M,90,,80,56,24,,,verified_declared_flow_number,unverified,verified,verified,True,25,0,trip:event<t; FCD:raw label; no forced alignment
C17,M,120,,106,80,26,,,verified_declared_flow_number,unverified,verified,verified,True,26,0,trip:event<t; FCD:raw label; no forced alignment
C17,M,150,,133,105,28,,,verified_declared_flow_number,unverified,verified,verified,True,28,0,trip:event<t; FCD:raw label; no forced alignment
C17,M,180,,160,130,30,,,verified_declared_flow_number,unverified,verified,verified,True,30,0,trip:event<t; FCD:raw label; no forced alignment
C17,M,210,,186,163,23,,,verified_declared_flow_number,unverified,verified,verified,True,23,0,trip:event<t; FCD:raw label; no forced alignment
C17,M,240,,213,187,26,,,verified_declared_flow_number,unverified,verified,verified,True,27,0,trip:event<t; FCD:raw label; no forced alignment
C17,M,270,,240,212,28,,,verified_declared_flow_number,unverified,verified,verified,True,28,0,trip:event<t; FCD:raw label; no forced alignment
C17,M,300,,266,237,29,,,verified_declared_flow_number,unverified,verified,verified,True,29,0,trip:event<t; FCD:raw label; no forced alignment
C17,M,330,,293,269,24,,,verified_declared_flow_number,unverified,verified,verified,True,25,0,trip:event<t; FCD:raw label; no forced alignment
C17,M,360,,320,293,27,,,verified_declared_flow_number,unverified,verified,verified,True,26,0,trip:event<t; FCD:raw label; no forced alignment
C17,M,390,,346,316,30,,,verified_declared_flow_number,unverified,verified,verified,True,30,0,trip:event<t; FCD:raw label; no forced alignment
C17,M,420,,373,348,25,,,verified_declared_flow_number,unverified,verified,verified,True,26,0,trip:event<t; FCD:raw label; no forced alignment
C17,M,450,,400,374,26,,,verified_declared_flow_number,unverified,verified,verified,True,25,0,trip:event<t; FCD:raw label; no forced alignment
C17,M,480,,426,400,26,,,verified_declared_flow_number,unverified,verified,verified,True,25,0,trip:event<t; FCD:raw label; no forced alignment
C17,M,510,,453,426,27,,,verified_declared_flow_number,unverified,verified,verified,True,28,0,trip:event<t; FCD:raw label; no forced alignment
C17,M,540,,480,456,24,,,verified_declared_flow_number,unverified,verified,verified,True,25,0,trip:event<t; FCD:raw label; no forced alignment
C17,M,570,,506,480,26,,,verified_declared_flow_number,unverified,verified,verified,True,27,0,trip:event<t; FCD:raw label; no forced alignment
C17,M,600,,533,503,30,,,verified_declared_flow_number,unverified,verified,verified,True,29,0,trip:event<t; FCD:raw label; no forced alignment
C17,M,630,,560,531,29,,,verified_declared_flow_number,unverified,verified,verified,True,30,0,trip:event<t; FCD:raw label; no forced alignment
C17,M,660,,586,559,27,,,verified_declared_flow_number,unverified,verified,verified,True,27,0,trip:event<t; FCD:raw label; no forced alignment
C17,M,690,,613,590,23,,,verified_declared_flow_number,unverified,verified,verified,True,23,0,trip:event<t; FCD:raw label; no forced alignment
C17,M,720,,640,617,23,,,verified_declared_flow_number,unverified,verified,verified,True,24,0,trip:event<t; FCD:raw label; no forced alignment
C17,M,750,,666,639,27,,,verified_declared_flow_number,unverified,verified,verified,True,26,0,trip:event<t; FCD:raw label; no forced alignment
C17,M,780,,693,668,25,,,verified_declared_flow_number,unverified,verified,verified,True,25,0,trip:event<t; FCD:raw label; no forced alignment
C17,M,810,,720,692,28,,,verified_declared_flow_number,unverified,verified,verified,True,28,0,trip:event<t; FCD:raw label; no forced alignment
C17,M,840,,746,720,26,,,verified_declared_flow_number,unverified,verified,verified,True,25,0,trip:event<t; FCD:raw label; no forced alignment
C17,M,870,,773,747,26,,,verified_declared_flow_number,unverified,verified,verified,True,26,0,trip:event<t; FCD:raw label; no forced alignment
C17,M,900,,800,775,25,,,verified_declared_flow_number,unverified,verified,verified,True,24,0,trip:event<t; FCD:raw label; no forced alignment
C17,M,930,,826,801,25,,,verified_declared_flow_number,unverified,verified,verified,True,26,0,trip:event<t; FCD:raw label; no forced alignment
C17,M,960,,853,822,31,,,verified_declared_flow_number,unverified,verified,verified,True,31,0,trip:event<t; FCD:raw label; no forced alignment
C17,M,990,,880,853,27,,,verified_declared_flow_number,unverified,verified,verified,True,26,0,trip:event<t; FCD:raw label; no forced alignment
C17,M,1020,,906,878,28,,,verified_declared_flow_number,unverified,verified,verified,True,28,0,trip:event<t; FCD:raw label; no forced alignment
C17,M,1050,,933,905,28,,,verified_declared_flow_number,unverified,verified,verified,True,29,0,trip:event<t; FCD:raw label; no forced alignment
C17,M,1080,,960,934,26,,,verified_declared_flow_number,unverified,verified,verified,True,25,0,trip:event<t; FCD:raw label; no forced alignment
C17,M,1110,,986,959,27,,,verified_declared_flow_number,unverified,verified,verified,True,26,0,trip:event<t; FCD:raw label; no forced alignment
C17,M,1140,,1013,984,29,,,verified_declared_flow_number,unverified,verified,verified,True,30,0,trip:event<t; FCD:raw label; no forced alignment
C17,M,1170,,1040,1016,24,,,verified_declared_flow_number,unverified,verified,verified,True,24,0,trip:event<t; FCD:raw label; no forced alignment
C17,M,1200,,1066,1040,26,,,verified_declared_flow_number,unverified,verified,verified,True,25,0,trip:event<t; FCD:raw label; no forced alignment
C17,M,1230,,1093,1065,28,,,verified_declared_flow_number,unverified,verified,verified,True,27,0,trip:event<t; FCD:raw label; no forced alignment
C17,M,1260,,1120,1091,29,,,verified_declared_flow_number,unverified,verified,verified,True,29,0,trip:event<t; FCD:raw label; no forced alignment
C17,M,1290,,1146,1116,30,,,verified_declared_flow_number,unverified,verified,verified,True,29,0,trip:event<t; FCD:raw label; no forced alignment
C17,M,1320,,1173,1149,24,,,verified_declared_flow_number,unverified,verified,verified,True,25,0,trip:event<t; FCD:raw label; no forced alignment
C17,M,1350,,1200,1170,30,,,verified_declared_flow_number,unverified,verified,verified,True,31,0,trip:event<t; FCD:raw label; no forced alignment
C17,M,1380,,1226,1199,27,,,verified_declared_flow_number,unverified,verified,verified,True,26,0,trip:event<t; FCD:raw label; no forced alignment
C17,M,1410,,1253,1225,28,,,verified_declared_flow_number,unverified,verified,verified,True,28,0,trip:event<t; FCD:raw label; no forced alignment
C17,M,1440,,1280,1255,25,,,verified_declared_flow_number,unverified,verified,verified,True,25,0,trip:event<t; FCD:raw label; no forced alignment
C17,M,1470,,1306,1281,25,,,verified_declared_flow_number,unverified,verified,verified,True,25,0,trip:event<t; FCD:raw label; no forced alignment
C17,M,1500,1333,1333,1306,27,0,0,verified_declared_flow_number,unverified,verified,verified,True,27,0,trip:event<t; FCD:raw label; no forced alignment
C17,M,1530,,1333,1333,0,,,verified_declared_flow_number,unverified,verified,verified,True,0,0,trip:event<t; FCD:raw label; no forced alignment
C17,M,1560,,1333,1333,0,,,verified_declared_flow_number,unverified,verified,verified,True,0,0,trip:event<t; FCD:raw label; no forced alignment
C17,M,1590,,1333,1333,0,,,verified_declared_flow_number,unverified,verified,verified,True,0,0,trip:event<t; FCD:raw label; no forced alignment
C17,M,1620,,1333,1333,0,,,verified_declared_flow_number,unverified,verified,verified,True,0,0,trip:event<t; FCD:raw label; no forced alignment
C17,M,1650,,1333,1333,0,,,verified_declared_flow_number,unverified,verified,verified,True,0,0,trip:event<t; FCD:raw label; no forced alignment
C17,M,1680,,1333,1333,0,,,verified_declared_flow_number,unverified,verified,verified,True,0,0,trip:event<t; FCD:raw label; no forced alignment
C17,M,1710,,1333,1333,0,,,verified_declared_flow_number,unverified,verified,verified,True,0,0,trip:event<t; FCD:raw label; no forced alignment
C17,M,1740,,1333,1333,0,,,verified_declared_flow_number,unverified,verified,verified,True,0,0,trip:event<t; FCD:raw label; no forced alignment
C17,M,1770,,1333,1333,0,,,verified_declared_flow_number,unverified,verified,verified,True,0,0,trip:event<t; FCD:raw label; no forced alignment
C17,M,1800,,1333,1333,0,,,verified_declared_flow_number,unverified,verified,verified,True,0,0,trip:event<t; FCD:raw label; no forced alignment
C17,M,1830,,1333,1333,0,,,verified_declared_flow_number,unverified,verified,verified,True,0,0,trip:event<t; FCD:raw label; no forced alignment
C17,M,1860,,1333,1333,0,,,verified_declared_flow_number,unverified,verified,verified,True,0,0,trip:event<t; FCD:raw label; no forced alignment
C17,M,1890,,1333,1333,0,,,verified_declared_flow_number,unverified,verified,verified,True,0,0,trip:event<t; FCD:raw label; no forced alignment
C17,M,1920,,1333,1333,0,,,verified_declared_flow_number,unverified,verified,verified,True,0,0,trip:event<t; FCD:raw label; no forced alignment
C17,M,1950,,1333,1333,0,,,verified_declared_flow_number,unverified,verified,verified,True,0,0,trip:event<t; FCD:raw label; no forced alignment
C17,M,1980,,1333,1333,0,,,verified_declared_flow_number,unverified,verified,verified,True,0,0,trip:event<t; FCD:raw label; no forced alignment
C17,M,2010,,1333,1333,0,,,verified_declared_flow_number,unverified,verified,verified,True,0,0,trip:event<t; FCD:raw label; no forced alignment
C17,M,2040,,1333,1333,0,,,verified_declared_flow_number,unverified,verified,verified,True,0,0,trip:event<t; FCD:raw label; no forced alignment
C17,M,2070,,1333,1333,0,,,verified_declared_flow_number,unverified,verified,verified,True,0,0,trip:event<t; FCD:raw label; no forced alignment
C17,M,2100,,1333,1333,0,,,verified_declared_flow_number,unverified,verified,verified,True,0,0,trip:event<t; FCD:raw label; no forced alignment
C17,M,2130,,1333,1333,0,,,verified_declared_flow_number,unverified,verified,verified,True,0,0,trip:event<t; FCD:raw label; no forced alignment
C17,M,2160,,1333,1333,0,,,verified_declared_flow_number,unverified,verified,verified,True,0,0,trip:event<t; FCD:raw label; no forced alignment
C17,M,2190,,1333,1333,0,,,verified_declared_flow_number,unverified,verified,verified,True,0,0,trip:event<t; FCD:raw label; no forced alignment
C17,M,2220,,1333,1333,0,,,verified_declared_flow_number,unverified,verified,verified,True,0,0,trip:event<t; FCD:raw label; no forced alignment
C17,M,2250,,1333,1333,0,,,verified_declared_flow_number,unverified,verified,verified,True,0,0,trip:event<t; FCD:raw label; no forced alignment
C17,M,2280,,1333,1333,0,,,verified_declared_flow_number,unverified,verified,verified,True,0,0,trip:event<t; FCD:raw label; no forced alignment
C17,M,2310,,1333,1333,0,,,verified_declared_flow_number,unverified,verified,verified,True,0,0,trip:event<t; FCD:raw label; no forced alignment
C17,M,2340,,1333,1333,0,,,verified_declared_flow_number,unverified,verified,verified,True,0,0,trip:event<t; FCD:raw label; no forced alignment
C17,M,2370,,1333,1333,0,,,verified_declared_flow_number,unverified,verified,verified,True,0,0,trip:event<t; FCD:raw label; no forced alignment
C17,M,2400,,1333,1333,0,,,verified_declared_flow_number,unverified,verified,verified,True,0,0,trip:event<t; FCD:raw label; no forced alignment
C17,M,2430,,1333,1333,0,,,verified_declared_flow_number,unverified,verified,verified,True,0,0,trip:event<t; FCD:raw label; no forced alignment
C17,M,2460,,1333,1333,0,,,verified_declared_flow_number,unverified,verified,verified,True,0,0,trip:event<t; FCD:raw label; no forced alignment
C17,M,2490,,1333,1333,0,,,verified_declared_flow_number,unverified,verified,verified,True,0,0,trip:event<t; FCD:raw label; no forced alignment
C17,M,2520,,1333,1333,0,,,verified_declared_flow_number,unverified,verified,verified,True,0,0,trip:event<t; FCD:raw label; no forced alignment
C17,M,2550,,1333,1333,0,,,verified_declared_flow_number,unverified,verified,verified,True,0,0,trip:event<t; FCD:raw label; no forced alignment
C17,M,2580,,1333,1333,0,,,verified_declared_flow_number,unverified,verified,verified,True,0,0,trip:event<t; FCD:raw label; no forced alignment
C17,M,2610,,1333,1333,0,,,verified_declared_flow_number,unverified,verified,verified,True,0,0,trip:event<t; FCD:raw label; no forced alignment
C17,M,2640,,1333,1333,0,,,verified_declared_flow_number,unverified,verified,verified,True,0,0,trip:event<t; FCD:raw label; no forced alignment
C17,M,2670,,1333,1333,0,,,verified_declared_flow_number,unverified,verified,verified,True,0,0,trip:event<t; FCD:raw label; no forced alignment
C17,M,2700,1333,1333,1333,0,0,0,verified_declared_flow_number,unverified,verified,verified,False,,,trip:event<t; FCD:raw label; no forced alignment
C17,R,0,0,0,0,0,,,verified_declared_flow_number,unverified,verified,verified,True,1,0,trip:event<t; FCD:raw label; no forced alignment
C17,R,30,,6,0,6,,,verified_declared_flow_number,unverified,verified,verified,True,7,0,trip:event<t; FCD:raw label; no forced alignment
C17,R,60,,12,0,12,,,verified_declared_flow_number,unverified,verified,verified,True,13,5,trip:event<t; FCD:raw label; no forced alignment
C17,R,90,,18,0,18,,,verified_declared_flow_number,unverified,verified,verified,True,19,8,trip:event<t; FCD:raw label; no forced alignment
C17,R,120,,24,1,23,,,verified_declared_flow_number,unverified,verified,verified,True,24,10,trip:event<t; FCD:raw label; no forced alignment
C17,R,150,,30,2,28,,,verified_declared_flow_number,unverified,verified,verified,True,29,12,trip:event<t; FCD:raw label; no forced alignment
C17,R,180,,36,3,33,,,verified_declared_flow_number,unverified,verified,verified,True,33,23,trip:event<t; FCD:raw label; no forced alignment
C17,R,210,,42,4,38,,,verified_declared_flow_number,unverified,verified,verified,True,39,20,trip:event<t; FCD:raw label; no forced alignment
C17,R,240,,48,5,43,,,verified_declared_flow_number,unverified,verified,verified,True,44,24,trip:event<t; FCD:raw label; no forced alignment
C17,R,270,,54,6,48,,,verified_declared_flow_number,unverified,verified,verified,True,49,19,trip:event<t; FCD:raw label; no forced alignment
C17,R,300,,60,7,53,,,verified_declared_flow_number,unverified,verified,verified,True,54,35,trip:event<t; FCD:raw label; no forced alignment
C17,R,330,,66,7,59,,,verified_declared_flow_number,unverified,verified,verified,True,60,39,trip:event<t; FCD:raw label; no forced alignment
C17,R,360,,72,8,64,,,verified_declared_flow_number,unverified,verified,verified,True,65,39,trip:event<t; FCD:raw label; no forced alignment
C17,R,390,,78,9,69,,,verified_declared_flow_number,unverified,verified,verified,True,70,42,trip:event<t; FCD:raw label; no forced alignment
C17,R,420,,84,9,75,,,verified_declared_flow_number,unverified,verified,verified,True,76,49,trip:event<t; FCD:raw label; no forced alignment
C17,R,450,,90,10,80,,,verified_declared_flow_number,unverified,verified,verified,True,81,43,trip:event<t; FCD:raw label; no forced alignment
C17,R,480,,96,11,85,,,verified_declared_flow_number,unverified,verified,verified,True,86,52,trip:event<t; FCD:raw label; no forced alignment
C17,R,510,,102,11,91,,,verified_declared_flow_number,unverified,verified,verified,True,91,56,trip:event<t; FCD:raw label; no forced alignment
C17,R,540,,108,12,96,,,verified_declared_flow_number,unverified,verified,verified,True,97,56,trip:event<t; FCD:raw label; no forced alignment
C17,R,570,,114,13,101,,,verified_declared_flow_number,unverified,verified,verified,True,102,66,trip:event<t; FCD:raw label; no forced alignment
C17,R,600,,120,14,106,,,verified_declared_flow_number,unverified,verified,verified,True,107,59,trip:event<t; FCD:raw label; no forced alignment
C17,R,630,,126,15,111,,,verified_declared_flow_number,unverified,verified,verified,True,112,63,trip:event<t; FCD:raw label; no forced alignment
C17,R,660,,131,16,115,,,verified_declared_flow_number,unverified,verified,verified,True,115,52,trip:event<t; FCD:raw label; no forced alignment
C17,R,690,,132,17,115,,,verified_declared_flow_number,unverified,verified,verified,True,115,63,trip:event<t; FCD:raw label; no forced alignment
C17,R,720,,132,17,115,,,verified_declared_flow_number,unverified,verified,verified,True,115,66,trip:event<t; FCD:raw label; no forced alignment
C17,R,750,,135,18,117,,,verified_declared_flow_number,unverified,verified,verified,True,117,75,trip:event<t; FCD:raw label; no forced alignment
C17,R,780,,135,18,117,,,verified_declared_flow_number,unverified,verified,verified,True,117,80,trip:event<t; FCD:raw label; no forced alignment
C17,R,810,,136,19,117,,,verified_declared_flow_number,unverified,verified,verified,True,117,90,trip:event<t; FCD:raw label; no forced alignment
C17,R,840,,137,19,118,,,verified_declared_flow_number,unverified,verified,verified,True,118,90,trip:event<t; FCD:raw label; no forced alignment
C17,R,870,,137,20,117,,,verified_declared_flow_number,unverified,verified,verified,True,117,89,trip:event<t; FCD:raw label; no forced alignment
C17,R,900,,137,20,117,,,verified_declared_flow_number,unverified,verified,verified,True,117,79,trip:event<t; FCD:raw label; no forced alignment
C17,R,930,,137,21,116,,,verified_declared_flow_number,unverified,verified,verified,True,116,77,trip:event<t; FCD:raw label; no forced alignment
C17,R,960,,139,22,117,,,verified_declared_flow_number,unverified,verified,verified,True,117,77,trip:event<t; FCD:raw label; no forced alignment
C17,R,990,,139,23,116,,,verified_declared_flow_number,unverified,verified,verified,True,116,65,trip:event<t; FCD:raw label; no forced alignment
C17,R,1020,,139,24,115,,,verified_declared_flow_number,unverified,verified,verified,True,115,68,trip:event<t; FCD:raw label; no forced alignment
C17,R,1050,,140,24,116,,,verified_declared_flow_number,unverified,verified,verified,True,116,68,trip:event<t; FCD:raw label; no forced alignment
C17,R,1080,,141,25,116,,,verified_declared_flow_number,unverified,verified,verified,True,116,74,trip:event<t; FCD:raw label; no forced alignment
C17,R,1110,,141,26,115,,,verified_declared_flow_number,unverified,verified,verified,True,115,62,trip:event<t; FCD:raw label; no forced alignment
C17,R,1140,,142,27,115,,,verified_declared_flow_number,unverified,verified,verified,True,115,67,trip:event<t; FCD:raw label; no forced alignment
C17,R,1170,,143,27,116,,,verified_declared_flow_number,unverified,verified,verified,True,116,80,trip:event<t; FCD:raw label; no forced alignment
C17,R,1200,,145,27,118,,,verified_declared_flow_number,unverified,verified,verified,True,118,88,trip:event<t; FCD:raw label; no forced alignment
C17,R,1230,,145,28,117,,,verified_declared_flow_number,unverified,verified,verified,True,117,85,trip:event<t; FCD:raw label; no forced alignment
C17,R,1260,,145,28,117,,,verified_declared_flow_number,unverified,verified,verified,True,116,71,trip:event<t; FCD:raw label; no forced alignment
C17,R,1290,,147,30,117,,,verified_declared_flow_number,unverified,verified,verified,True,117,81,trip:event<t; FCD:raw label; no forced alignment
C17,R,1320,,147,30,117,,,verified_declared_flow_number,unverified,verified,verified,True,117,73,trip:event<t; FCD:raw label; no forced alignment
C17,R,1350,,147,31,116,,,verified_declared_flow_number,unverified,verified,verified,True,116,77,trip:event<t; FCD:raw label; no forced alignment
C17,R,1380,,147,31,116,,,verified_declared_flow_number,unverified,verified,verified,True,116,63,trip:event<t; FCD:raw label; no forced alignment
C17,R,1410,,148,32,116,,,verified_declared_flow_number,unverified,verified,verified,True,116,73,trip:event<t; FCD:raw label; no forced alignment
C17,R,1440,,148,33,115,,,verified_declared_flow_number,unverified,verified,verified,True,116,70,trip:event<t; FCD:raw label; no forced alignment
C17,R,1470,,150,34,116,,,verified_declared_flow_number,unverified,verified,verified,True,116,63,trip:event<t; FCD:raw label; no forced alignment
C17,R,1500,300,150,35,115,150,0,verified_declared_flow_number,unverified,verified,verified,True,115,56,trip:event<t; FCD:raw label; no forced alignment
C17,R,1530,,151,36,115,,,verified_declared_flow_number,unverified,verified,verified,True,115,38,trip:event<t; FCD:raw label; no forced alignment
C17,R,1560,,152,47,105,,,verified_declared_flow_number,unverified,verified,verified,True,105,29,trip:event<t; FCD:raw label; no forced alignment
C17,R,1590,,153,60,93,,,verified_declared_flow_number,unverified,verified,verified,True,92,16,trip:event<t; FCD:raw label; no forced alignment
C17,R,1620,,154,71,83,,,verified_declared_flow_number,unverified,verified,verified,True,82,14,trip:event<t; FCD:raw label; no forced alignment
C17,R,1650,,154,85,69,,,verified_declared_flow_number,unverified,verified,verified,True,69,5,trip:event<t; FCD:raw label; no forced alignment
C17,R,1680,,156,96,60,,,verified_declared_flow_number,unverified,verified,verified,True,59,4,trip:event<t; FCD:raw label; no forced alignment
C17,R,1710,,164,109,55,,,verified_declared_flow_number,unverified,verified,verified,True,55,1,trip:event<t; FCD:raw label; no forced alignment
C17,R,1740,,169,122,47,,,verified_declared_flow_number,unverified,verified,verified,True,47,4,trip:event<t; FCD:raw label; no forced alignment
C17,R,1770,,180,133,47,,,verified_declared_flow_number,unverified,verified,verified,True,47,0,trip:event<t; FCD:raw label; no forced alignment
C17,R,1800,,185,144,41,,,verified_declared_flow_number,unverified,verified,verified,True,40,4,trip:event<t; FCD:raw label; no forced alignment
C17,R,1830,,195,153,42,,,verified_declared_flow_number,unverified,verified,verified,True,41,0,trip:event<t; FCD:raw label; no forced alignment
C17,R,1860,,200,163,37,,,verified_declared_flow_number,unverified,verified,verified,True,37,5,trip:event<t; FCD:raw label; no forced alignment
C17,R,1890,,211,171,40,,,verified_declared_flow_number,unverified,verified,verified,True,39,0,trip:event<t; FCD:raw label; no forced alignment
C17,R,1920,,216,179,37,,,verified_declared_flow_number,unverified,verified,verified,True,37,4,trip:event<t; FCD:raw label; no forced alignment
C17,R,1950,,225,185,40,,,verified_declared_flow_number,unverified,verified,verified,True,40,0,trip:event<t; FCD:raw label; no forced alignment
C17,R,1980,,231,193,38,,,verified_declared_flow_number,unverified,verified,verified,True,38,6,trip:event<t; FCD:raw label; no forced alignment
C17,R,2010,,241,201,40,,,verified_declared_flow_number,unverified,verified,verified,True,40,0,trip:event<t; FCD:raw label; no forced alignment
C17,R,2040,,246,209,37,,,verified_declared_flow_number,unverified,verified,verified,True,37,4,trip:event<t; FCD:raw label; no forced alignment
C17,R,2070,,255,215,40,,,verified_declared_flow_number,unverified,verified,verified,True,41,0,trip:event<t; FCD:raw label; no forced alignment
C17,R,2100,,261,224,37,,,verified_declared_flow_number,unverified,verified,verified,True,37,5,trip:event<t; FCD:raw label; no forced alignment
C17,R,2130,,271,231,40,,,verified_declared_flow_number,unverified,verified,verified,True,40,1,trip:event<t; FCD:raw label; no forced alignment
C17,R,2160,,276,239,37,,,verified_declared_flow_number,unverified,verified,verified,True,37,4,trip:event<t; FCD:raw label; no forced alignment
C17,R,2190,,286,245,41,,,verified_declared_flow_number,unverified,verified,verified,True,42,0,trip:event<t; FCD:raw label; no forced alignment
C17,R,2220,,292,254,38,,,verified_declared_flow_number,unverified,verified,verified,True,38,5,trip:event<t; FCD:raw label; no forced alignment
C17,R,2250,,300,261,39,,,verified_declared_flow_number,unverified,verified,verified,True,39,0,trip:event<t; FCD:raw label; no forced alignment
C17,R,2280,,300,268,32,,,verified_declared_flow_number,unverified,verified,verified,True,32,5,trip:event<t; FCD:raw label; no forced alignment
C17,R,2310,,300,276,24,,,verified_declared_flow_number,unverified,verified,verified,True,23,0,trip:event<t; FCD:raw label; no forced alignment
C17,R,2340,,300,284,16,,,verified_declared_flow_number,unverified,verified,verified,True,16,0,trip:event<t; FCD:raw label; no forced alignment
C17,R,2370,,300,290,10,,,verified_declared_flow_number,unverified,verified,verified,True,10,0,trip:event<t; FCD:raw label; no forced alignment
C17,R,2400,,300,299,1,,,verified_declared_flow_number,unverified,verified,verified,True,1,0,trip:event<t; FCD:raw label; no forced alignment
C17,R,2430,,300,300,0,,,verified_declared_flow_number,unverified,verified,verified,True,0,0,trip:event<t; FCD:raw label; no forced alignment
C17,R,2460,,300,300,0,,,verified_declared_flow_number,unverified,verified,verified,True,0,0,trip:event<t; FCD:raw label; no forced alignment
C17,R,2490,,300,300,0,,,verified_declared_flow_number,unverified,verified,verified,True,0,0,trip:event<t; FCD:raw label; no forced alignment
C17,R,2520,,300,300,0,,,verified_declared_flow_number,unverified,verified,verified,True,0,0,trip:event<t; FCD:raw label; no forced alignment
C17,R,2550,,300,300,0,,,verified_declared_flow_number,unverified,verified,verified,True,0,0,trip:event<t; FCD:raw label; no forced alignment
C17,R,2580,,300,300,0,,,verified_declared_flow_number,unverified,verified,verified,True,0,0,trip:event<t; FCD:raw label; no forced alignment
C17,R,2610,,300,300,0,,,verified_declared_flow_number,unverified,verified,verified,True,0,0,trip:event<t; FCD:raw label; no forced alignment
C17,R,2640,,300,300,0,,,verified_declared_flow_number,unverified,verified,verified,True,0,0,trip:event<t; FCD:raw label; no forced alignment
C17,R,2670,,300,300,0,,,verified_declared_flow_number,unverified,verified,verified,True,0,0,trip:event<t; FCD:raw label; no forced alignment
C17,R,2700,300,300,300,0,0,0,verified_declared_flow_number,unverified,verified,verified,False,,,trip:event<t; FCD:raw label; no forced alignment
C17,U,0,0,0,0,0,,,verified_declared_flow_number,unverified,verified,verified,True,1,0,trip:event<t; FCD:raw label; no forced alignment
C17,U,30,,3,0,3,,,verified_declared_flow_number,unverified,verified,verified,True,4,0,trip:event<t; FCD:raw label; no forced alignment
C17,U,60,,6,1,5,,,verified_declared_flow_number,unverified,verified,verified,True,6,1,trip:event<t; FCD:raw label; no forced alignment
C17,U,90,,9,4,5,,,verified_declared_flow_number,unverified,verified,verified,True,6,0,trip:event<t; FCD:raw label; no forced alignment
C17,U,120,,12,5,7,,,verified_declared_flow_number,unverified,verified,verified,True,8,1,trip:event<t; FCD:raw label; no forced alignment
C17,U,150,,15,9,6,,,verified_declared_flow_number,unverified,verified,verified,True,7,0,trip:event<t; FCD:raw label; no forced alignment
C17,U,180,,18,11,7,,,verified_declared_flow_number,unverified,verified,verified,True,8,1,trip:event<t; FCD:raw label; no forced alignment
C17,U,210,,21,15,6,,,verified_declared_flow_number,unverified,verified,verified,True,7,0,trip:event<t; FCD:raw label; no forced alignment
C17,U,240,,24,17,7,,,verified_declared_flow_number,unverified,verified,verified,True,8,1,trip:event<t; FCD:raw label; no forced alignment
C17,U,270,,27,22,5,,,verified_declared_flow_number,unverified,verified,verified,True,6,0,trip:event<t; FCD:raw label; no forced alignment
C17,U,300,,30,23,7,,,verified_declared_flow_number,unverified,verified,verified,True,8,1,trip:event<t; FCD:raw label; no forced alignment
C17,U,330,,33,26,7,,,verified_declared_flow_number,unverified,verified,verified,True,8,0,trip:event<t; FCD:raw label; no forced alignment
C17,U,360,,36,30,6,,,verified_declared_flow_number,unverified,verified,verified,True,7,1,trip:event<t; FCD:raw label; no forced alignment
C17,U,390,,39,32,7,,,verified_declared_flow_number,unverified,verified,verified,True,8,0,trip:event<t; FCD:raw label; no forced alignment
C17,U,420,,42,35,7,,,verified_declared_flow_number,unverified,verified,verified,True,8,3,trip:event<t; FCD:raw label; no forced alignment
C17,U,450,,45,37,8,,,verified_declared_flow_number,unverified,verified,verified,True,9,3,trip:event<t; FCD:raw label; no forced alignment
C17,U,480,,48,37,11,,,verified_declared_flow_number,unverified,verified,verified,True,12,8,trip:event<t; FCD:raw label; no forced alignment
C17,U,510,,51,37,14,,,verified_declared_flow_number,unverified,verified,verified,True,15,6,trip:event<t; FCD:raw label; no forced alignment
C17,U,540,,54,38,16,,,verified_declared_flow_number,unverified,verified,verified,True,17,8,trip:event<t; FCD:raw label; no forced alignment
C17,U,570,,57,38,19,,,verified_declared_flow_number,unverified,verified,verified,True,20,14,trip:event<t; FCD:raw label; no forced alignment
C17,U,600,,60,38,22,,,verified_declared_flow_number,unverified,verified,verified,True,23,14,trip:event<t; FCD:raw label; no forced alignment
C17,U,630,,63,39,24,,,verified_declared_flow_number,unverified,verified,verified,True,25,14,trip:event<t; FCD:raw label; no forced alignment
C17,U,660,,66,39,27,,,verified_declared_flow_number,unverified,verified,verified,True,27,12,trip:event<t; FCD:raw label; no forced alignment
C17,U,690,,66,40,26,,,verified_declared_flow_number,unverified,verified,verified,True,26,9,trip:event<t; FCD:raw label; no forced alignment
C17,U,720,,66,40,26,,,verified_declared_flow_number,unverified,verified,verified,True,26,8,trip:event<t; FCD:raw label; no forced alignment
C17,U,750,,67,41,26,,,verified_declared_flow_number,unverified,verified,verified,True,26,9,trip:event<t; FCD:raw label; no forced alignment
C17,U,780,,68,41,27,,,verified_declared_flow_number,unverified,verified,verified,True,27,19,trip:event<t; FCD:raw label; no forced alignment
C17,U,810,,68,41,27,,,verified_declared_flow_number,unverified,verified,verified,True,27,19,trip:event<t; FCD:raw label; no forced alignment
C17,U,840,,68,41,27,,,verified_declared_flow_number,unverified,verified,verified,True,26,22,trip:event<t; FCD:raw label; no forced alignment
C17,U,870,,68,42,26,,,verified_declared_flow_number,unverified,verified,verified,True,26,18,trip:event<t; FCD:raw label; no forced alignment
C17,U,900,,68,42,26,,,verified_declared_flow_number,unverified,verified,verified,True,27,20,trip:event<t; FCD:raw label; no forced alignment
C17,U,930,,69,42,27,,,verified_declared_flow_number,unverified,verified,verified,True,27,17,trip:event<t; FCD:raw label; no forced alignment
C17,U,960,,69,43,26,,,verified_declared_flow_number,unverified,verified,verified,True,26,19,trip:event<t; FCD:raw label; no forced alignment
C17,U,990,,69,43,26,,,verified_declared_flow_number,unverified,verified,verified,True,26,14,trip:event<t; FCD:raw label; no forced alignment
C17,U,1020,,70,43,27,,,verified_declared_flow_number,unverified,verified,verified,True,27,14,trip:event<t; FCD:raw label; no forced alignment
C17,U,1050,,70,44,26,,,verified_declared_flow_number,unverified,verified,verified,True,26,11,trip:event<t; FCD:raw label; no forced alignment
C17,U,1080,,70,44,26,,,verified_declared_flow_number,unverified,verified,verified,True,26,16,trip:event<t; FCD:raw label; no forced alignment
C17,U,1110,,71,44,27,,,verified_declared_flow_number,unverified,verified,verified,True,26,12,trip:event<t; FCD:raw label; no forced alignment
C17,U,1140,,71,45,26,,,verified_declared_flow_number,unverified,verified,verified,True,26,13,trip:event<t; FCD:raw label; no forced alignment
C17,U,1170,,72,45,27,,,verified_declared_flow_number,unverified,verified,verified,True,27,14,trip:event<t; FCD:raw label; no forced alignment
C17,U,1200,,72,46,26,,,verified_declared_flow_number,unverified,verified,verified,True,26,16,trip:event<t; FCD:raw label; no forced alignment
C17,U,1230,,72,46,26,,,verified_declared_flow_number,unverified,verified,verified,True,26,18,trip:event<t; FCD:raw label; no forced alignment
C17,U,1260,,72,46,26,,,verified_declared_flow_number,unverified,verified,verified,True,27,19,trip:event<t; FCD:raw label; no forced alignment
C17,U,1290,,73,46,27,,,verified_declared_flow_number,unverified,verified,verified,True,27,21,trip:event<t; FCD:raw label; no forced alignment
C17,U,1320,,73,46,27,,,verified_declared_flow_number,unverified,verified,verified,True,26,17,trip:event<t; FCD:raw label; no forced alignment
C17,U,1350,,73,47,26,,,verified_declared_flow_number,unverified,verified,verified,True,26,10,trip:event<t; FCD:raw label; no forced alignment
C17,U,1380,,73,47,26,,,verified_declared_flow_number,unverified,verified,verified,True,26,14,trip:event<t; FCD:raw label; no forced alignment
C17,U,1410,,74,48,26,,,verified_declared_flow_number,unverified,verified,verified,True,26,16,trip:event<t; FCD:raw label; no forced alignment
C17,U,1440,,74,48,26,,,verified_declared_flow_number,unverified,verified,verified,True,26,18,trip:event<t; FCD:raw label; no forced alignment
C17,U,1470,,75,48,27,,,verified_declared_flow_number,unverified,verified,verified,True,27,14,trip:event<t; FCD:raw label; no forced alignment
C17,U,1500,150,75,49,26,75,0,verified_declared_flow_number,unverified,verified,verified,True,26,11,trip:event<t; FCD:raw label; no forced alignment
C17,U,1530,,76,49,27,,,verified_declared_flow_number,unverified,verified,verified,True,27,9,trip:event<t; FCD:raw label; no forced alignment
C17,U,1560,,76,50,26,,,verified_declared_flow_number,unverified,verified,verified,True,26,11,trip:event<t; FCD:raw label; no forced alignment
C17,U,1590,,76,50,26,,,verified_declared_flow_number,unverified,verified,verified,True,26,6,trip:event<t; FCD:raw label; no forced alignment
C17,U,1620,,77,51,26,,,verified_declared_flow_number,unverified,verified,verified,True,26,8,trip:event<t; FCD:raw label; no forced alignment
C17,U,1650,,77,56,21,,,verified_declared_flow_number,unverified,verified,verified,True,21,2,trip:event<t; FCD:raw label; no forced alignment
C17,U,1680,,78,59,19,,,verified_declared_flow_number,unverified,verified,verified,True,19,2,trip:event<t; FCD:raw label; no forced alignment
C17,U,1710,,82,63,19,,,verified_declared_flow_number,unverified,verified,verified,True,19,0,trip:event<t; FCD:raw label; no forced alignment
C17,U,1740,,84,67,17,,,verified_declared_flow_number,unverified,verified,verified,True,18,2,trip:event<t; FCD:raw label; no forced alignment
C17,U,1770,,90,72,18,,,verified_declared_flow_number,unverified,verified,verified,True,18,0,trip:event<t; FCD:raw label; no forced alignment
C17,U,1800,,92,75,17,,,verified_declared_flow_number,unverified,verified,verified,True,16,2,trip:event<t; FCD:raw label; no forced alignment
C17,U,1830,,98,80,18,,,verified_declared_flow_number,unverified,verified,verified,True,18,0,trip:event<t; FCD:raw label; no forced alignment
C17,U,1860,,100,85,15,,,verified_declared_flow_number,unverified,verified,verified,True,15,2,trip:event<t; FCD:raw label; no forced alignment
C17,U,1890,,105,89,16,,,verified_declared_flow_number,unverified,verified,verified,True,16,0,trip:event<t; FCD:raw label; no forced alignment
C17,U,1920,,108,92,16,,,verified_declared_flow_number,unverified,verified,verified,True,16,2,trip:event<t; FCD:raw label; no forced alignment
C17,U,1950,,113,97,16,,,verified_declared_flow_number,unverified,verified,verified,True,16,0,trip:event<t; FCD:raw label; no forced alignment
C17,U,1980,,115,99,16,,,verified_declared_flow_number,unverified,verified,verified,True,15,2,trip:event<t; FCD:raw label; no forced alignment
C17,U,2010,,120,103,17,,,verified_declared_flow_number,unverified,verified,verified,True,17,0,trip:event<t; FCD:raw label; no forced alignment
C17,U,2040,,123,106,17,,,verified_declared_flow_number,unverified,verified,verified,True,16,3,trip:event<t; FCD:raw label; no forced alignment
C17,U,2070,,128,110,18,,,verified_declared_flow_number,unverified,verified,verified,True,18,0,trip:event<t; FCD:raw label; no forced alignment
C17,U,2100,,131,115,16,,,verified_declared_flow_number,unverified,verified,verified,True,16,2,trip:event<t; FCD:raw label; no forced alignment
C17,U,2130,,135,118,17,,,verified_declared_flow_number,unverified,verified,verified,True,17,0,trip:event<t; FCD:raw label; no forced alignment
C17,U,2160,,138,122,16,,,verified_declared_flow_number,unverified,verified,verified,True,16,1,trip:event<t; FCD:raw label; no forced alignment
C17,U,2190,,143,126,17,,,verified_declared_flow_number,unverified,verified,verified,True,17,0,trip:event<t; FCD:raw label; no forced alignment
C17,U,2220,,146,129,17,,,verified_declared_flow_number,unverified,verified,verified,True,16,2,trip:event<t; FCD:raw label; no forced alignment
C17,U,2250,,150,134,16,,,verified_declared_flow_number,unverified,verified,verified,True,16,0,trip:event<t; FCD:raw label; no forced alignment
C17,U,2280,,150,137,13,,,verified_declared_flow_number,unverified,verified,verified,True,13,2,trip:event<t; FCD:raw label; no forced alignment
C17,U,2310,,150,140,10,,,verified_declared_flow_number,unverified,verified,verified,True,9,0,trip:event<t; FCD:raw label; no forced alignment
C17,U,2340,,150,145,5,,,verified_declared_flow_number,unverified,verified,verified,True,5,0,trip:event<t; FCD:raw label; no forced alignment
C17,U,2370,,150,148,2,,,verified_declared_flow_number,unverified,verified,verified,True,2,0,trip:event<t; FCD:raw label; no forced alignment
C17,U,2400,,150,150,0,,,verified_declared_flow_number,unverified,verified,verified,True,0,0,trip:event<t; FCD:raw label; no forced alignment
C17,U,2430,,150,150,0,,,verified_declared_flow_number,unverified,verified,verified,True,0,0,trip:event<t; FCD:raw label; no forced alignment
C17,U,2460,,150,150,0,,,verified_declared_flow_number,unverified,verified,verified,True,0,0,trip:event<t; FCD:raw label; no forced alignment
C17,U,2490,,150,150,0,,,verified_declared_flow_number,unverified,verified,verified,True,0,0,trip:event<t; FCD:raw label; no forced alignment
C17,U,2520,,150,150,0,,,verified_declared_flow_number,unverified,verified,verified,True,0,0,trip:event<t; FCD:raw label; no forced alignment
C17,U,2550,,150,150,0,,,verified_declared_flow_number,unverified,verified,verified,True,0,0,trip:event<t; FCD:raw label; no forced alignment
C17,U,2580,,150,150,0,,,verified_declared_flow_number,unverified,verified,verified,True,0,0,trip:event<t; FCD:raw label; no forced alignment
C17,U,2610,,150,150,0,,,verified_declared_flow_number,unverified,verified,verified,True,0,0,trip:event<t; FCD:raw label; no forced alignment
C17,U,2640,,150,150,0,,,verified_declared_flow_number,unverified,verified,verified,True,0,0,trip:event<t; FCD:raw label; no forced alignment
C17,U,2670,,150,150,0,,,verified_declared_flow_number,unverified,verified,verified,True,0,0,trip:event<t; FCD:raw label; no forced alignment
C17,U,2700,150,150,150,0,0,0,verified_declared_flow_number,unverified,verified,verified,False,,,trip:event<t; FCD:raw label; no forced alignment
C17,X,0,0,0,0,0,,,verified_declared_flow_number,unverified,verified,verified,True,1,1,trip:event<t; FCD:raw label; no forced alignment
C17,X,30,,2,0,2,,,verified_declared_flow_number,unverified,verified,verified,True,2,2,trip:event<t; FCD:raw label; no forced alignment
C17,X,60,,3,0,3,,,verified_declared_flow_number,unverified,verified,verified,True,4,0,trip:event<t; FCD:raw label; no forced alignment
C17,X,90,,5,2,3,,,verified_declared_flow_number,unverified,verified,verified,True,3,2,trip:event<t; FCD:raw label; no forced alignment
C17,X,120,,6,3,3,,,verified_declared_flow_number,unverified,verified,verified,True,4,0,trip:event<t; FCD:raw label; no forced alignment
C17,X,150,,8,6,2,,,verified_declared_flow_number,unverified,verified,verified,True,2,2,trip:event<t; FCD:raw label; no forced alignment
C17,X,180,,9,6,3,,,verified_declared_flow_number,unverified,verified,verified,True,4,0,trip:event<t; FCD:raw label; no forced alignment
C17,X,210,,11,7,4,,,verified_declared_flow_number,unverified,verified,verified,True,4,2,trip:event<t; FCD:raw label; no forced alignment
C17,X,240,,12,9,3,,,verified_declared_flow_number,unverified,verified,verified,True,4,0,trip:event<t; FCD:raw label; no forced alignment
C17,X,270,,14,10,4,,,verified_declared_flow_number,unverified,verified,verified,True,4,2,trip:event<t; FCD:raw label; no forced alignment
C17,X,300,,15,12,3,,,verified_declared_flow_number,unverified,verified,verified,True,4,0,trip:event<t; FCD:raw label; no forced alignment
C17,X,330,,17,13,4,,,verified_declared_flow_number,unverified,verified,verified,True,3,2,trip:event<t; FCD:raw label; no forced alignment
C17,X,360,,18,15,3,,,verified_declared_flow_number,unverified,verified,verified,True,4,0,trip:event<t; FCD:raw label; no forced alignment
C17,X,390,,20,15,5,,,verified_declared_flow_number,unverified,verified,verified,True,4,2,trip:event<t; FCD:raw label; no forced alignment
C17,X,420,,21,18,3,,,verified_declared_flow_number,unverified,verified,verified,True,4,0,trip:event<t; FCD:raw label; no forced alignment
C17,X,450,,23,21,2,,,verified_declared_flow_number,unverified,verified,verified,True,2,2,trip:event<t; FCD:raw label; no forced alignment
C17,X,480,,24,21,3,,,verified_declared_flow_number,unverified,verified,verified,True,4,0,trip:event<t; FCD:raw label; no forced alignment
C17,X,510,,26,23,3,,,verified_declared_flow_number,unverified,verified,verified,True,3,2,trip:event<t; FCD:raw label; no forced alignment
C17,X,540,,27,24,3,,,verified_declared_flow_number,unverified,verified,verified,True,4,1,trip:event<t; FCD:raw label; no forced alignment
C17,X,570,,29,24,5,,,verified_declared_flow_number,unverified,verified,verified,True,5,4,trip:event<t; FCD:raw label; no forced alignment
C17,X,600,,30,25,5,,,verified_declared_flow_number,unverified,verified,verified,True,6,1,trip:event<t; FCD:raw label; no forced alignment
C17,X,630,,32,25,7,,,verified_declared_flow_number,unverified,verified,verified,True,7,3,trip:event<t; FCD:raw label; no forced alignment
C17,X,660,,33,29,4,,,verified_declared_flow_number,unverified,verified,verified,True,5,1,trip:event<t; FCD:raw label; no forced alignment
C17,X,690,,35,30,5,,,verified_declared_flow_number,unverified,verified,verified,True,4,2,trip:event<t; FCD:raw label; no forced alignment
C17,X,720,,36,33,3,,,verified_declared_flow_number,unverified,verified,verified,True,4,1,trip:event<t; FCD:raw label; no forced alignment
C17,X,750,,38,35,3,,,verified_declared_flow_number,unverified,verified,verified,True,3,2,trip:event<t; FCD:raw label; no forced alignment
C17,X,780,,39,36,3,,,verified_declared_flow_number,unverified,verified,verified,True,4,1,trip:event<t; FCD:raw label; no forced alignment
C17,X,810,,41,37,4,,,verified_declared_flow_number,unverified,verified,verified,True,3,2,trip:event<t; FCD:raw label; no forced alignment
C17,X,840,,42,39,3,,,verified_declared_flow_number,unverified,verified,verified,True,4,0,trip:event<t; FCD:raw label; no forced alignment
C17,X,870,,44,39,5,,,verified_declared_flow_number,unverified,verified,verified,True,5,2,trip:event<t; FCD:raw label; no forced alignment
C17,X,900,,45,42,3,,,verified_declared_flow_number,unverified,verified,verified,True,4,1,trip:event<t; FCD:raw label; no forced alignment
C17,X,930,,47,44,3,,,verified_declared_flow_number,unverified,verified,verified,True,3,2,trip:event<t; FCD:raw label; no forced alignment
C17,X,960,,48,45,3,,,verified_declared_flow_number,unverified,verified,verified,True,4,0,trip:event<t; FCD:raw label; no forced alignment
C17,X,990,,50,45,5,,,verified_declared_flow_number,unverified,verified,verified,True,4,2,trip:event<t; FCD:raw label; no forced alignment
C17,X,1020,,51,48,3,,,verified_declared_flow_number,unverified,verified,verified,True,4,1,trip:event<t; FCD:raw label; no forced alignment
C17,X,1050,,53,51,2,,,verified_declared_flow_number,unverified,verified,verified,True,2,2,trip:event<t; FCD:raw label; no forced alignment
C17,X,1080,,54,51,3,,,verified_declared_flow_number,unverified,verified,verified,True,4,0,trip:event<t; FCD:raw label; no forced alignment
C17,X,1110,,56,53,3,,,verified_declared_flow_number,unverified,verified,verified,True,3,2,trip:event<t; FCD:raw label; no forced alignment
C17,X,1140,,57,54,3,,,verified_declared_flow_number,unverified,verified,verified,True,4,0,trip:event<t; FCD:raw label; no forced alignment
C17,X,1170,,59,57,2,,,verified_declared_flow_number,unverified,verified,verified,True,2,2,trip:event<t; FCD:raw label; no forced alignment
C17,X,1200,,60,57,3,,,verified_declared_flow_number,unverified,verified,verified,True,4,0,trip:event<t; FCD:raw label; no forced alignment
C17,X,1230,,62,59,3,,,verified_declared_flow_number,unverified,verified,verified,True,2,2,trip:event<t; FCD:raw label; no forced alignment
C17,X,1260,,63,60,3,,,verified_declared_flow_number,unverified,verified,verified,True,4,1,trip:event<t; FCD:raw label; no forced alignment
C17,X,1290,,65,62,3,,,verified_declared_flow_number,unverified,verified,verified,True,3,2,trip:event<t; FCD:raw label; no forced alignment
C17,X,1320,,66,63,3,,,verified_declared_flow_number,unverified,verified,verified,True,4,0,trip:event<t; FCD:raw label; no forced alignment
C17,X,1350,,68,65,3,,,verified_declared_flow_number,unverified,verified,verified,True,2,2,trip:event<t; FCD:raw label; no forced alignment
C17,X,1380,,69,66,3,,,verified_declared_flow_number,unverified,verified,verified,True,4,0,trip:event<t; FCD:raw label; no forced alignment
C17,X,1410,,71,67,4,,,verified_declared_flow_number,unverified,verified,verified,True,4,2,trip:event<t; FCD:raw label; no forced alignment
C17,X,1440,,72,69,3,,,verified_declared_flow_number,unverified,verified,verified,True,4,0,trip:event<t; FCD:raw label; no forced alignment
C17,X,1470,,74,70,4,,,verified_declared_flow_number,unverified,verified,verified,True,4,2,trip:event<t; FCD:raw label; no forced alignment
C17,X,1500,75,75,72,3,0,0,verified_declared_flow_number,unverified,verified,verified,True,3,0,trip:event<t; FCD:raw label; no forced alignment
C17,X,1530,,75,72,3,,,verified_declared_flow_number,unverified,verified,verified,True,3,1,trip:event<t; FCD:raw label; no forced alignment
C17,X,1560,,75,74,1,,,verified_declared_flow_number,unverified,verified,verified,True,1,0,trip:event<t; FCD:raw label; no forced alignment
C17,X,1590,,75,74,1,,,verified_declared_flow_number,unverified,verified,verified,True,1,0,trip:event<t; FCD:raw label; no forced alignment
C17,X,1620,,75,75,0,,,verified_declared_flow_number,unverified,verified,verified,True,0,0,trip:event<t; FCD:raw label; no forced alignment
C17,X,1650,,75,75,0,,,verified_declared_flow_number,unverified,verified,verified,True,0,0,trip:event<t; FCD:raw label; no forced alignment
C17,X,1680,,75,75,0,,,verified_declared_flow_number,unverified,verified,verified,True,0,0,trip:event<t; FCD:raw label; no forced alignment
C17,X,1710,,75,75,0,,,verified_declared_flow_number,unverified,verified,verified,True,0,0,trip:event<t; FCD:raw label; no forced alignment
C17,X,1740,,75,75,0,,,verified_declared_flow_number,unverified,verified,verified,True,0,0,trip:event<t; FCD:raw label; no forced alignment
C17,X,1770,,75,75,0,,,verified_declared_flow_number,unverified,verified,verified,True,0,0,trip:event<t; FCD:raw label; no forced alignment
C17,X,1800,,75,75,0,,,verified_declared_flow_number,unverified,verified,verified,True,0,0,trip:event<t; FCD:raw label; no forced alignment
C17,X,1830,,75,75,0,,,verified_declared_flow_number,unverified,verified,verified,True,0,0,trip:event<t; FCD:raw label; no forced alignment
C17,X,1860,,75,75,0,,,verified_declared_flow_number,unverified,verified,verified,True,0,0,trip:event<t; FCD:raw label; no forced alignment
C17,X,1890,,75,75,0,,,verified_declared_flow_number,unverified,verified,verified,True,0,0,trip:event<t; FCD:raw label; no forced alignment
C17,X,1920,,75,75,0,,,verified_declared_flow_number,unverified,verified,verified,True,0,0,trip:event<t; FCD:raw label; no forced alignment
C17,X,1950,,75,75,0,,,verified_declared_flow_number,unverified,verified,verified,True,0,0,trip:event<t; FCD:raw label; no forced alignment
C17,X,1980,,75,75,0,,,verified_declared_flow_number,unverified,verified,verified,True,0,0,trip:event<t; FCD:raw label; no forced alignment
C17,X,2010,,75,75,0,,,verified_declared_flow_number,unverified,verified,verified,True,0,0,trip:event<t; FCD:raw label; no forced alignment
C17,X,2040,,75,75,0,,,verified_declared_flow_number,unverified,verified,verified,True,0,0,trip:event<t; FCD:raw label; no forced alignment
C17,X,2070,,75,75,0,,,verified_declared_flow_number,unverified,verified,verified,True,0,0,trip:event<t; FCD:raw label; no forced alignment
C17,X,2100,,75,75,0,,,verified_declared_flow_number,unverified,verified,verified,True,0,0,trip:event<t; FCD:raw label; no forced alignment
C17,X,2130,,75,75,0,,,verified_declared_flow_number,unverified,verified,verified,True,0,0,trip:event<t; FCD:raw label; no forced alignment
C17,X,2160,,75,75,0,,,verified_declared_flow_number,unverified,verified,verified,True,0,0,trip:event<t; FCD:raw label; no forced alignment
C17,X,2190,,75,75,0,,,verified_declared_flow_number,unverified,verified,verified,True,0,0,trip:event<t; FCD:raw label; no forced alignment
C17,X,2220,,75,75,0,,,verified_declared_flow_number,unverified,verified,verified,True,0,0,trip:event<t; FCD:raw label; no forced alignment
C17,X,2250,,75,75,0,,,verified_declared_flow_number,unverified,verified,verified,True,0,0,trip:event<t; FCD:raw label; no forced alignment
C17,X,2280,,75,75,0,,,verified_declared_flow_number,unverified,verified,verified,True,0,0,trip:event<t; FCD:raw label; no forced alignment
C17,X,2310,,75,75,0,,,verified_declared_flow_number,unverified,verified,verified,True,0,0,trip:event<t; FCD:raw label; no forced alignment
C17,X,2340,,75,75,0,,,verified_declared_flow_number,unverified,verified,verified,True,0,0,trip:event<t; FCD:raw label; no forced alignment
C17,X,2370,,75,75,0,,,verified_declared_flow_number,unverified,verified,verified,True,0,0,trip:event<t; FCD:raw label; no forced alignment
C17,X,2400,,75,75,0,,,verified_declared_flow_number,unverified,verified,verified,True,0,0,trip:event<t; FCD:raw label; no forced alignment
C17,X,2430,,75,75,0,,,verified_declared_flow_number,unverified,verified,verified,True,0,0,trip:event<t; FCD:raw label; no forced alignment
C17,X,2460,,75,75,0,,,verified_declared_flow_number,unverified,verified,verified,True,0,0,trip:event<t; FCD:raw label; no forced alignment
C17,X,2490,,75,75,0,,,verified_declared_flow_number,unverified,verified,verified,True,0,0,trip:event<t; FCD:raw label; no forced alignment
C17,X,2520,,75,75,0,,,verified_declared_flow_number,unverified,verified,verified,True,0,0,trip:event<t; FCD:raw label; no forced alignment
C17,X,2550,,75,75,0,,,verified_declared_flow_number,unverified,verified,verified,True,0,0,trip:event<t; FCD:raw label; no forced alignment
C17,X,2580,,75,75,0,,,verified_declared_flow_number,unverified,verified,verified,True,0,0,trip:event<t; FCD:raw label; no forced alignment
C17,X,2610,,75,75,0,,,verified_declared_flow_number,unverified,verified,verified,True,0,0,trip:event<t; FCD:raw label; no forced alignment
C17,X,2640,,75,75,0,,,verified_declared_flow_number,unverified,verified,verified,True,0,0,trip:event<t; FCD:raw label; no forced alignment
C17,X,2670,,75,75,0,,,verified_declared_flow_number,unverified,verified,verified,True,0,0,trip:event<t; FCD:raw label; no forced alignment
C17,X,2700,75,75,75,0,0,0,verified_declared_flow_number,unverified,verified,verified,False,,,trip:event<t; FCD:raw label; no forced alignment
