run_id,family,entity,window,metric,value,unit,denominator
C17,E1,merge_upstream_e1_l0,Full,flow_vehph,954.6666666666666,veh/h,2700.0
C17,E1,merge_upstream_e1_l0,Full,speed_mps,27.262918994413408,m/s,716
C17,E1,merge_upstream_e1_l0,Full,occupancy_pct,7.04911111111111,%,2700.0
C17,E1,merge_upstream_e1_l0,Full,nVehContrib,716,veh,2700.0
C17,E1,merge_upstream_e1_l0,Full,nVehEntered,718,veh,
C17,E1,merge_upstream_e1_l0,A,flow_vehph,1716.0,veh/h,1500.0
C17,E1,merge_upstream_e1_l0,A,speed_mps,27.257678321678323,m/s,715
C17,E1,merge_upstream_e1_l0,A,occupancy_pct,12.677600000000002,%,1500.0
C17,E1,merge_upstream_e1_l0,A,nVehContrib,715,veh,1500.0
C17,E1,merge_upstream_e1_l0,A,nVehEntered,717,veh,
C17,E1,merge_upstream_e1_l0,B,flow_vehph,1722.0,veh/h,1200.0
C17,E1,merge_upstream_e1_l0,B,speed_mps,27.396236933797912,m/s,574
C17,E1,merge_upstream_e1_l0,B,occupancy_pct,12.3795,%,1200.0
C17,E1,merge_upstream_e1_l0,B,nVehContrib,574,veh,1200.0
C17,E1,merge_upstream_e1_l0,B,nVehEntered,576,veh,
C17,E1,merge_upstream_e1_l0,Post,flow_vehph,3.0,veh/h,1200.0
C17,E1,merge_upstream_e1_l0,Post,speed_mps,31.01,m/s,1
C17,E1,merge_upstream_e1_l0,Post,occupancy_pct,0.013500000000000002,%,1200.0
C17,E1,merge_upstream_e1_l0,Post,nVehContrib,1,veh,1200.0
C17,E1,merge_upstream_e1_l0,Post,nVehEntered,1,veh,
C17,E1,merge_upstream_e1_l1,Full,flow_vehph,820.0,veh/h,2700.0
C17,E1,merge_upstream_e1_l1,Full,speed_mps,26.870097560975612,m/s,615
C17,E1,merge_upstream_e1_l1,Full,occupancy_pct,8.137333333333332,%,2700.0
C17,E1,merge_upstream_e1_l1,Full,nVehContrib,615,veh,2700.0
C17,E1,merge_upstream_e1_l1,Full,nVehEntered,615,veh,
C17,E1,merge_upstream_e1_l1,A,flow_vehph,1473.6,veh/h,1500.0
C17,E1,merge_upstream_e1_l1,A,speed_mps,26.906644951140066,m/s,614
C17,E1,merge_upstream_e1_l1,A,occupancy_pct,14.6386,%,1500.0
C17,E1,merge_upstream_e1_l1,A,nVehContrib,614,veh,1500.0
C17,E1,merge_upstream_e1_l1,A,nVehEntered,615,veh,
C17,E1,merge_upstream_e1_l1,B,flow_vehph,1470.0,veh/h,1200.0
C17,E1,merge_upstream_e1_l1,B,speed_mps,27.079061224489795,m/s,490
C17,E1,merge_upstream_e1_l1,B,occupancy_pct,14.353250000000001,%,1200.0
C17,E1,merge_upstream_e1_l1,B,nVehContrib,490,veh,1200.0
C17,E1,merge_upstream_e1_l1,B,nVehEntered,491,veh,
C17,E1,merge_upstream_e1_l1,Post,flow_vehph,3.0,veh/h,1200.0
C17,E1,merge_upstream_e1_l1,Post,speed_mps,4.43,m/s,1
C17,E1,merge_upstream_e1_l1,Post,occupancy_pct,0.010750000000000001,%,1200.0
C17,E1,merge_upstream_e1_l1,Post,nVehContrib,1,veh,1200.0
C17,E1,merge_upstream_e1_l1,Post,nVehEntered,0,veh,
C17,E1,mainline_merge_entry_e1_l0,Full,flow_vehph,953.3333333333334,veh/h,2700.0
C17,E1,mainline_merge_entry_e1_l0,Full,speed_mps,29.44958041958042,m/s,715
C17,E1,mainline_merge_entry_e1_l0,Full,occupancy_pct,4.612111111111111,%,2700.0
C17,E1,mainline_merge_entry_e1_l0,Full,nVehContrib,715,veh,2700.0
C17,E1,mainline_merge_entry_e1_l0,Full,nVehEntered,715,veh,
C17,E1,mainline_merge_entry_e1_l0,A,flow_vehph,1713.6,veh/h,1500.0
C17,E1,mainline_merge_entry_e1_l0,A,speed_mps,29.447394957983192,m/s,714
C17,E1,mainline_merge_entry_e1_l0,A,occupancy_pct,8.291,%,1500.0
C17,E1,mainline_merge_entry_e1_l0,A,nVehContrib,714,veh,1500.0
C17,E1,mainline_merge_entry_e1_l0,A,nVehEntered,714,veh,
C17,E1,mainline_merge_entry_e1_l0,B,flow_vehph,1719.0,veh/h,1200.0
C17,E1,mainline_merge_entry_e1_l0,B,speed_mps,29.378115183246074,m/s,573
C17,E1,mainline_merge_entry_e1_l0,B,occupancy_pct,8.3435,%,1200.0
C17,E1,mainline_merge_entry_e1_l0,B,nVehContrib,573,veh,1200.0
C17,E1,mainline_merge_entry_e1_l0,B,nVehEntered,573,veh,
C17,E1,mainline_merge_entry_e1_l0,Post,flow_vehph,3.0,veh/h,1200.0
C17,E1,mainline_merge_entry_e1_l0,Post,speed_mps,31.01,m/s,1
C17,E1,mainline_merge_entry_e1_l0,Post,occupancy_pct,0.013500000000000002,%,1200.0
C17,E1,mainline_merge_entry_e1_l0,Post,nVehContrib,1,veh,1200.0
C17,E1,mainline_merge_entry_e1_l0,Post,nVehEntered,1,veh,
C17,E1,mainline_merge_entry_e1_l1,Full,flow_vehph,824.0,veh/h,2700.0
C17,E1,mainline_merge_entry_e1_l1,Full,speed_mps,32.520825242718445,m/s,618
C17,E1,mainline_merge_entry_e1_l1,Full,occupancy_pct,3.552,%,2700.0
C17,E1,mainline_merge_entry_e1_l1,Full,nVehContrib,618,veh,2700.0
C17,E1,mainline_merge_entry_e1_l1,Full,nVehEntered,618,veh,
C17,E1,mainline_merge_entry_e1_l1,A,flow_vehph,1480.8,veh/h,1500.0
C17,E1,mainline_merge_entry_e1_l1,A,speed_mps,32.52233387358184,m/s,617
C17,E1,mainline_merge_entry_e1_l1,A,occupancy_pct,6.383,%,1500.0
C17,E1,mainline_merge_entry_e1_l1,A,nVehContrib,617,veh,1500.0
C17,E1,mainline_merge_entry_e1_l1,A,nVehEntered,617,veh,
C17,E1,mainline_merge_entry_e1_l1,B,flow_vehph,1479.0,veh/h,1200.0
C17,E1,mainline_merge_entry_e1_l1,B,speed_mps,32.515354969574034,m/s,493
C17,E1,mainline_merge_entry_e1_l1,B,occupancy_pct,6.3785,%,1200.0
C17,E1,mainline_merge_entry_e1_l1,B,nVehContrib,493,veh,1200.0
C17,E1,mainline_merge_entry_e1_l1,B,nVehEntered,493,veh,
C17,E1,mainline_merge_entry_e1_l1,Post,flow_vehph,3.0,veh/h,1200.0
C17,E1,mainline_merge_entry_e1_l1,Post,speed_mps,31.59,m/s,1
C17,E1,mainline_merge_entry_e1_l1,Post,occupancy_pct,0.01325,%,1200.0
C17,E1,mainline_merge_entry_e1_l1,Post,nVehContrib,1,veh,1200.0
C17,E1,mainline_merge_entry_e1_l1,Post,nVehEntered,1,veh,
C17,E1,merge_downstream_e1_l0,Full,flow_vehph,1280.0,veh/h,2700.0
C17,E1,merge_downstream_e1_l0,Full,speed_mps,26.762479166666665,m/s,960
C17,E1,merge_downstream_e1_l0,Full,occupancy_pct,6.8147777777777785,%,2700.0
C17,E1,merge_downstream_e1_l0,Full,nVehContrib,960,veh,2700.0
C17,E1,merge_downstream_e1_l0,Full,nVehEntered,965,veh,
C17,E1,merge_downstream_e1_l0,A,flow_vehph,1682.4,veh/h,1500.0
C17,E1,merge_downstream_e1_l0,A,speed_mps,28.409372325249645,m/s,701
C17,E1,merge_downstream_e1_l0,A,occupancy_pct,8.3724,%,1500.0
C17,E1,merge_downstream_e1_l0,A,nVehContrib,701,veh,1500.0
C17,E1,merge_downstream_e1_l0,A,nVehEntered,705,veh,
C17,E1,merge_downstream_e1_l0,B,flow_vehph,1695.0,veh/h,1200.0
C17,E1,merge_downstream_e1_l0,B,speed_mps,28.289982300884954,m/s,565
C17,E1,merge_downstream_e1_l0,B,occupancy_pct,8.4615,%,1200.0
C17,E1,merge_downstream_e1_l0,B,nVehContrib,565,veh,1200.0
C17,E1,merge_downstream_e1_l0,B,nVehEntered,567,veh,
C17,E1,merge_downstream_e1_l0,Post,flow_vehph,777.0,veh/h,1200.0
C17,E1,merge_downstream_e1_l0,Post,speed_mps,22.305057915057915,m/s,259
C17,E1,merge_downstream_e1_l0,Post,occupancy_pct,4.86775,%,1200.0
C17,E1,merge_downstream_e1_l0,Post,nVehContrib,259,veh,1200.0
C17,E1,merge_downstream_e1_l0,Post,nVehEntered,260,veh,
C17,E1,merge_downstream_e1_l1,Full,flow_vehph,897.3333333333334,veh/h,2700.0
C17,E1,merge_downstream_e1_l1,Full,speed_mps,31.29469539375929,m/s,673
C17,E1,merge_downstream_e1_l1,Full,occupancy_pct,4.159222222222222,%,2700.0
C17,E1,merge_downstream_e1_l1,Full,nVehContrib,673,veh,2700.0
C17,E1,merge_downstream_e1_l1,Full,nVehEntered,673,veh,
C17,E1,merge_downstream_e1_l1,A,flow_vehph,1591.2,veh/h,1500.0
C17,E1,merge_downstream_e1_l1,A,speed_mps,31.43636500754148,m/s,663
C17,E1,merge_downstream_e1_l1,A,occupancy_pct,7.2894000000000005,%,1500.0
C17,E1,merge_downstream_e1_l1,A,nVehContrib,663,veh,1500.0
C17,E1,merge_downstream_e1_l1,A,nVehEntered,663,veh,
C17,E1,merge_downstream_e1_l1,B,flow_vehph,1590.0,veh/h,1200.0
C17,E1,merge_downstream_e1_l1,B,speed_mps,31.4732641509434,m/s,530
C17,E1,merge_downstream_e1_l1,B,occupancy_pct,7.204,%,1200.0
C17,E1,merge_downstream_e1_l1,B,nVehContrib,530,veh,1200.0
C17,E1,merge_downstream_e1_l1,B,nVehEntered,530,veh,
C17,E1,merge_downstream_e1_l1,Post,flow_vehph,30.0,veh/h,1200.0
C17,E1,merge_downstream_e1_l1,Post,speed_mps,21.902,m/s,10
C17,E1,merge_downstream_e1_l1,Post,occupancy_pct,0.2465,%,1200.0
C17,E1,merge_downstream_e1_l1,Post,nVehContrib,10,veh,1200.0
C17,E1,merge_downstream_e1_l1,Post,nVehEntered,10,veh,
C17,E1_group,internal_M,Full,flow_vehph,1777.3333333333335,veh/h,2700
C17,E1_group,internal_M,Full,speed_mps,30.873458364591148,m/s,1333
C17,E1_group,internal_M,Full,nVehContrib,1333,veh,
C17,E1_group,internal_M,A,flow_vehph,3194.3999999999996,veh/h,1500
C17,E1_group,internal_M,A,speed_mps,30.872817430503382,m/s,1331
C17,E1_group,internal_M,A,nVehContrib,1331,veh,
C17,E1_group,internal_M,B,flow_vehph,3198.0,veh/h,1200
C17,E1_group,internal_M,B,speed_mps,30.82901500938086,m/s,1066
C17,E1_group,internal_M,B,nVehContrib,1066,veh,
C17,E1_group,internal_M,Post,flow_vehph,6.0,veh/h,1200
C17,E1_group,internal_M,Post,speed_mps,31.3,m/s,2
C17,E1_group,internal_M,Post,nVehContrib,2,veh,
C17,cohort,M,Full,actual_departures,1333,veh,
C17,cohort,M,Full,arrivals,1333,veh,
C17,completed_arrivals_subset,M,Full,duration_mean_s,30.34808702175544,s,1333
C17,cohort,M,A,actual_departures,1333,veh,
C17,cohort,M,A,arrivals,1306,veh,
C17,completed_arrivals_subset,M,A,duration_mean_s,30.291730474732006,s,1306
C17,cohort,M,B,actual_departures,1067,veh,
C17,cohort,M,B,arrivals,1069,veh,
C17,completed_arrivals_subset,M,B,duration_mean_s,30.35360149672591,s,1069
C17,cohort,M,Post,actual_departures,0,veh,
C17,cohort,M,Post,arrivals,27,veh,
C17,completed_arrivals_subset,M,Post,duration_mean_s,33.074074074074076,s,27
C17,cohort,R,Full,actual_departures,300,veh,
C17,cohort,R,Full,arrivals,300,veh,
C17,completed_arrivals_subset,R,Full,duration_mean_s,599.7266666666667,s,300
C17,cohort,R,A,actual_departures,150,veh,
C17,cohort,R,A,arrivals,35,veh,
C17,completed_arrivals_subset,R,A,duration_mean_s,681.7142857142857,s,35
C17,cohort,R,B,actual_departures,90,veh,
C17,cohort,R,B,arrivals,28,veh,
C17,completed_arrivals_subset,R,B,duration_mean_s,808.3571428571429,s,28
C17,cohort,R,Post,actual_departures,150,veh,
C17,cohort,R,Post,arrivals,265,veh,
C17,completed_arrivals_subset,R,Post,duration_mean_s,588.8981132075472,s,265
C17,cohort,U,Full,actual_departures,150,veh,
C17,cohort,U,Full,arrivals,150,veh,
C17,completed_arrivals_subset,U,Full,duration_mean_s,293.6,s,150
C17,cohort,U,A,actual_departures,75,veh,
C17,cohort,U,A,arrivals,49,veh,
C17,completed_arrivals_subset,U,A,duration_mean_s,189.6530612244898,s,49
C17,cohort,U,B,actual_departures,45,veh,
C17,cohort,U,B,arrivals,26,veh,
C17,completed_arrivals_subset,U,B,duration_mean_s,299.15384615384613,s,26
C17,cohort,U,Post,actual_departures,75,veh,
C17,cohort,U,Post,arrivals,101,veh,
C17,completed_arrivals_subset,U,Post,duration_mean_s,344.029702970297,s,101
C17,cohort,X,Full,actual_departures,75,veh,
C17,cohort,X,Full,arrivals,75,veh,
C17,completed_arrivals_subset,X,Full,duration_mean_s,72.65333333333334,s,75
C17,cohort,X,A,actual_departures,75,veh,
C17,cohort,X,A,arrivals,72,veh,
C17,completed_arrivals_subset,X,A,duration_mean_s,71.73611111111111,s,72
C17,cohort,X,B,actual_departures,60,veh,
C17,cohort,X,B,arrivals,60,veh,
C17,completed_arrivals_subset,X,B,duration_mean_s,72.48333333333333,s,60
C17,cohort,X,Post,actual_departures,0,veh,
C17,cohort,X,Post,arrivals,3,veh,
C17,completed_arrivals_subset,X,Post,duration_mean_s,94.66666666666667,s,3
