run_id,seed,detector_group,window,begin,covered_seconds,end,n_contrib,occupancy_percent,q_vehph,speed_mps
QM3500S17,17,internal_merge_entry,A,0.0,1500.0,1500.0,1457,7.8554,3496.8,31.327549759780368
QM3500S17,17,internal_merge_entry,B,300.0,1200.0,1500.0,1169,7.881499999999999,3507.0,31.326159110350726
QM3500S17,17,downstream_passage,A,0.0,1500.0,1500.0,1467,8.3914,3532.8,30.0108248125426
QM3500S17,17,downstream_passage,B,300.0,1200.0,1500.0,1181,8.419375,3555.0,30.076418289585096
QM3500S17,17,downstream_passage,Full,0.0,2700.0,2700.0,1758,5.886166666666666,2352.0,28.74853811149033
QM3500S17,17,downstream_passage,Post,1500.0,1200.0,2700.0,291,2.7546250000000003,876.0,22.385051546391754
QM3500S23,23,internal_merge_entry,A,0.0,1500.0,1500.0,1457,8.0057,3508.8,31.18728208647907
QM3500S23,23,internal_merge_entry,B,300.0,1200.0,1500.0,1171,8.098374999999999,3528.0,31.116140051238258
QM3500S23,23,downstream_passage,A,0.0,1500.0,1500.0,1465,8.3511,3528.0,30.074627986348123
QM3500S23,23,downstream_passage,B,300.0,1200.0,1500.0,1178,8.453875,3549.0,29.999397283531408
QM3500S23,23,downstream_passage,Full,0.0,2700.0,2700.0,1758,5.910222222222222,2354.6666666666665,28.759920364050057
QM3500S23,23,downstream_passage,Post,1500.0,1200.0,2700.0,293,2.8591249999999997,888.0,22.186382252559724
