run_id,seed,ejmi_status,aggregate_A_passed,aggregate_B_passed,persistence_any_passed,begin,end,pass_120,pass_30_count,pass_60_count,passed
QM3500S17,17,not_identified,False,False,False,300,420,False,0,0,False
QM3500S17,17,not_identified,False,False,False,420,540,False,0,0,False
QM3500S17,17,not_identified,False,False,False,540,660,False,0,0,False
QM3500S17,17,not_identified,False,False,False,660,780,False,0,0,False
QM3500S17,17,not_identified,False,False,False,780,900,False,0,0,False
QM3500S17,17,not_identified,False,False,False,900,1020,False,1,0,False
QM3500S17,17,not_identified,False,False,False,1020,1140,False,1,0,False
QM3500S17,17,not_identified,False,False,False,1140,1260,False,0,0,False
QM3500S17,17,not_identified,False,False,False,1260,1380,False,0,0,False
QM3500S17,17,not_identified,False,False,False,1380,1500,False,2,0,False
QM3500S23,23,not_identified,False,False,False,300,420,False,1,0,False
QM3500S23,23,not_identified,False,False,False,420,540,False,1,1,False
QM3500S23,23,not_identified,False,False,False,540,660,False,1,1,False
QM3500S23,23,not_identified,False,False,False,660,780,False,0,0,False
QM3500S23,23,not_identified,False,False,False,780,900,False,0,0,False
QM3500S23,23,not_identified,False,False,False,900,1020,False,0,0,False
QM3500S23,23,not_identified,False,False,False,1020,1140,False,0,0,False
QM3500S23,23,not_identified,False,False,False,1140,1260,False,0,0,False
QM3500S23,23,not_identified,False,False,False,1260,1380,False,1,1,False
QM3500S23,23,not_identified,False,False,False,1380,1500,False,1,0,False
