run_id,condition,seed,window,entity,metric,value,unit,denominator,qualification,source_event_id,reason
C17,C,17,Full,M,actual_departures,1,veh,1,observed_tripinfo,,event time is within the declared half-open window
C17,C,17,Full,M,arrivals,1,veh,1,observed_tripinfo,,event time is within the declared half-open window
C17,C,17,Full,R,actual_departures,1,veh,1,observed_tripinfo,,event time is within the declared half-open window
C17,C,17,Full,R,arrivals,1,veh,1,observed_tripinfo,,event time is within the declared half-open window
C17,C,17,Full,U,actual_departures,1,veh,1,observed_tripinfo,,event time is within the declared half-open window
C17,C,17,Full,U,arrivals,1,veh,1,observed_tripinfo,,event time is within the declared half-open window
C17,C,17,Full,X,actual_departures,1,veh,1,observed_tripinfo,,event time is within the declared half-open window
C17,C,17,Full,X,arrivals,1,veh,1,observed_tripinfo,,event time is within the declared half-open window
C17,C,17,A,M,actual_departures,1,veh,1,observed_tripinfo,,event time is within the declared half-open window
C17,C,17,A,M,arrivals,1,veh,1,observed_tripinfo,,event time is within the declared half-open window
C17,C,17,A,R,actual_departures,1,veh,1,observed_tripinfo,,event time is within the declared half-open window
C17,C,17,A,R,arrivals,1,veh,1,observed_tripinfo,,event time is within the declared half-open window
C17,C,17,A,U,actual_departures,1,veh,1,observed_tripinfo,,event time is within the declared half-open window
C17,C,17,A,U,arrivals,1,veh,1,observed_tripinfo,,event time is within the declared half-open window
C17,C,17,A,X,actual_departures,1,veh,1,observed_tripinfo,,event time is within the declared half-open window
C17,C,17,A,X,arrivals,1,veh,1,observed_tripinfo,,event time is within the declared half-open window
C17,C,17,B,M,actual_departures,0,veh,1,observed_tripinfo,,event time is within the declared half-open window
C17,C,17,B,M,arrivals,0,veh,1,observed_tripinfo,,event time is within the declared half-open window
C17,C,17,B,R,actual_departures,0,veh,1,observed_tripinfo,,event time is within the declared half-open window
C17,C,17,B,R,arrivals,0,veh,1,observed_tripinfo,,event time is within the declared half-open window
C17,C,17,B,U,actual_departures,0,veh,1,observed_tripinfo,,event time is within the declared half-open window
C17,C,17,B,U,arrivals,0,veh,1,observed_tripinfo,,event time is within the declared half-open window
C17,C,17,B,X,actual_departures,0,veh,1,observed_tripinfo,,event time is within the declared half-open window
C17,C,17,B,X,arrivals,0,veh,1,observed_tripinfo,,event time is within the declared half-open window
C17,C,17,Post,M,actual_departures,0,veh,1,observed_tripinfo,,event time is within the declared half-open window
C17,C,17,Post,M,arrivals,0,veh,1,observed_tripinfo,,event time is within the declared half-open window
C17,C,17,Post,R,actual_departures,0,veh,1,observed_tripinfo,,event time is within the declared half-open window
C17,C,17,Post,R,arrivals,0,veh,1,observed_tripinfo,,event time is within the declared half-open window
C17,C,17,Post,U,actual_departures,0,veh,1,observed_tripinfo,,event time is within the declared half-open window
C17,C,17,Post,U,arrivals,0,veh,1,observed_tripinfo,,event time is within the declared half-open window
C17,C,17,Post,X,actual_departures,0,veh,1,observed_tripinfo,,event time is within the declared half-open window
C17,C,17,Post,X,arrivals,0,veh,1,observed_tripinfo,,event time is within the declared half-open window
C17,C,17,A,M,endpoint_planned,1,veh,1,verified,C17:endpoint:1500:M,endpoint=1500 s; unknown is retained when coverage is not verified
C17,C,17,A,M,endpoint_entered,1,veh,1,verified,C17:endpoint:1500:M,endpoint=1500 s; unknown is retained when coverage is not verified
C17,C,17,A,M,endpoint_arrived,1,veh,1,verified,C17:endpoint:1500:M,endpoint=1500 s; unknown is retained when coverage is not verified
C17,C,17,A,M,endpoint_outside_confirmed,0,veh,1,verified,C17:endpoint:1500:M,endpoint=1500 s; unknown is retained when coverage is not verified
C17,C,17,A,M,endpoint_in_network,0,veh,1,verified,C17:endpoint:1500:M,endpoint=1500 s; unknown is retained when coverage is not verified
C17,C,17,A,R,endpoint_planned,1,veh,1,verified,C17:endpoint:1500:R,endpoint=1500 s; unknown is retained when coverage is not verified
C17,C,17,A,R,endpoint_entered,1,veh,1,verified,C17:endpoint:1500:R,endpoint=1500 s; unknown is retained when coverage is not verified
C17,C,17,A,R,endpoint_arrived,1,veh,1,verified,C17:endpoint:1500:R,endpoint=1500 s; unknown is retained when coverage is not verified
C17,C,17,A,R,endpoint_outside_confirmed,0,veh,1,verified,C17:endpoint:1500:R,endpoint=1500 s; unknown is retained when coverage is not verified
C17,C,17,A,R,endpoint_in_network,0,veh,1,verified,C17:endpoint:1500:R,endpoint=1500 s; unknown is retained when coverage is not verified
C17,C,17,A,U,endpoint_planned,1,veh,1,verified,C17:endpoint:1500:U,endpoint=1500 s; unknown is retained when coverage is not verified
C17,C,17,A,U,endpoint_entered,1,veh,1,verified,C17:endpoint:1500:U,endpoint=1500 s; unknown is retained when coverage is not verified
C17,C,17,A,U,endpoint_arrived,1,veh,1,verified,C17:endpoint:1500:U,endpoint=1500 s; unknown is retained when coverage is not verified
C17,C,17,A,U,endpoint_outside_confirmed,0,veh,1,verified,C17:endpoint:1500:U,endpoint=1500 s; unknown is retained when coverage is not verified
C17,C,17,A,U,endpoint_in_network,0,veh,1,verified,C17:endpoint:1500:U,endpoint=1500 s; unknown is retained when coverage is not verified
C17,C,17,A,X,endpoint_planned,1,veh,1,verified,C17:endpoint:1500:X,endpoint=1500 s; unknown is retained when coverage is not verified
C17,C,17,A,X,endpoint_entered,1,veh,1,verified,C17:endpoint:1500:X,endpoint=1500 s; unknown is retained when coverage is not verified
C17,C,17,A,X,endpoint_arrived,1,veh,1,verified,C17:endpoint:1500:X,endpoint=1500 s; unknown is retained when coverage is not verified
C17,C,17,A,X,endpoint_outside_confirmed,0,veh,1,verified,C17:endpoint:1500:X,endpoint=1500 s; unknown is retained when coverage is not verified
C17,C,17,A,X,endpoint_in_network,0,veh,1,verified,C17:endpoint:1500:X,endpoint=1500 s; unknown is retained when coverage is not verified
C17,C,17,Full,M,endpoint_planned,1,veh,1,verified,C17:endpoint:2700:M,endpoint=2700 s; unknown is retained when coverage is not verified
C17,C,17,Full,M,endpoint_entered,1,veh,1,verified,C17:endpoint:2700:M,endpoint=2700 s; unknown is retained when coverage is not verified
C17,C,17,Full,M,endpoint_arrived,1,veh,1,verified,C17:endpoint:2700:M,endpoint=2700 s; unknown is retained when coverage is not verified
C17,C,17,Full,M,endpoint_outside_confirmed,0,veh,1,verified,C17:endpoint:2700:M,endpoint=2700 s; unknown is retained when coverage is not verified
C17,C,17,Full,M,endpoint_in_network,0,veh,1,verified,C17:endpoint:2700:M,endpoint=2700 s; unknown is retained when coverage is not verified
C17,C,17,Full,R,endpoint_planned,1,veh,1,verified,C17:endpoint:2700:R,endpoint=2700 s; unknown is retained when coverage is not verified
C17,C,17,Full,R,endpoint_entered,1,veh,1,verified,C17:endpoint:2700:R,endpoint=2700 s; unknown is retained when coverage is not verified
C17,C,17,Full,R,endpoint_arrived,1,veh,1,verified,C17:endpoint:2700:R,endpoint=2700 s; unknown is retained when coverage is not verified
C17,C,17,Full,R,endpoint_outside_confirmed,0,veh,1,verified,C17:endpoint:2700:R,endpoint=2700 s; unknown is retained when coverage is not verified
C17,C,17,Full,R,endpoint_in_network,0,veh,1,verified,C17:endpoint:2700:R,endpoint=2700 s; unknown is retained when coverage is not verified
C17,C,17,Full,U,endpoint_planned,1,veh,1,verified,C17:endpoint:2700:U,endpoint=2700 s; unknown is retained when coverage is not verified
C17,C,17,Full,U,endpoint_entered,1,veh,1,verified,C17:endpoint:2700:U,endpoint=2700 s; unknown is retained when coverage is not verified
C17,C,17,Full,U,endpoint_arrived,1,veh,1,verified,C17:endpoint:2700:U,endpoint=2700 s; unknown is retained when coverage is not verified
C17,C,17,Full,U,endpoint_outside_confirmed,0,veh,1,verified,C17:endpoint:2700:U,endpoint=2700 s; unknown is retained when coverage is not verified
C17,C,17,Full,U,endpoint_in_network,0,veh,1,verified,C17:endpoint:2700:U,endpoint=2700 s; unknown is retained when coverage is not verified
C17,C,17,Full,X,endpoint_planned,1,veh,1,verified,C17:endpoint:2700:X,endpoint=2700 s; unknown is retained when coverage is not verified
C17,C,17,Full,X,endpoint_entered,1,veh,1,verified,C17:endpoint:2700:X,endpoint=2700 s; unknown is retained when coverage is not verified
C17,C,17,Full,X,endpoint_arrived,1,veh,1,verified,C17:endpoint:2700:X,endpoint=2700 s; unknown is retained when coverage is not verified
C17,C,17,Full,X,endpoint_outside_confirmed,0,veh,1,verified,C17:endpoint:2700:X,endpoint=2700 s; unknown is retained when coverage is not verified
C17,C,17,Full,X,endpoint_in_network,0,veh,1,verified,C17:endpoint:2700:X,endpoint=2700 s; unknown is retained when coverage is not verified
C17,C,17,A,R@ramp_storage,stopped_episode_support,1.0,sampled_vehicle_presence_s,1,censored,C17:episode_set:A:R:ramp_storage,aggregated 1 mutually distinct region-stop episodes
C17,C,17,Full,R@ramp_storage,stopped_episode_support,1.0,sampled_vehicle_presence_s,1,censored,C17:episode_set:Full:R:ramp_storage,aggregated 1 mutually distinct region-stop episodes
C17,C,17,Full,R,first_downstream_observations,1,veh,1,1Hz_bracketed_observation,,0 event brackets cross or lack this window boundary
C17,C,17,A,R,first_downstream_observations,1,veh,1,1Hz_bracketed_observation,,0 event brackets cross or lack this window boundary
C17,C,17,B,R,first_downstream_observations,0,veh,1,1Hz_bracketed_observation,,0 event brackets cross or lack this window boundary
C17,C,17,Post,R,first_downstream_observations,0,veh,1,1Hz_bracketed_observation,,0 event brackets cross or lack this window boundary
C17,C,17,Full,M-only_internal_merge_entry,q,240.0,veh/h,2700.0,complete,,two-lane contribution sum
C17,C,17,Full,M-only_internal_merge_entry,v,10.0,m/s,90,complete,,vehicle-contribution-weighted speed
C17,C,17,A,M-only_internal_merge_entry,q,240.0,veh/h,1500.0,complete,,two-lane contribution sum
C17,C,17,A,M-only_internal_merge_entry,v,10.0,m/s,50,complete,,vehicle-contribution-weighted speed
C17,C,17,B,M-only_internal_merge_entry,q,240.0,veh/h,1200.0,complete,,two-lane contribution sum
C17,C,17,B,M-only_internal_merge_entry,v,10.0,m/s,40,complete,,vehicle-contribution-weighted speed
C17,C,17,Post,M-only_internal_merge_entry,q,240.0,veh/h,1200.0,complete,,two-lane contribution sum
C17,C,17,Post,M-only_internal_merge_entry,v,10.0,m/s,40,complete,,vehicle-contribution-weighted speed
C17,C,17,Full,downstream_E1,q,240.0,veh/h,2700.0,complete,,two-lane contribution sum
C17,C,17,Full,downstream_E1,v,10.0,m/s,180,complete,,vehicle-contribution-weighted speed
C17,C,17,A,downstream_E1,q,240.0,veh/h,1500.0,complete,,two-lane contribution sum
C17,C,17,A,downstream_E1,v,10.0,m/s,100,complete,,vehicle-contribution-weighted speed
C17,C,17,B,downstream_E1,q,240.0,veh/h,1200.0,complete,,two-lane contribution sum
C17,C,17,B,downstream_E1,v,10.0,m/s,80,complete,,vehicle-contribution-weighted speed
C17,C,17,Post,downstream_E1,q,240.0,veh/h,1200.0,complete,,two-lane contribution sum
C17,C,17,Post,downstream_E1,v,10.0,m/s,80,complete,,vehicle-contribution-weighted speed
C17,C,17,Full,question:insertion,diagnostic_evidence_status,4,evidence_count,,observed,,"tripinfo, vehroute and endpoint coverage reconcile"
C17,C,17,Full,question:origin_and_propagation,diagnostic_evidence_status,1,evidence_count,,partial_observation,C17:R_upstream_chain,missing stopped-R episode regions: ramp_accel|ramp_mid_internal|ramp_diverge_internal|shared_approach
C17,C,17,Full,question:mainline_and_downstream,diagnostic_evidence_status,16,evidence_count,,observed,,paired q/v observations are registered; this status does not assert performance impairment
C17,C,17,Full,question:spillback,diagnostic_evidence_status,0,evidence_count,,not_identified,,no stopped-R shared_approach episode observed
C17,C,17,Full,question:urban_exposure,diagnostic_evidence_status,0,evidence_count,,not_identified,,shared-road U stop is absent or endpoint coverage is unresolved
