run_id,q_ramp,seed,treatment,begin,end,command_credit,greens,actual_crossings,dropped_credit,initial_credit,final_credit,credit_balance_residual,storage_supply_seconds,denied_due_seconds,ideal_unguarded_opportunities,ideal_window_count_difference,denied_reasons_json,dropped_credit_same_step_reason_json
DEV_M3600_R750_S17_T1_A03,750,17,T1,600,4200,817.5079672397727,500,500,316.5079672397725,0.0,1.0,2.2737367544323206e-13,3258,1652,817,0.5079672397727109,"{""FOLLOWER_POST_RED_PREDICTION"": 802, ""FOLLOWER_STOP_DISTANCE"": 223, ""FRONT_NOT_ONE_STEP_REACHABLE"": 20, ""INTERNAL_RECEIVER_CLEARANCE"": 108, ""LEADER_SECURE_GAP"": 162, ""NO_FRONT"": 337}","{""FOLLOWER_POST_RED_PREDICTION"": 170.5200124722749, ""FOLLOWER_STOP_DISTANCE"": 44.41313676982331, ""FRONT_NOT_ONE_STEP_REACHABLE"": 2.4057588042161644, ""INTERNAL_RECEIVER_CLEARANCE"": 14.631672894479625, ""LEADER_SECURE_GAP"": 0.8439310164487921, ""MOVING_READY"": 0.0, ""NOT_DUE_OR_MIN_RED"": 0.0, ""NO_FRONT"": 83.6934552825297, ""STOPPED_READY"": 0.0}"
DEV_M3600_R750_S17_T2_A03,750,17,T2,600,4200,898.0465773220698,500,500,397.04657732206965,0.0,1.0,1.1368683772161603e-13,3238,2070,898,0.046577322069765614,"{""FOLLOWER_POST_RED_PREDICTION"": 879, ""FOLLOWER_STOP_DISTANCE"": 263, ""FRONT_NOT_ONE_STEP_REACHABLE"": 27, ""INTERNAL_RECEIVER_CLEARANCE"": 165, ""LEADER_SECURE_GAP"": 379, ""NO_FRONT"": 357}","{""FOLLOWER_POST_RED_PREDICTION"": 216.65370829965252, ""FOLLOWER_STOP_DISTANCE"": 64.4997979330718, ""FRONT_NOT_ONE_STEP_REACHABLE"": 2.4057588042161644, ""INTERNAL_RECEIVER_CLEARANCE"": 23.54385700259947, ""LEADER_SECURE_GAP"": 1.25, ""MOVING_READY"": 0.0, ""NOT_DUE_OR_MIN_RED"": 0.0, ""NO_FRONT"": 88.6934552825297, ""STOPPED_READY"": 0.0}"
DEV_M3600_R750_S23_T1_A03,750,23,T1,600,4200,773.3832650768248,500,500,272.3832650768246,0.0,1.0,2.2737367544323206e-13,3312,1453,773,0.38326507682484134,"{""FOLLOWER_POST_RED_PREDICTION"": 720, ""FOLLOWER_STOP_DISTANCE"": 193, ""FRONT_NOT_ONE_STEP_REACHABLE"": 20, ""INTERNAL_RECEIVER_CLEARANCE"": 86, ""LEADER_SECURE_GAP"": 151, ""NO_FRONT"": 283}","{""FOLLOWER_POST_RED_PREDICTION"": 148.69273239211648, ""FOLLOWER_STOP_DISTANCE"": 37.560779955764474, ""FRONT_NOT_ONE_STEP_REACHABLE"": 2.25, ""INTERNAL_RECEIVER_CLEARANCE"": 12.832300782202218, ""LEADER_SECURE_GAP"": 0.797451946741468, ""MOVING_READY"": 0.0, ""NOT_DUE_OR_MIN_RED"": 0.0, ""NO_FRONT"": 70.24999999999997, ""STOPPED_READY"": 0.0}"
DEV_M3600_R750_S23_T2_A03,750,23,T2,600,4200,884.2588061340706,500,500,383.2588061340706,0.0,1.0,0.0,3269,2010,884,0.25880613407059627,"{""FOLLOWER_POST_RED_PREDICTION"": 865, ""FOLLOWER_STOP_DISTANCE"": 239, ""FRONT_NOT_ONE_STEP_REACHABLE"": 33, ""INTERNAL_RECEIVER_CLEARANCE"": 175, ""LEADER_SECURE_GAP"": 372, ""NO_FRONT"": 326}","{""FOLLOWER_POST_RED_PREDICTION"": 212.81936103905684, ""FOLLOWER_STOP_DISTANCE"": 59.200687644743454, ""FRONT_NOT_ONE_STEP_REACHABLE"": 2.25, ""INTERNAL_RECEIVER_CLEARANCE"": 25.7387574502703, ""LEADER_SECURE_GAP"": 2.25, ""MOVING_READY"": 0.0, ""NOT_DUE_OR_MIN_RED"": 0.0, ""NO_FRONT"": 81.0, ""STOPPED_READY"": 0.0}"
DEV_M3600_R750_S42_T1_A03,750,42,T1,600,4200,774.0388616335437,500,500,273.03886163354355,0.0,1.0,1.1368683772161603e-13,3303,1464,774,0.0388616335436609,"{""FOLLOWER_POST_RED_PREDICTION"": 707, ""FOLLOWER_STOP_DISTANCE"": 196, ""FRONT_NOT_ONE_STEP_REACHABLE"": 18, ""INTERNAL_RECEIVER_CLEARANCE"": 106, ""LEADER_SECURE_GAP"": 145, ""NO_FRONT"": 292}","{""FOLLOWER_POST_RED_PREDICTION"": 143.38479806851925, ""FOLLOWER_STOP_DISTANCE"": 39.86021898586702, ""FRONT_NOT_ONE_STEP_REACHABLE"": 2.0, ""INTERNAL_RECEIVER_CLEARANCE"": 13.65513233634752, ""LEADER_SECURE_GAP"": 1.6387122428097598, ""MOVING_READY"": 0.0, ""NOT_DUE_OR_MIN_RED"": 0.0, ""NO_FRONT"": 72.5, ""STOPPED_READY"": 0.0}"
DEV_M3600_R750_S42_T2_A03,750,42,T2,600,4200,887.9406116058952,500,500,386.94061160589524,0.0,1.0,0.0,3259,2032,887,0.9406116058952421,"{""FOLLOWER_POST_RED_PREDICTION"": 892, ""FOLLOWER_STOP_DISTANCE"": 243, ""FRONT_NOT_ONE_STEP_REACHABLE"": 25, ""INTERNAL_RECEIVER_CLEARANCE"": 176, ""LEADER_SECURE_GAP"": 360, ""NO_FRONT"": 336}","{""FOLLOWER_POST_RED_PREDICTION"": 216.40537840218323, ""FOLLOWER_STOP_DISTANCE"": 58.274180849568495, ""FRONT_NOT_ONE_STEP_REACHABLE"": 2.0, ""INTERNAL_RECEIVER_CLEARANCE"": 25.26105235414351, ""LEADER_SECURE_GAP"": 1.5, ""MOVING_READY"": 0.0, ""NOT_DUE_OR_MIN_RED"": 0.0, ""NO_FRONT"": 83.5, ""STOPPED_READY"": 0.0}"
DEV_M3600_R900_S17_T1_A03,900,17,T1,600,4200,805.6396877459601,550,550,255.13968774595995,0.0,0.5,1.9895196601282805e-13,3563,1432,805,0.6396877459601455,"{""FOLLOWER_POST_RED_PREDICTION"": 822, ""FOLLOWER_STOP_DISTANCE"": 265, ""FRONT_NOT_ONE_STEP_REACHABLE"": 19, ""INTERNAL_RECEIVER_CLEARANCE"": 114, ""LEADER_SECURE_GAP"": 178, ""NO_FRONT"": 34}","{""FOLLOWER_POST_RED_PREDICTION"": 174.71592600730662, ""FOLLOWER_STOP_DISTANCE"": 54.08485662439948, ""FRONT_NOT_ONE_STEP_REACHABLE"": 2.1651829237945464, ""INTERNAL_RECEIVER_CLEARANCE"": 15.462020391135425, ""LEADER_SECURE_GAP"": 0.5276706363725552, ""MOVING_READY"": 0.0, ""NOT_DUE_OR_MIN_RED"": 0.0, ""NO_FRONT"": 8.184031162951321, ""STOPPED_READY"": 0.0}"
DEV_M3600_R900_S17_T2_A03,900,17,T2,600,4200,898.1333342330215,552,552,345.13333423302146,0.0,1.0,5.684341886080802e-14,3563,1919,898,0.1333342330215146,"{""FOLLOWER_POST_RED_PREDICTION"": 949, ""FOLLOWER_STOP_DISTANCE"": 288, ""FRONT_NOT_ONE_STEP_REACHABLE"": 26, ""INTERNAL_RECEIVER_CLEARANCE"": 183, ""LEADER_SECURE_GAP"": 439, ""NO_FRONT"": 34}","{""FOLLOWER_POST_RED_PREDICTION"": 235.436167790212, ""FOLLOWER_STOP_DISTANCE"": 70.26719023724512, ""FRONT_NOT_ONE_STEP_REACHABLE"": 2.1651829237945464, ""INTERNAL_RECEIVER_CLEARANCE"": 26.58076211881845, ""LEADER_SECURE_GAP"": 2.5, ""MOVING_READY"": 0.0, ""NOT_DUE_OR_MIN_RED"": 0.0, ""NO_FRONT"": 8.184031162951321, ""STOPPED_READY"": 0.0}"
DEV_M3600_R900_S23_T1_A03,900,23,T1,600,4200,799.8718468762969,544,544,255.62184687629693,0.0,0.25,-2.842170943040401e-14,3564,1462,799,0.8718468762968996,"{""FOLLOWER_POST_RED_PREDICTION"": 861, ""FOLLOWER_STOP_DISTANCE"": 237, ""FRONT_NOT_ONE_STEP_REACHABLE"": 19, ""INTERNAL_RECEIVER_CLEARANCE"": 108, ""LEADER_SECURE_GAP"": 204, ""NO_FRONT"": 33}","{""FOLLOWER_POST_RED_PREDICTION"": 179.37263327038113, ""FOLLOWER_STOP_DISTANCE"": 48.27198154466422, ""FRONT_NOT_ONE_STEP_REACHABLE"": 2.0, ""INTERNAL_RECEIVER_CLEARANCE"": 16.593221937151835, ""LEADER_SECURE_GAP"": 1.3840101240997384, ""MOVING_READY"": 0.0, ""NOT_DUE_OR_MIN_RED"": 0.0, ""NO_FRONT"": 8.0, ""STOPPED_READY"": 0.0}"
DEV_M3600_R900_S23_T2_A03,900,23,T2,600,4200,899.722482761122,548,548,350.722482761122,0.0,1.0,0.0,3564,1943,899,0.7224827611220235,"{""FOLLOWER_POST_RED_PREDICTION"": 964, ""FOLLOWER_STOP_DISTANCE"": 292, ""FRONT_NOT_ONE_STEP_REACHABLE"": 31, ""INTERNAL_RECEIVER_CLEARANCE"": 188, ""LEADER_SECURE_GAP"": 435, ""NO_FRONT"": 33}","{""FOLLOWER_POST_RED_PREDICTION"": 239.3340547237378, ""FOLLOWER_STOP_DISTANCE"": 72.18185557520756, ""FRONT_NOT_ONE_STEP_REACHABLE"": 2.0, ""INTERNAL_RECEIVER_CLEARANCE"": 26.95657246217664, ""LEADER_SECURE_GAP"": 2.25, ""MOVING_READY"": 0.0, ""NOT_DUE_OR_MIN_RED"": 0.0, ""NO_FRONT"": 8.0, ""STOPPED_READY"": 0.0}"
DEV_M3600_R900_S42_T1_A03,900,42,T1,600,4200,812.295879949825,547,547,264.79587994982523,0.0,0.5,-2.2737367544323206e-13,3565,1487,812,0.2958799498250073,"{""FOLLOWER_POST_RED_PREDICTION"": 844, ""FOLLOWER_STOP_DISTANCE"": 256, ""FRONT_NOT_ONE_STEP_REACHABLE"": 23, ""INTERNAL_RECEIVER_CLEARANCE"": 122, ""LEADER_SECURE_GAP"": 210, ""NO_FRONT"": 32}","{""FOLLOWER_POST_RED_PREDICTION"": 181.76142107859835, ""FOLLOWER_STOP_DISTANCE"": 53.801866382376176, ""FRONT_NOT_ONE_STEP_REACHABLE"": 2.25, ""INTERNAL_RECEIVER_CLEARANCE"": 17.6907630620449, ""LEADER_SECURE_GAP"": 1.541829426805819, ""MOVING_READY"": 0.0, ""NOT_DUE_OR_MIN_RED"": 0.0, ""NO_FRONT"": 7.75, ""STOPPED_READY"": 0.0}"
DEV_M3600_R900_S42_T2_A03,900,42,T2,600,4200,891.6726710232025,547,547,343.6726710232025,0.0,1.0,0.0,3565,1914,891,0.672671023202497,"{""FOLLOWER_POST_RED_PREDICTION"": 937, ""FOLLOWER_STOP_DISTANCE"": 296, ""FRONT_NOT_ONE_STEP_REACHABLE"": 31, ""INTERNAL_RECEIVER_CLEARANCE"": 190, ""LEADER_SECURE_GAP"": 428, ""NO_FRONT"": 32}","{""FOLLOWER_POST_RED_PREDICTION"": 230.44916934520754, ""FOLLOWER_STOP_DISTANCE"": 72.32951466177548, ""FRONT_NOT_ONE_STEP_REACHABLE"": 2.25, ""INTERNAL_RECEIVER_CLEARANCE"": 28.14398701621949, ""LEADER_SECURE_GAP"": 2.75, ""MOVING_READY"": 0.0, ""NOT_DUE_OR_MIN_RED"": 0.0, ""NO_FRONT"": 7.75, ""STOPPED_READY"": 0.0}"
