run_id,detector_group,aggregation_s,window,metric,value,unit,n_contrib,covered_seconds,qualification,residual_vs_30s
C17,M-only_internal_merge_entry,30.0,A,q,3194.4,veh/h,1331,1500.0,complete,0.0
C17,M-only_internal_merge_entry,30.0,A,v,30.872817430503382,m/s,1331,1500.0,complete,0.0
C17,M-only_internal_merge_entry,60.0,A,q,3194.4,veh/h,1331,1500.0,complete,0.0
C17,M-only_internal_merge_entry,60.0,A,v,30.872817430503382,m/s,1331,1500.0,complete,0.0
C17,M-only_internal_merge_entry,120.0,A,q,3194.4,veh/h,1331,1500.0,complete,0.0
C17,M-only_internal_merge_entry,120.0,A,v,30.872817430503382,m/s,1331,1500.0,complete,0.0
C17,M-only_internal_merge_entry,30.0,B,q,3198.0,veh/h,1066,1200.0,complete,0.0
C17,M-only_internal_merge_entry,30.0,B,v,30.82901500938086,m/s,1066,1200.0,complete,0.0
C17,M-only_internal_merge_entry,60.0,B,q,3198.0,veh/h,1066,1200.0,complete,0.0
C17,M-only_internal_merge_entry,60.0,B,v,30.829015009380868,m/s,1066,1200.0,complete,7.105427357601002e-15
C17,M-only_internal_merge_entry,120.0,B,q,3198.0,veh/h,1066,1200.0,complete,0.0
C17,M-only_internal_merge_entry,120.0,B,v,30.829015009380868,m/s,1066,1200.0,complete,7.105427357601002e-15
C23,M-only_internal_merge_entry,30.0,A,q,3189.6,veh/h,1329,1500.0,complete,0.0
C23,M-only_internal_merge_entry,30.0,A,v,30.321151241534988,m/s,1329,1500.0,complete,0.0
C23,M-only_internal_merge_entry,60.0,A,q,3189.6,veh/h,1329,1500.0,complete,0.0
C23,M-only_internal_merge_entry,60.0,A,v,30.321151241534988,m/s,1329,1500.0,complete,0.0
C23,M-only_internal_merge_entry,120.0,A,q,3189.6,veh/h,1329,1500.0,complete,0.0
C23,M-only_internal_merge_entry,120.0,A,v,30.321151241534988,m/s,1329,1500.0,complete,0.0
C23,M-only_internal_merge_entry,30.0,B,q,3201.0,veh/h,1067,1200.0,complete,0.0
C23,M-only_internal_merge_entry,30.0,B,v,30.327000937207124,m/s,1067,1200.0,complete,0.0
C23,M-only_internal_merge_entry,60.0,B,q,3201.0,veh/h,1067,1200.0,complete,0.0
C23,M-only_internal_merge_entry,60.0,B,v,30.327000937207124,m/s,1067,1200.0,complete,0.0
C23,M-only_internal_merge_entry,120.0,B,q,3201.0,veh/h,1067,1200.0,complete,0.0
C23,M-only_internal_merge_entry,120.0,B,v,30.327000937207124,m/s,1067,1200.0,complete,0.0
ML17,M-only_internal_merge_entry,30.0,A,q,2589.6,veh/h,1079,1500.0,complete,0.0
ML17,M-only_internal_merge_entry,30.0,A,v,30.422354031510658,m/s,1079,1500.0,complete,0.0
ML17,M-only_internal_merge_entry,60.0,A,q,2589.6,veh/h,1079,1500.0,complete,0.0
ML17,M-only_internal_merge_entry,60.0,A,v,30.422354031510658,m/s,1079,1500.0,complete,0.0
ML17,M-only_internal_merge_entry,120.0,A,q,2589.6,veh/h,1079,1500.0,complete,0.0
ML17,M-only_internal_merge_entry,120.0,A,v,30.422354031510658,m/s,1079,1500.0,complete,0.0
ML17,M-only_internal_merge_entry,30.0,B,q,2598.0,veh/h,866,1200.0,complete,0.0
ML17,M-only_internal_merge_entry,30.0,B,v,30.43505773672055,m/s,866,1200.0,complete,0.0
ML17,M-only_internal_merge_entry,60.0,B,q,2598.0,veh/h,866,1200.0,complete,0.0
ML17,M-only_internal_merge_entry,60.0,B,v,30.43505773672055,m/s,866,1200.0,complete,0.0
ML17,M-only_internal_merge_entry,120.0,B,q,2598.0,veh/h,866,1200.0,complete,0.0
ML17,M-only_internal_merge_entry,120.0,B,v,30.435057736720555,m/s,866,1200.0,complete,3.552713678800501e-15
ML23,M-only_internal_merge_entry,30.0,A,q,2592.0,veh/h,1080,1500.0,complete,0.0
ML23,M-only_internal_merge_entry,30.0,A,v,30.02172222222222,m/s,1080,1500.0,complete,0.0
ML23,M-only_internal_merge_entry,60.0,A,q,2592.0,veh/h,1080,1500.0,complete,0.0
ML23,M-only_internal_merge_entry,60.0,A,v,30.02172222222222,m/s,1080,1500.0,complete,0.0
ML23,M-only_internal_merge_entry,120.0,A,q,2592.0,veh/h,1080,1500.0,complete,0.0
ML23,M-only_internal_merge_entry,120.0,A,v,30.02172222222222,m/s,1080,1500.0,complete,0.0
ML23,M-only_internal_merge_entry,30.0,B,q,2601.0,veh/h,867,1200.0,complete,0.0
ML23,M-only_internal_merge_entry,30.0,B,v,29.960299884659744,m/s,867,1200.0,complete,0.0
ML23,M-only_internal_merge_entry,60.0,B,q,2601.0,veh/h,867,1200.0,complete,0.0
ML23,M-only_internal_merge_entry,60.0,B,v,29.960299884659747,m/s,867,1200.0,complete,3.552713678800501e-15
ML23,M-only_internal_merge_entry,120.0,B,q,2601.0,veh/h,867,1200.0,complete,0.0
ML23,M-only_internal_merge_entry,120.0,B,v,29.960299884659744,m/s,867,1200.0,complete,0.0
MH17,M-only_internal_merge_entry,30.0,A,q,3794.4,veh/h,1581,1500.0,complete,0.0
MH17,M-only_internal_merge_entry,30.0,A,v,31.70932321315623,m/s,1581,1500.0,complete,0.0
MH17,M-only_internal_merge_entry,60.0,A,q,3794.4,veh/h,1581,1500.0,complete,0.0
MH17,M-only_internal_merge_entry,60.0,A,v,31.70932321315623,m/s,1581,1500.0,complete,0.0
MH17,M-only_internal_merge_entry,120.0,A,q,3794.4,veh/h,1581,1500.0,complete,0.0
MH17,M-only_internal_merge_entry,120.0,A,v,31.70932321315623,m/s,1581,1500.0,complete,0.0
MH17,M-only_internal_merge_entry,30.0,B,q,3801.0,veh/h,1267,1200.0,complete,0.0
MH17,M-only_internal_merge_entry,30.0,B,v,31.745351223362274,m/s,1267,1200.0,complete,0.0
MH17,M-only_internal_merge_entry,60.0,B,q,3801.0,veh/h,1267,1200.0,complete,0.0
MH17,M-only_internal_merge_entry,60.0,B,v,31.745351223362274,m/s,1267,1200.0,complete,0.0
MH17,M-only_internal_merge_entry,120.0,B,q,3801.0,veh/h,1267,1200.0,complete,0.0
MH17,M-only_internal_merge_entry,120.0,B,v,31.745351223362274,m/s,1267,1200.0,complete,0.0
MH23,M-only_internal_merge_entry,30.0,A,q,3796.8,veh/h,1582,1500.0,complete,0.0
MH23,M-only_internal_merge_entry,30.0,A,v,31.52122629582807,m/s,1582,1500.0,complete,0.0
MH23,M-only_internal_merge_entry,60.0,A,q,3796.8,veh/h,1582,1500.0,complete,0.0
MH23,M-only_internal_merge_entry,60.0,A,v,31.52122629582807,m/s,1582,1500.0,complete,0.0
MH23,M-only_internal_merge_entry,120.0,A,q,3796.8,veh/h,1582,1500.0,complete,0.0
MH23,M-only_internal_merge_entry,120.0,A,v,31.52122629582807,m/s,1582,1500.0,complete,0.0
MH23,M-only_internal_merge_entry,30.0,B,q,3801.0,veh/h,1267,1200.0,complete,0.0
MH23,M-only_internal_merge_entry,30.0,B,v,31.533575374901343,m/s,1267,1200.0,complete,0.0
MH23,M-only_internal_merge_entry,60.0,B,q,3801.0,veh/h,1267,1200.0,complete,0.0
MH23,M-only_internal_merge_entry,60.0,B,v,31.533575374901343,m/s,1267,1200.0,complete,0.0
MH23,M-only_internal_merge_entry,120.0,B,q,3801.0,veh/h,1267,1200.0,complete,0.0
MH23,M-only_internal_merge_entry,120.0,B,v,31.533575374901343,m/s,1267,1200.0,complete,0.0
RL17,M-only_internal_merge_entry,30.0,A,q,3194.4,veh/h,1331,1500.0,complete,0.0
RL17,M-only_internal_merge_entry,30.0,A,v,30.495664913598794,m/s,1331,1500.0,complete,0.0
RL17,M-only_internal_merge_entry,60.0,A,q,3194.4,veh/h,1331,1500.0,complete,0.0
RL17,M-only_internal_merge_entry,60.0,A,v,30.4956649135988,m/s,1331,1500.0,complete,7.105427357601002e-15
RL17,M-only_internal_merge_entry,120.0,A,q,3194.4,veh/h,1331,1500.0,complete,0.0
RL17,M-only_internal_merge_entry,120.0,A,v,30.4956649135988,m/s,1331,1500.0,complete,7.105427357601002e-15
RL17,M-only_internal_merge_entry,30.0,B,q,3204.0,veh/h,1068,1200.0,complete,0.0
RL17,M-only_internal_merge_entry,30.0,B,v,30.569887640449437,m/s,1068,1200.0,complete,0.0
RL17,M-only_internal_merge_entry,60.0,B,q,3204.0,veh/h,1068,1200.0,complete,0.0
RL17,M-only_internal_merge_entry,60.0,B,v,30.569887640449437,m/s,1068,1200.0,complete,0.0
RL17,M-only_internal_merge_entry,120.0,B,q,3204.0,veh/h,1068,1200.0,complete,0.0
RL17,M-only_internal_merge_entry,120.0,B,v,30.569887640449437,m/s,1068,1200.0,complete,0.0
RL23,M-only_internal_merge_entry,30.0,A,q,3189.6,veh/h,1329,1500.0,complete,0.0
RL23,M-only_internal_merge_entry,30.0,A,v,30.365801354401807,m/s,1329,1500.0,complete,0.0
RL23,M-only_internal_merge_entry,60.0,A,q,3189.6,veh/h,1329,1500.0,complete,0.0
RL23,M-only_internal_merge_entry,60.0,A,v,30.365801354401807,m/s,1329,1500.0,complete,0.0
RL23,M-only_internal_merge_entry,120.0,A,q,3189.6,veh/h,1329,1500.0,complete,0.0
RL23,M-only_internal_merge_entry,120.0,A,v,30.365801354401807,m/s,1329,1500.0,complete,0.0
RL23,M-only_internal_merge_entry,30.0,B,q,3192.0,veh/h,1064,1200.0,complete,0.0
RL23,M-only_internal_merge_entry,30.0,B,v,30.328468045112782,m/s,1064,1200.0,complete,0.0
RL23,M-only_internal_merge_entry,60.0,B,q,3192.0,veh/h,1064,1200.0,complete,0.0
RL23,M-only_internal_merge_entry,60.0,B,v,30.328468045112782,m/s,1064,1200.0,complete,0.0
RL23,M-only_internal_merge_entry,120.0,B,q,3192.0,veh/h,1064,1200.0,complete,0.0
RL23,M-only_internal_merge_entry,120.0,B,v,30.328468045112782,m/s,1064,1200.0,complete,0.0
