run_id,detector_group,window,aggregation_s,bin_count,first_bin_begin_s,last_bin_end_s,q_value_count,v_value_count,qualification
C17,M-only_internal_merge_entry,A,30.0,50,0.0,1500.0,50,50,complete
C17,M-only_internal_merge_entry,A,60.0,25,0.0,1500.0,25,25,complete
C17,M-only_internal_merge_entry,A,120.0,13,0.0,1500.0,13,13,complete
C17,M-only_internal_merge_entry,B,30.0,40,300.0,1500.0,40,40,complete
C17,M-only_internal_merge_entry,B,60.0,20,300.0,1500.0,20,20,complete
C17,M-only_internal_merge_entry,B,120.0,10,300.0,1500.0,10,10,complete
C23,M-only_internal_merge_entry,A,30.0,50,0.0,1500.0,50,50,complete
C23,M-only_internal_merge_entry,A,60.0,25,0.0,1500.0,25,25,complete
C23,M-only_internal_merge_entry,A,120.0,13,0.0,1500.0,13,13,complete
C23,M-only_internal_merge_entry,B,30.0,40,300.0,1500.0,40,40,complete
C23,M-only_internal_merge_entry,B,60.0,20,300.0,1500.0,20,20,complete
C23,M-only_internal_merge_entry,B,120.0,10,300.0,1500.0,10,10,complete
ML17,M-only_internal_merge_entry,A,30.0,50,0.0,1500.0,50,50,complete
ML17,M-only_internal_merge_entry,A,60.0,25,0.0,1500.0,25,25,complete
ML17,M-only_internal_merge_entry,A,120.0,13,0.0,1500.0,13,13,complete
ML17,M-only_internal_merge_entry,B,30.0,40,300.0,1500.0,40,40,complete
ML17,M-only_internal_merge_entry,B,60.0,20,300.0,1500.0,20,20,complete
ML17,M-only_internal_merge_entry,B,120.0,10,300.0,1500.0,10,10,complete
ML23,M-only_internal_merge_entry,A,30.0,50,0.0,1500.0,50,50,complete
ML23,M-only_internal_merge_entry,A,60.0,25,0.0,1500.0,25,25,complete
ML23,M-only_internal_merge_entry,A,120.0,13,0.0,1500.0,13,13,complete
ML23,M-only_internal_merge_entry,B,30.0,40,300.0,1500.0,40,40,complete
ML23,M-only_internal_merge_entry,B,60.0,20,300.0,1500.0,20,20,complete
ML23,M-only_internal_merge_entry,B,120.0,10,300.0,1500.0,10,10,complete
MH17,M-only_internal_merge_entry,A,30.0,50,0.0,1500.0,50,50,complete
MH17,M-only_internal_merge_entry,A,60.0,25,0.0,1500.0,25,25,complete
MH17,M-only_internal_merge_entry,A,120.0,13,0.0,1500.0,13,13,complete
MH17,M-only_internal_merge_entry,B,30.0,40,300.0,1500.0,40,40,complete
MH17,M-only_internal_merge_entry,B,60.0,20,300.0,1500.0,20,20,complete
MH17,M-only_internal_merge_entry,B,120.0,10,300.0,1500.0,10,10,complete
MH23,M-only_internal_merge_entry,A,30.0,50,0.0,1500.0,50,50,complete
MH23,M-only_internal_merge_entry,A,60.0,25,0.0,1500.0,25,25,complete
MH23,M-only_internal_merge_entry,A,120.0,13,0.0,1500.0,13,13,complete
MH23,M-only_internal_merge_entry,B,30.0,40,300.0,1500.0,40,40,complete
MH23,M-only_internal_merge_entry,B,60.0,20,300.0,1500.0,20,20,complete
MH23,M-only_internal_merge_entry,B,120.0,10,300.0,1500.0,10,10,complete
RL17,M-only_internal_merge_entry,A,30.0,50,0.0,1500.0,50,50,complete
RL17,M-only_internal_merge_entry,A,60.0,25,0.0,1500.0,25,25,complete
RL17,M-only_internal_merge_entry,A,120.0,13,0.0,1500.0,13,13,complete
RL17,M-only_internal_merge_entry,B,30.0,40,300.0,1500.0,40,40,complete
RL17,M-only_internal_merge_entry,B,60.0,20,300.0,1500.0,20,20,complete
RL17,M-only_internal_merge_entry,B,120.0,10,300.0,1500.0,10,10,complete
RL23,M-only_internal_merge_entry,A,30.0,50,0.0,1500.0,50,50,complete
RL23,M-only_internal_merge_entry,A,60.0,25,0.0,1500.0,25,25,complete
RL23,M-only_internal_merge_entry,A,120.0,13,0.0,1500.0,13,13,complete
RL23,M-only_internal_merge_entry,B,30.0,40,300.0,1500.0,40,40,complete
RL23,M-only_internal_merge_entry,B,60.0,20,300.0,1500.0,20,20,complete
RL23,M-only_internal_merge_entry,B,120.0,10,300.0,1500.0,10,10,complete
