path,sha256
src/analysis/analyze_stage4_qmain.py,899305e7dfba2222ea552c0b453d3078f39b1d254d2805fb71287625864dcb1b
tests/test_stage4_qmain.py,41cf5c93b1b99e920df77a41921ab837380f33effdc1d8328e6360c2af6de448
tests/test_verify_stage4_qmain.py,25b1af210dcadee6388716666d6e3a2fc4217591c5b6c6a13c47acb5d5fea39d
data/processed/stage4_qmain_sequential_20260912_v1/execution_ledger.json,b745ccaedf5a9b8c4bcf94119711f9fa4c7e0c12b12d3125c7bd5e337faefff5
data/processed/stage4_qmain_sequential_20260912_v1/runtime_source_registry.json,04fc91c77c97f40e90513f069f572df9e2f0302aec7b8bb085b763b4dcef191d
data/processed/stage4_qmain_sequential_20260912_v1/candidate_manifest_receipt_registry.json,e4acfb5fd3d9f71ac0e55e5ccc8df951a1a7cf79d92146c817136656a66b5bca
data/processed/stage4_qmain_sequential_20260912_v1/registration_payload.json,d934b62903081163495b7e17cf72c52786e1dfb864aa5d9a9d3eb5c2eb9a952a
data/processed/stage4_qmain_sequential_20260912_v1/measurement_contract.json,b3bf7abec5a9e6cfc29edb81de58ec5cc86c9e0fd132e88a9cd6999a456a91c9
data/processed/stage4_qmain_sequential_20260912_v1/source_registry.json,96ee4a20f8130ede9a14ff9a40292a0c1d588770bbf1b37ad1ac455b3a1c538b
data/processed/stage4_qmain_sequential_20260912_v1/t43_tier2_engineering_execution_verification_revision_02.json,e8636f2bb47b07090974ef7bef35620edb4c8121c4264f25eecd079a7642ad67
data/processed/stage4_qmain_sequential_20260912_v1/analysis/tier2/revision_01/independent_tier2_reconstruction.py,480e8d1fe78946ccdb2a222cbcf4d7a0e0f38b8caa89100d4f6880b069e73604
data/processed/stage4_qmain_sequential_20260912_v1/analysis/tier2/revision_01/independent_reconstruction.json,38439aa2b5e01f9e71994a630432ec8fb77f72788899693b47db71e6fcc14a54
data/processed/stage4_qmain_sequential_20260912_v1/analysis/tier2/revision_01/manifest_receipt_verification.json,8dcce0ecaef0ce8f4a00bb8a2cabe1ba85bd9d14cd9a12a1fe3f0f1c64a09222
data/processed/stage4_qmain_sequential_20260912_v1/analysis/final/revision_03/decision/final_decision.json,7138180fa54ff47492da5222f01939a07da999ff6351b29c4ea1ae337ec126af
data/processed/stage4_qmain_sequential_20260912_v1/analysis/final/revision_03/status/logical_status_summary.json,01b4a7495f19220e6e2bf2e8a299a2b3f46d8c8feab28483a3a76920d542e1f7
data/processed/stage4_qmain_sequential_20260912_v1/analysis/final/revision_03/independent_final_oracle.json,e574b675bbbf9b3b94acbfb202078b34475d2ddb76b02e7a803c3b7e28971aca
data/processed/stage4_qmain_sequential_20260912_v1/analysis/tier2/engineering/QM3650S17/run_manifest.json,0a05fd84ddfff48688a9133f312a2451b6155902d416ffc6d689b1031cca296b
data/processed/stage4_qmain_sequential_20260912_v1/analysis/tier2/engineering/QM3650S23/run_manifest.json,2bc2fac41e30f491336328cace7de9f14d8dfe8d6f57a5dfe694969241d37cba
data/processed/stage4_qmain_sequential_20260912_v1/candidate_manifest_receipts/QM3650S17_revision_01.json,f8b4c165126d318f454c8221e1ca2d3a38427284c1d6f2391ab41cf03ebe10f4
data/processed/stage4_qmain_sequential_20260912_v1/candidate_manifest_receipts/QM3650S23_revision_01.json,81fc5111dc19eb5133afe07a17c94934ebba9f0cf5bbb4eb098969c112b0c0b4
results/tables/stage4_qmain_sequential_20260912_v1/tier2/revision_03/tier2_e1_windows.csv,ea373311a0d0eb704d7d57e8997c98ed78fc668b8188828f52d72a27decf1491
results/tables/stage4_qmain_sequential_20260912_v1/tier2/revision_03/tier2_ejmi_persistence.csv,db45c169b3f2c17481e91ec5064c5c24990bee2caeb73ee56996da553412ffc3
results/tables/stage4_qmain_sequential_20260912_v1/tier2/revision_03/tier2_endpoint_accounting.csv,81dbadad986b501a313800d412f88ee55013b6c71bd2ac6ecb136b84185afa6d
results/tables/stage4_qmain_sequential_20260912_v1/tier2/revision_03/tier2_observation_audit.csv,82dd39a2f09a5fea7ef4d55b68f057f42b9e6b0f03c3d181fe7d06ec44bd6d8a
results/tables/stage4_qmain_sequential_20260912_v1/tier2/revision_03/tier2_run_summary.csv,1e2eb2859b80722a3b46c193e696ca76f69523164ec5a7db4aaff0e23de94573
results/tables/stage4_qmain_sequential_20260912_v1/final/revision_02/final_denominators.csv,468194f8927b4aec7eebaada65c8cd06c659e1bce30690ce477f7df5ef318257
results/tables/stage4_qmain_sequential_20260912_v1/final/revision_02/final_ejmi_envelope_checks.csv,9b0c9206dbc817277d51df143bdcb6e4f8d0f2ea5f09448f4461cb5f31c9723a
results/tables/stage4_qmain_sequential_20260912_v1/final/revision_02/final_point_states.csv,61410c00d0226d4b2752aa3f7e19d0e8e0f5510a17f087499adb0b493d841a1d
results/tables/stage4_qmain_sequential_20260912_v1/final/revision_02/final_run_matrix.csv,a7d80f263fa735deaac29d21abed96b9128fcd909bf95f633c35621278b58881
results/figures/stage4_qmain_sequential_20260912_v1/tier2/revision_02/tier2_shared_exposure_grouped.png,3361757a6f06d10e9edfc7ffcfc0af9e0c7c6a259b60c9a8a3b10bfd598f57a9
results/figures/stage4_qmain_sequential_20260912_v1/final/revision_02/final_R_passage_discrete.png,a3dcb3f9427d3ee5b047a29411d6a3721fab2a7f440ae3fe9fa30545595996ce
results/figures/stage4_qmain_sequential_20260912_v1/final/revision_02/final_internal_e1_A_discrete.png,0e79c0d711b6877f2fbc38034082800ede42d619be82daee89148b18d9649904
