run_id,seed,audit_item,passed,denominator
QM3650S17,17,downstream_e1,True,90
QM3650S17,17,entry_accounting,True,n/a
QM3650S17,17,fcd,True,2700
QM3650S17,17,m_depart_position,True,1521
QM3650S17,17,source_inventory,True,29
QM3650S17,17,technical_warnings,True,n/a
QM3650S17,17,tls,True,2700
QM3650S23,23,downstream_e1,True,90
QM3650S23,23,entry_accounting,True,n/a
QM3650S23,23,fcd,True,2700
QM3650S23,23,m_depart_position,True,1521
QM3650S23,23,source_inventory,True,29
QM3650S23,23,technical_warnings,True,n/a
QM3650S23,23,tls,True,2700
