run_id,time_s,frame_present
RL17,0.0,True
RL17,1.0,True
RL17,2.0,True
RL17,3.0,True
RL17,4.0,True
RL17,5.0,True
RL17,6.0,True
RL17,7.0,True
RL17,8.0,True
RL17,9.0,True
RL17,10.0,True
RL17,11.0,True
RL17,12.0,True
RL17,13.0,True
RL17,14.0,True
RL17,15.0,True
RL17,16.0,True
RL17,17.0,True
RL17,18.0,True
RL17,19.0,True
RL17,20.0,True
RL17,21.0,True
RL17,22.0,True
RL17,23.0,True
RL17,24.0,True
RL17,25.0,True
RL17,26.0,True
RL17,27.0,True
RL17,28.0,True
RL17,29.0,True
RL17,30.0,True
RL17,31.0,True
RL17,32.0,True
RL17,33.0,True
RL17,34.0,True
RL17,35.0,True
RL17,36.0,True
RL17,37.0,True
RL17,38.0,True
RL17,39.0,True
RL17,40.0,True
RL17,41.0,True
RL17,42.0,True
RL17,43.0,True
RL17,44.0,True
RL17,45.0,True
RL17,46.0,True
RL17,47.0,True
RL17,48.0,True
RL17,49.0,True
RL17,50.0,True
RL17,51.0,True
RL17,52.0,True
RL17,53.0,True
RL17,54.0,True
RL17,55.0,True
RL17,56.0,True
RL17,57.0,True
RL17,58.0,True
RL17,59.0,True
RL17,60.0,True
RL17,61.0,True
RL17,62.0,True
RL17,63.0,True
RL17,64.0,True
RL17,65.0,True
RL17,66.0,True
RL17,67.0,True
RL17,68.0,True
RL17,69.0,True
RL17,70.0,True
RL17,71.0,True
RL17,72.0,True
RL17,73.0,True
RL17,74.0,True
RL17,75.0,True
RL17,76.0,True
RL17,77.0,True
RL17,78.0,True
RL17,79.0,True
RL17,80.0,True
RL17,81.0,True
RL17,82.0,True
RL17,83.0,True
RL17,84.0,True
RL17,85.0,True
RL17,86.0,True
RL17,87.0,True
RL17,88.0,True
RL17,89.0,True
RL17,90.0,True
RL17,91.0,True
RL17,92.0,True
RL17,93.0,True
RL17,94.0,True
RL17,95.0,True
RL17,96.0,True
RL17,97.0,True
RL17,98.0,True
RL17,99.0,True
RL17,100.0,True
RL17,101.0,True
RL17,102.0,True
RL17,103.0,True
RL17,104.0,True
RL17,105.0,True
RL17,106.0,True
RL17,107.0,True
RL17,108.0,True
RL17,109.0,True
RL17,110.0,True
RL17,111.0,True
RL17,112.0,True
RL17,113.0,True
RL17,114.0,True
RL17,115.0,True
RL17,116.0,True
RL17,117.0,True
RL17,118.0,True
RL17,119.0,True
RL17,120.0,True
RL17,121.0,True
RL17,122.0,True
RL17,123.0,True
RL17,124.0,True
RL17,125.0,True
RL17,126.0,True
RL17,127.0,True
RL17,128.0,True
RL17,129.0,True
RL17,130.0,True
RL17,131.0,True
RL17,132.0,True
RL17,133.0,True
RL17,134.0,True
RL17,135.0,True
RL17,136.0,True
RL17,137.0,True
RL17,138.0,True
RL17,139.0,True
RL17,140.0,True
RL17,141.0,True
RL17,142.0,True
RL17,143.0,True
RL17,144.0,True
RL17,145.0,True
RL17,146.0,True
RL17,147.0,True
RL17,148.0,True
RL17,149.0,True
RL17,150.0,True
RL17,151.0,True
RL17,152.0,True
RL17,153.0,True
RL17,154.0,True
RL17,155.0,True
RL17,156.0,True
RL17,157.0,True
RL17,158.0,True
RL17,159.0,True
RL17,160.0,True
RL17,161.0,True
RL17,162.0,True
RL17,163.0,True
RL17,164.0,True
RL17,165.0,True
RL17,166.0,True
RL17,167.0,True
RL17,168.0,True
RL17,169.0,True
RL17,170.0,True
RL17,171.0,True
RL17,172.0,True
RL17,173.0,True
RL17,174.0,True
RL17,175.0,True
RL17,176.0,True
RL17,177.0,True
RL17,178.0,True
RL17,179.0,True
RL17,180.0,True
RL17,181.0,True
RL17,182.0,True
RL17,183.0,True
RL17,184.0,True
RL17,185.0,True
RL17,186.0,True
RL17,187.0,True
RL17,188.0,True
RL17,189.0,True
RL17,190.0,True
RL17,191.0,True
RL17,192.0,True
RL17,193.0,True
RL17,194.0,True
RL17,195.0,True
RL17,196.0,True
RL17,197.0,True
RL17,198.0,True
RL17,199.0,True
RL17,200.0,True
RL17,201.0,True
RL17,202.0,True
RL17,203.0,True
RL17,204.0,True
RL17,205.0,True
RL17,206.0,True
RL17,207.0,True
RL17,208.0,True
RL17,209.0,True
RL17,210.0,True
RL17,211.0,True
RL17,212.0,True
RL17,213.0,True
RL17,214.0,True
RL17,215.0,True
RL17,216.0,True
RL17,217.0,True
RL17,218.0,True
RL17,219.0,True
RL17,220.0,True
RL17,221.0,True
RL17,222.0,True
RL17,223.0,True
RL17,224.0,True
RL17,225.0,True
RL17,226.0,True
RL17,227.0,True
RL17,228.0,True
RL17,229.0,True
RL17,230.0,True
RL17,231.0,True
RL17,232.0,True
RL17,233.0,True
RL17,234.0,True
RL17,235.0,True
RL17,236.0,True
RL17,237.0,True
RL17,238.0,True
RL17,239.0,True
RL17,240.0,True
RL17,241.0,True
RL17,242.0,True
RL17,243.0,True
RL17,244.0,True
RL17,245.0,True
RL17,246.0,True
RL17,247.0,True
RL17,248.0,True
RL17,249.0,True
RL17,250.0,True
RL17,251.0,True
RL17,252.0,True
RL17,253.0,True
RL17,254.0,True
RL17,255.0,True
RL17,256.0,True
RL17,257.0,True
RL17,258.0,True
RL17,259.0,True
RL17,260.0,True
RL17,261.0,True
RL17,262.0,True
RL17,263.0,True
RL17,264.0,True
RL17,265.0,True
RL17,266.0,True
RL17,267.0,True
RL17,268.0,True
RL17,269.0,True
RL17,270.0,True
RL17,271.0,True
RL17,272.0,True
RL17,273.0,True
RL17,274.0,True
RL17,275.0,True
RL17,276.0,True
RL17,277.0,True
RL17,278.0,True
RL17,279.0,True
RL17,280.0,True
RL17,281.0,True
RL17,282.0,True
RL17,283.0,True
RL17,284.0,True
RL17,285.0,True
RL17,286.0,True
RL17,287.0,True
RL17,288.0,True
RL17,289.0,True
RL17,290.0,True
RL17,291.0,True
RL17,292.0,True
RL17,293.0,True
RL17,294.0,True
RL17,295.0,True
RL17,296.0,True
RL17,297.0,True
RL17,298.0,True
RL17,299.0,True
RL17,300.0,True
RL17,301.0,True
RL17,302.0,True
RL17,303.0,True
RL17,304.0,True
RL17,305.0,True
RL17,306.0,True
RL17,307.0,True
RL17,308.0,True
RL17,309.0,True
RL17,310.0,True
RL17,311.0,True
RL17,312.0,True
RL17,313.0,True
RL17,314.0,True
RL17,315.0,True
RL17,316.0,True
RL17,317.0,True
RL17,318.0,True
RL17,319.0,True
RL17,320.0,True
RL17,321.0,True
RL17,322.0,True
RL17,323.0,True
RL17,324.0,True
RL17,325.0,True
RL17,326.0,True
RL17,327.0,True
RL17,328.0,True
RL17,329.0,True
RL17,330.0,True
RL17,331.0,True
RL17,332.0,True
RL17,333.0,True
RL17,334.0,True
RL17,335.0,True
RL17,336.0,True
RL17,337.0,True
RL17,338.0,True
RL17,339.0,True
RL17,340.0,True
RL17,341.0,True
RL17,342.0,True
RL17,343.0,True
RL17,344.0,True
RL17,345.0,True
RL17,346.0,True
RL17,347.0,True
RL17,348.0,True
RL17,349.0,True
RL17,350.0,True
RL17,351.0,True
RL17,352.0,True
RL17,353.0,True
RL17,354.0,True
RL17,355.0,True
RL17,356.0,True
RL17,357.0,True
RL17,358.0,True
RL17,359.0,True
RL17,360.0,True
RL17,361.0,True
RL17,362.0,True
RL17,363.0,True
RL17,364.0,True
RL17,365.0,True
RL17,366.0,True
RL17,367.0,True
RL17,368.0,True
RL17,369.0,True
RL17,370.0,True
RL17,371.0,True
RL17,372.0,True
RL17,373.0,True
RL17,374.0,True
RL17,375.0,True
RL17,376.0,True
RL17,377.0,True
RL17,378.0,True
RL17,379.0,True
RL17,380.0,True
RL17,381.0,True
RL17,382.0,True
RL17,383.0,True
RL17,384.0,True
RL17,385.0,True
RL17,386.0,True
RL17,387.0,True
RL17,388.0,True
RL17,389.0,True
RL17,390.0,True
RL17,391.0,True
RL17,392.0,True
RL17,393.0,True
RL17,394.0,True
RL17,395.0,True
RL17,396.0,True
RL17,397.0,True
RL17,398.0,True
RL17,399.0,True
RL17,400.0,True
RL17,401.0,True
RL17,402.0,True
RL17,403.0,True
RL17,404.0,True
RL17,405.0,True
RL17,406.0,True
RL17,407.0,True
RL17,408.0,True
RL17,409.0,True
RL17,410.0,True
RL17,411.0,True
RL17,412.0,True
RL17,413.0,True
RL17,414.0,True
RL17,415.0,True
RL17,416.0,True
RL17,417.0,True
RL17,418.0,True
RL17,419.0,True
RL17,420.0,True
RL17,421.0,True
RL17,422.0,True
RL17,423.0,True
RL17,424.0,True
RL17,425.0,True
RL17,426.0,True
RL17,427.0,True
RL17,428.0,True
RL17,429.0,True
RL17,430.0,True
RL17,431.0,True
RL17,432.0,True
RL17,433.0,True
RL17,434.0,True
RL17,435.0,True
RL17,436.0,True
RL17,437.0,True
RL17,438.0,True
RL17,439.0,True
RL17,440.0,True
RL17,441.0,True
RL17,442.0,True
RL17,443.0,True
RL17,444.0,True
RL17,445.0,True
RL17,446.0,True
RL17,447.0,True
RL17,448.0,True
RL17,449.0,True
RL17,450.0,True
RL17,451.0,True
RL17,452.0,True
RL17,453.0,True
RL17,454.0,True
RL17,455.0,True
RL17,456.0,True
RL17,457.0,True
RL17,458.0,True
RL17,459.0,True
RL17,460.0,True
RL17,461.0,True
RL17,462.0,True
RL17,463.0,True
RL17,464.0,True
RL17,465.0,True
RL17,466.0,True
RL17,467.0,True
RL17,468.0,True
RL17,469.0,True
RL17,470.0,True
RL17,471.0,True
RL17,472.0,True
RL17,473.0,True
RL17,474.0,True
RL17,475.0,True
RL17,476.0,True
RL17,477.0,True
RL17,478.0,True
RL17,479.0,True
RL17,480.0,True
RL17,481.0,True
RL17,482.0,True
RL17,483.0,True
RL17,484.0,True
RL17,485.0,True
RL17,486.0,True
RL17,487.0,True
RL17,488.0,True
RL17,489.0,True
RL17,490.0,True
RL17,491.0,True
RL17,492.0,True
RL17,493.0,True
RL17,494.0,True
RL17,495.0,True
RL17,496.0,True
RL17,497.0,True
RL17,498.0,True
RL17,499.0,True
RL17,500.0,True
RL17,501.0,True
RL17,502.0,True
RL17,503.0,True
RL17,504.0,True
RL17,505.0,True
RL17,506.0,True
RL17,507.0,True
RL17,508.0,True
RL17,509.0,True
RL17,510.0,True
RL17,511.0,True
RL17,512.0,True
RL17,513.0,True
RL17,514.0,True
RL17,515.0,True
RL17,516.0,True
RL17,517.0,True
RL17,518.0,True
RL17,519.0,True
RL17,520.0,True
RL17,521.0,True
RL17,522.0,True
RL17,523.0,True
RL17,524.0,True
RL17,525.0,True
RL17,526.0,True
RL17,527.0,True
RL17,528.0,True
RL17,529.0,True
RL17,530.0,True
RL17,531.0,True
RL17,532.0,True
RL17,533.0,True
RL17,534.0,True
RL17,535.0,True
RL17,536.0,True
RL17,537.0,True
RL17,538.0,True
RL17,539.0,True
RL17,540.0,True
RL17,541.0,True
RL17,542.0,True
RL17,543.0,True
RL17,544.0,True
RL17,545.0,True
RL17,546.0,True
RL17,547.0,True
RL17,548.0,True
RL17,549.0,True
RL17,550.0,True
RL17,551.0,True
RL17,552.0,True
RL17,553.0,True
RL17,554.0,True
RL17,555.0,True
RL17,556.0,True
RL17,557.0,True
RL17,558.0,True
RL17,559.0,True
RL17,560.0,True
RL17,561.0,True
RL17,562.0,True
RL17,563.0,True
RL17,564.0,True
RL17,565.0,True
RL17,566.0,True
RL17,567.0,True
RL17,568.0,True
RL17,569.0,True
RL17,570.0,True
RL17,571.0,True
RL17,572.0,True
RL17,573.0,True
RL17,574.0,True
RL17,575.0,True
RL17,576.0,True
RL17,577.0,True
RL17,578.0,True
RL17,579.0,True
RL17,580.0,True
RL17,581.0,True
RL17,582.0,True
RL17,583.0,True
RL17,584.0,True
RL17,585.0,True
RL17,586.0,True
RL17,587.0,True
RL17,588.0,True
RL17,589.0,True
RL17,590.0,True
RL17,591.0,True
RL17,592.0,True
RL17,593.0,True
RL17,594.0,True
RL17,595.0,True
RL17,596.0,True
RL17,597.0,True
RL17,598.0,True
RL17,599.0,True
RL17,600.0,True
RL17,601.0,True
RL17,602.0,True
RL17,603.0,True
RL17,604.0,True
RL17,605.0,True
RL17,606.0,True
RL17,607.0,True
RL17,608.0,True
RL17,609.0,True
RL17,610.0,True
RL17,611.0,True
RL17,612.0,True
RL17,613.0,True
RL17,614.0,True
RL17,615.0,True
RL17,616.0,True
RL17,617.0,True
RL17,618.0,True
RL17,619.0,True
RL17,620.0,True
RL17,621.0,True
RL17,622.0,True
RL17,623.0,True
RL17,624.0,True
RL17,625.0,True
RL17,626.0,True
RL17,627.0,True
RL17,628.0,True
RL17,629.0,True
RL17,630.0,True
RL17,631.0,True
RL17,632.0,True
RL17,633.0,True
RL17,634.0,True
RL17,635.0,True
RL17,636.0,True
RL17,637.0,True
RL17,638.0,True
RL17,639.0,True
RL17,640.0,True
RL17,641.0,True
RL17,642.0,True
RL17,643.0,True
RL17,644.0,True
RL17,645.0,True
RL17,646.0,True
RL17,647.0,True
RL17,648.0,True
RL17,649.0,True
RL17,650.0,True
RL17,651.0,True
RL17,652.0,True
RL17,653.0,True
RL17,654.0,True
RL17,655.0,True
RL17,656.0,True
RL17,657.0,True
RL17,658.0,True
RL17,659.0,True
RL17,660.0,True
RL17,661.0,True
RL17,662.0,True
RL17,663.0,True
RL17,664.0,True
RL17,665.0,True
RL17,666.0,True
RL17,667.0,True
RL17,668.0,True
RL17,669.0,True
RL17,670.0,True
RL17,671.0,True
RL17,672.0,True
RL17,673.0,True
RL17,674.0,True
RL17,675.0,True
RL17,676.0,True
RL17,677.0,True
RL17,678.0,True
RL17,679.0,True
RL17,680.0,True
RL17,681.0,True
RL17,682.0,True
RL17,683.0,True
RL17,684.0,True
RL17,685.0,True
RL17,686.0,True
RL17,687.0,True
RL17,688.0,True
RL17,689.0,True
RL17,690.0,True
RL17,691.0,True
RL17,692.0,True
RL17,693.0,True
RL17,694.0,True
RL17,695.0,True
RL17,696.0,True
RL17,697.0,True
RL17,698.0,True
RL17,699.0,True
RL17,700.0,True
RL17,701.0,True
RL17,702.0,True
RL17,703.0,True
RL17,704.0,True
RL17,705.0,True
RL17,706.0,True
RL17,707.0,True
RL17,708.0,True
RL17,709.0,True
RL17,710.0,True
RL17,711.0,True
RL17,712.0,True
RL17,713.0,True
RL17,714.0,True
RL17,715.0,True
RL17,716.0,True
RL17,717.0,True
RL17,718.0,True
RL17,719.0,True
RL17,720.0,True
RL17,721.0,True
RL17,722.0,True
RL17,723.0,True
RL17,724.0,True
RL17,725.0,True
RL17,726.0,True
RL17,727.0,True
RL17,728.0,True
RL17,729.0,True
RL17,730.0,True
RL17,731.0,True
RL17,732.0,True
RL17,733.0,True
RL17,734.0,True
RL17,735.0,True
RL17,736.0,True
RL17,737.0,True
RL17,738.0,True
RL17,739.0,True
RL17,740.0,True
RL17,741.0,True
RL17,742.0,True
RL17,743.0,True
RL17,744.0,True
RL17,745.0,True
RL17,746.0,True
RL17,747.0,True
RL17,748.0,True
RL17,749.0,True
RL17,750.0,True
RL17,751.0,True
RL17,752.0,True
RL17,753.0,True
RL17,754.0,True
RL17,755.0,True
RL17,756.0,True
RL17,757.0,True
RL17,758.0,True
RL17,759.0,True
RL17,760.0,True
RL17,761.0,True
RL17,762.0,True
RL17,763.0,True
RL17,764.0,True
RL17,765.0,True
RL17,766.0,True
RL17,767.0,True
RL17,768.0,True
RL17,769.0,True
RL17,770.0,True
RL17,771.0,True
RL17,772.0,True
RL17,773.0,True
RL17,774.0,True
RL17,775.0,True
RL17,776.0,True
RL17,777.0,True
RL17,778.0,True
RL17,779.0,True
RL17,780.0,True
RL17,781.0,True
RL17,782.0,True
RL17,783.0,True
RL17,784.0,True
RL17,785.0,True
RL17,786.0,True
RL17,787.0,True
RL17,788.0,True
RL17,789.0,True
RL17,790.0,True
RL17,791.0,True
RL17,792.0,True
RL17,793.0,True
RL17,794.0,True
RL17,795.0,True
RL17,796.0,True
RL17,797.0,True
RL17,798.0,True
RL17,799.0,True
RL17,800.0,True
RL17,801.0,True
RL17,802.0,True
RL17,803.0,True
RL17,804.0,True
RL17,805.0,True
RL17,806.0,True
RL17,807.0,True
RL17,808.0,True
RL17,809.0,True
RL17,810.0,True
RL17,811.0,True
RL17,812.0,True
RL17,813.0,True
RL17,814.0,True
RL17,815.0,True
RL17,816.0,True
RL17,817.0,True
RL17,818.0,True
RL17,819.0,True
RL17,820.0,True
RL17,821.0,True
RL17,822.0,True
RL17,823.0,True
RL17,824.0,True
RL17,825.0,True
RL17,826.0,True
RL17,827.0,True
RL17,828.0,True
RL17,829.0,True
RL17,830.0,True
RL17,831.0,True
RL17,832.0,True
RL17,833.0,True
RL17,834.0,True
RL17,835.0,True
RL17,836.0,True
RL17,837.0,True
RL17,838.0,True
RL17,839.0,True
RL17,840.0,True
RL17,841.0,True
RL17,842.0,True
RL17,843.0,True
RL17,844.0,True
RL17,845.0,True
RL17,846.0,True
RL17,847.0,True
RL17,848.0,True
RL17,849.0,True
RL17,850.0,True
RL17,851.0,True
RL17,852.0,True
RL17,853.0,True
RL17,854.0,True
RL17,855.0,True
RL17,856.0,True
RL17,857.0,True
RL17,858.0,True
RL17,859.0,True
RL17,860.0,True
RL17,861.0,True
RL17,862.0,True
RL17,863.0,True
RL17,864.0,True
RL17,865.0,True
RL17,866.0,True
RL17,867.0,True
RL17,868.0,True
RL17,869.0,True
RL17,870.0,True
RL17,871.0,True
RL17,872.0,True
RL17,873.0,True
RL17,874.0,True
RL17,875.0,True
RL17,876.0,True
RL17,877.0,True
RL17,878.0,True
RL17,879.0,True
RL17,880.0,True
RL17,881.0,True
RL17,882.0,True
RL17,883.0,True
RL17,884.0,True
RL17,885.0,True
RL17,886.0,True
RL17,887.0,True
RL17,888.0,True
RL17,889.0,True
RL17,890.0,True
RL17,891.0,True
RL17,892.0,True
RL17,893.0,True
RL17,894.0,True
RL17,895.0,True
RL17,896.0,True
RL17,897.0,True
RL17,898.0,True
RL17,899.0,True
RL17,900.0,True
RL17,901.0,True
RL17,902.0,True
RL17,903.0,True
RL17,904.0,True
RL17,905.0,True
RL17,906.0,True
RL17,907.0,True
RL17,908.0,True
RL17,909.0,True
RL17,910.0,True
RL17,911.0,True
RL17,912.0,True
RL17,913.0,True
RL17,914.0,True
RL17,915.0,True
RL17,916.0,True
RL17,917.0,True
RL17,918.0,True
RL17,919.0,True
RL17,920.0,True
RL17,921.0,True
RL17,922.0,True
RL17,923.0,True
RL17,924.0,True
RL17,925.0,True
RL17,926.0,True
RL17,927.0,True
RL17,928.0,True
RL17,929.0,True
RL17,930.0,True
RL17,931.0,True
RL17,932.0,True
RL17,933.0,True
RL17,934.0,True
RL17,935.0,True
RL17,936.0,True
RL17,937.0,True
RL17,938.0,True
RL17,939.0,True
RL17,940.0,True
RL17,941.0,True
RL17,942.0,True
RL17,943.0,True
RL17,944.0,True
RL17,945.0,True
RL17,946.0,True
RL17,947.0,True
RL17,948.0,True
RL17,949.0,True
RL17,950.0,True
RL17,951.0,True
RL17,952.0,True
RL17,953.0,True
RL17,954.0,True
RL17,955.0,True
RL17,956.0,True
RL17,957.0,True
RL17,958.0,True
RL17,959.0,True
RL17,960.0,True
RL17,961.0,True
RL17,962.0,True
RL17,963.0,True
RL17,964.0,True
RL17,965.0,True
RL17,966.0,True
RL17,967.0,True
RL17,968.0,True
RL17,969.0,True
RL17,970.0,True
RL17,971.0,True
RL17,972.0,True
RL17,973.0,True
RL17,974.0,True
RL17,975.0,True
RL17,976.0,True
RL17,977.0,True
RL17,978.0,True
RL17,979.0,True
RL17,980.0,True
RL17,981.0,True
RL17,982.0,True
RL17,983.0,True
RL17,984.0,True
RL17,985.0,True
RL17,986.0,True
RL17,987.0,True
RL17,988.0,True
RL17,989.0,True
RL17,990.0,True
RL17,991.0,True
RL17,992.0,True
RL17,993.0,True
RL17,994.0,True
RL17,995.0,True
RL17,996.0,True
RL17,997.0,True
RL17,998.0,True
RL17,999.0,True
RL17,1000.0,True
RL17,1001.0,True
RL17,1002.0,True
RL17,1003.0,True
RL17,1004.0,True
RL17,1005.0,True
RL17,1006.0,True
RL17,1007.0,True
RL17,1008.0,True
RL17,1009.0,True
RL17,1010.0,True
RL17,1011.0,True
RL17,1012.0,True
RL17,1013.0,True
RL17,1014.0,True
RL17,1015.0,True
RL17,1016.0,True
RL17,1017.0,True
RL17,1018.0,True
RL17,1019.0,True
RL17,1020.0,True
RL17,1021.0,True
RL17,1022.0,True
RL17,1023.0,True
RL17,1024.0,True
RL17,1025.0,True
RL17,1026.0,True
RL17,1027.0,True
RL17,1028.0,True
RL17,1029.0,True
RL17,1030.0,True
RL17,1031.0,True
RL17,1032.0,True
RL17,1033.0,True
RL17,1034.0,True
RL17,1035.0,True
RL17,1036.0,True
RL17,1037.0,True
RL17,1038.0,True
RL17,1039.0,True
RL17,1040.0,True
RL17,1041.0,True
RL17,1042.0,True
RL17,1043.0,True
RL17,1044.0,True
RL17,1045.0,True
RL17,1046.0,True
RL17,1047.0,True
RL17,1048.0,True
RL17,1049.0,True
RL17,1050.0,True
RL17,1051.0,True
RL17,1052.0,True
RL17,1053.0,True
RL17,1054.0,True
RL17,1055.0,True
RL17,1056.0,True
RL17,1057.0,True
RL17,1058.0,True
RL17,1059.0,True
RL17,1060.0,True
RL17,1061.0,True
RL17,1062.0,True
RL17,1063.0,True
RL17,1064.0,True
RL17,1065.0,True
RL17,1066.0,True
RL17,1067.0,True
RL17,1068.0,True
RL17,1069.0,True
RL17,1070.0,True
RL17,1071.0,True
RL17,1072.0,True
RL17,1073.0,True
RL17,1074.0,True
RL17,1075.0,True
RL17,1076.0,True
RL17,1077.0,True
RL17,1078.0,True
RL17,1079.0,True
RL17,1080.0,True
RL17,1081.0,True
RL17,1082.0,True
RL17,1083.0,True
RL17,1084.0,True
RL17,1085.0,True
RL17,1086.0,True
RL17,1087.0,True
RL17,1088.0,True
RL17,1089.0,True
RL17,1090.0,True
RL17,1091.0,True
RL17,1092.0,True
RL17,1093.0,True
RL17,1094.0,True
RL17,1095.0,True
RL17,1096.0,True
RL17,1097.0,True
RL17,1098.0,True
RL17,1099.0,True
RL17,1100.0,True
RL17,1101.0,True
RL17,1102.0,True
RL17,1103.0,True
RL17,1104.0,True
RL17,1105.0,True
RL17,1106.0,True
RL17,1107.0,True
RL17,1108.0,True
RL17,1109.0,True
RL17,1110.0,True
RL17,1111.0,True
RL17,1112.0,True
RL17,1113.0,True
RL17,1114.0,True
RL17,1115.0,True
RL17,1116.0,True
RL17,1117.0,True
RL17,1118.0,True
RL17,1119.0,True
RL17,1120.0,True
RL17,1121.0,True
RL17,1122.0,True
RL17,1123.0,True
RL17,1124.0,True
RL17,1125.0,True
RL17,1126.0,True
RL17,1127.0,True
RL17,1128.0,True
RL17,1129.0,True
RL17,1130.0,True
RL17,1131.0,True
RL17,1132.0,True
RL17,1133.0,True
RL17,1134.0,True
RL17,1135.0,True
RL17,1136.0,True
RL17,1137.0,True
RL17,1138.0,True
RL17,1139.0,True
RL17,1140.0,True
RL17,1141.0,True
RL17,1142.0,True
RL17,1143.0,True
RL17,1144.0,True
RL17,1145.0,True
RL17,1146.0,True
RL17,1147.0,True
RL17,1148.0,True
RL17,1149.0,True
RL17,1150.0,True
RL17,1151.0,True
RL17,1152.0,True
RL17,1153.0,True
RL17,1154.0,True
RL17,1155.0,True
RL17,1156.0,True
RL17,1157.0,True
RL17,1158.0,True
RL17,1159.0,True
RL17,1160.0,True
RL17,1161.0,True
RL17,1162.0,True
RL17,1163.0,True
RL17,1164.0,True
RL17,1165.0,True
RL17,1166.0,True
RL17,1167.0,True
RL17,1168.0,True
RL17,1169.0,True
RL17,1170.0,True
RL17,1171.0,True
RL17,1172.0,True
RL17,1173.0,True
RL17,1174.0,True
RL17,1175.0,True
RL17,1176.0,True
RL17,1177.0,True
RL17,1178.0,True
RL17,1179.0,True
RL17,1180.0,True
RL17,1181.0,True
RL17,1182.0,True
RL17,1183.0,True
RL17,1184.0,True
RL17,1185.0,True
RL17,1186.0,True
RL17,1187.0,True
RL17,1188.0,True
RL17,1189.0,True
RL17,1190.0,True
RL17,1191.0,True
RL17,1192.0,True
RL17,1193.0,True
RL17,1194.0,True
RL17,1195.0,True
RL17,1196.0,True
RL17,1197.0,True
RL17,1198.0,True
RL17,1199.0,True
RL17,1200.0,True
RL17,1201.0,True
RL17,1202.0,True
RL17,1203.0,True
RL17,1204.0,True
RL17,1205.0,True
RL17,1206.0,True
RL17,1207.0,True
RL17,1208.0,True
RL17,1209.0,True
RL17,1210.0,True
RL17,1211.0,True
RL17,1212.0,True
RL17,1213.0,True
RL17,1214.0,True
RL17,1215.0,True
RL17,1216.0,True
RL17,1217.0,True
RL17,1218.0,True
RL17,1219.0,True
RL17,1220.0,True
RL17,1221.0,True
RL17,1222.0,True
RL17,1223.0,True
RL17,1224.0,True
RL17,1225.0,True
RL17,1226.0,True
RL17,1227.0,True
RL17,1228.0,True
RL17,1229.0,True
RL17,1230.0,True
RL17,1231.0,True
RL17,1232.0,True
RL17,1233.0,True
RL17,1234.0,True
RL17,1235.0,True
RL17,1236.0,True
RL17,1237.0,True
RL17,1238.0,True
RL17,1239.0,True
RL17,1240.0,True
RL17,1241.0,True
RL17,1242.0,True
RL17,1243.0,True
RL17,1244.0,True
RL17,1245.0,True
RL17,1246.0,True
RL17,1247.0,True
RL17,1248.0,True
RL17,1249.0,True
RL17,1250.0,True
RL17,1251.0,True
RL17,1252.0,True
RL17,1253.0,True
RL17,1254.0,True
RL17,1255.0,True
RL17,1256.0,True
RL17,1257.0,True
RL17,1258.0,True
RL17,1259.0,True
RL17,1260.0,True
RL17,1261.0,True
RL17,1262.0,True
RL17,1263.0,True
RL17,1264.0,True
RL17,1265.0,True
RL17,1266.0,True
RL17,1267.0,True
RL17,1268.0,True
RL17,1269.0,True
RL17,1270.0,True
RL17,1271.0,True
RL17,1272.0,True
RL17,1273.0,True
RL17,1274.0,True
RL17,1275.0,True
RL17,1276.0,True
RL17,1277.0,True
RL17,1278.0,True
RL17,1279.0,True
RL17,1280.0,True
RL17,1281.0,True
RL17,1282.0,True
RL17,1283.0,True
RL17,1284.0,True
RL17,1285.0,True
RL17,1286.0,True
RL17,1287.0,True
RL17,1288.0,True
RL17,1289.0,True
RL17,1290.0,True
RL17,1291.0,True
RL17,1292.0,True
RL17,1293.0,True
RL17,1294.0,True
RL17,1295.0,True
RL17,1296.0,True
RL17,1297.0,True
RL17,1298.0,True
RL17,1299.0,True
RL17,1300.0,True
RL17,1301.0,True
RL17,1302.0,True
RL17,1303.0,True
RL17,1304.0,True
RL17,1305.0,True
RL17,1306.0,True
RL17,1307.0,True
RL17,1308.0,True
RL17,1309.0,True
RL17,1310.0,True
RL17,1311.0,True
RL17,1312.0,True
RL17,1313.0,True
RL17,1314.0,True
RL17,1315.0,True
RL17,1316.0,True
RL17,1317.0,True
RL17,1318.0,True
RL17,1319.0,True
RL17,1320.0,True
RL17,1321.0,True
RL17,1322.0,True
RL17,1323.0,True
RL17,1324.0,True
RL17,1325.0,True
RL17,1326.0,True
RL17,1327.0,True
RL17,1328.0,True
RL17,1329.0,True
RL17,1330.0,True
RL17,1331.0,True
RL17,1332.0,True
RL17,1333.0,True
RL17,1334.0,True
RL17,1335.0,True
RL17,1336.0,True
RL17,1337.0,True
RL17,1338.0,True
RL17,1339.0,True
RL17,1340.0,True
RL17,1341.0,True
RL17,1342.0,True
RL17,1343.0,True
RL17,1344.0,True
RL17,1345.0,True
RL17,1346.0,True
RL17,1347.0,True
RL17,1348.0,True
RL17,1349.0,True
RL17,1350.0,True
RL17,1351.0,True
RL17,1352.0,True
RL17,1353.0,True
RL17,1354.0,True
RL17,1355.0,True
RL17,1356.0,True
RL17,1357.0,True
RL17,1358.0,True
RL17,1359.0,True
RL17,1360.0,True
RL17,1361.0,True
RL17,1362.0,True
RL17,1363.0,True
RL17,1364.0,True
RL17,1365.0,True
RL17,1366.0,True
RL17,1367.0,True
RL17,1368.0,True
RL17,1369.0,True
RL17,1370.0,True
RL17,1371.0,True
RL17,1372.0,True
RL17,1373.0,True
RL17,1374.0,True
RL17,1375.0,True
RL17,1376.0,True
RL17,1377.0,True
RL17,1378.0,True
RL17,1379.0,True
RL17,1380.0,True
RL17,1381.0,True
RL17,1382.0,True
RL17,1383.0,True
RL17,1384.0,True
RL17,1385.0,True
RL17,1386.0,True
RL17,1387.0,True
RL17,1388.0,True
RL17,1389.0,True
RL17,1390.0,True
RL17,1391.0,True
RL17,1392.0,True
RL17,1393.0,True
RL17,1394.0,True
RL17,1395.0,True
RL17,1396.0,True
RL17,1397.0,True
RL17,1398.0,True
RL17,1399.0,True
RL17,1400.0,True
RL17,1401.0,True
RL17,1402.0,True
RL17,1403.0,True
RL17,1404.0,True
RL17,1405.0,True
RL17,1406.0,True
RL17,1407.0,True
RL17,1408.0,True
RL17,1409.0,True
RL17,1410.0,True
RL17,1411.0,True
RL17,1412.0,True
RL17,1413.0,True
RL17,1414.0,True
RL17,1415.0,True
RL17,1416.0,True
RL17,1417.0,True
RL17,1418.0,True
RL17,1419.0,True
RL17,1420.0,True
RL17,1421.0,True
RL17,1422.0,True
RL17,1423.0,True
RL17,1424.0,True
RL17,1425.0,True
RL17,1426.0,True
RL17,1427.0,True
RL17,1428.0,True
RL17,1429.0,True
RL17,1430.0,True
RL17,1431.0,True
RL17,1432.0,True
RL17,1433.0,True
RL17,1434.0,True
RL17,1435.0,True
RL17,1436.0,True
RL17,1437.0,True
RL17,1438.0,True
RL17,1439.0,True
RL17,1440.0,True
RL17,1441.0,True
RL17,1442.0,True
RL17,1443.0,True
RL17,1444.0,True
RL17,1445.0,True
RL17,1446.0,True
RL17,1447.0,True
RL17,1448.0,True
RL17,1449.0,True
RL17,1450.0,True
RL17,1451.0,True
RL17,1452.0,True
RL17,1453.0,True
RL17,1454.0,True
RL17,1455.0,True
RL17,1456.0,True
RL17,1457.0,True
RL17,1458.0,True
RL17,1459.0,True
RL17,1460.0,True
RL17,1461.0,True
RL17,1462.0,True
RL17,1463.0,True
RL17,1464.0,True
RL17,1465.0,True
RL17,1466.0,True
RL17,1467.0,True
RL17,1468.0,True
RL17,1469.0,True
RL17,1470.0,True
RL17,1471.0,True
RL17,1472.0,True
RL17,1473.0,True
RL17,1474.0,True
RL17,1475.0,True
RL17,1476.0,True
RL17,1477.0,True
RL17,1478.0,True
RL17,1479.0,True
RL17,1480.0,True
RL17,1481.0,True
RL17,1482.0,True
RL17,1483.0,True
RL17,1484.0,True
RL17,1485.0,True
RL17,1486.0,True
RL17,1487.0,True
RL17,1488.0,True
RL17,1489.0,True
RL17,1490.0,True
RL17,1491.0,True
RL17,1492.0,True
RL17,1493.0,True
RL17,1494.0,True
RL17,1495.0,True
RL17,1496.0,True
RL17,1497.0,True
RL17,1498.0,True
RL17,1499.0,True
RL17,1500.0,True
RL17,1501.0,True
RL17,1502.0,True
RL17,1503.0,True
RL17,1504.0,True
RL17,1505.0,True
RL17,1506.0,True
RL17,1507.0,True
RL17,1508.0,True
RL17,1509.0,True
RL17,1510.0,True
RL17,1511.0,True
RL17,1512.0,True
RL17,1513.0,True
RL17,1514.0,True
RL17,1515.0,True
RL17,1516.0,True
RL17,1517.0,True
RL17,1518.0,True
RL17,1519.0,True
RL17,1520.0,True
RL17,1521.0,True
RL17,1522.0,True
RL17,1523.0,True
RL17,1524.0,True
RL17,1525.0,True
RL17,1526.0,True
RL17,1527.0,True
RL17,1528.0,True
RL17,1529.0,True
RL17,1530.0,True
RL17,1531.0,True
RL17,1532.0,True
RL17,1533.0,True
RL17,1534.0,True
RL17,1535.0,True
RL17,1536.0,True
RL17,1537.0,True
RL17,1538.0,True
RL17,1539.0,True
RL17,1540.0,True
RL17,1541.0,True
RL17,1542.0,True
RL17,1543.0,True
RL17,1544.0,True
RL17,1545.0,True
RL17,1546.0,True
RL17,1547.0,True
RL17,1548.0,True
RL17,1549.0,True
RL17,1550.0,True
RL17,1551.0,True
RL17,1552.0,True
RL17,1553.0,True
RL17,1554.0,True
RL17,1555.0,True
RL17,1556.0,True
RL17,1557.0,True
RL17,1558.0,True
RL17,1559.0,True
RL17,1560.0,True
RL17,1561.0,True
RL17,1562.0,True
RL17,1563.0,True
RL17,1564.0,True
RL17,1565.0,True
RL17,1566.0,True
RL17,1567.0,True
RL17,1568.0,True
RL17,1569.0,True
RL17,1570.0,True
RL17,1571.0,True
RL17,1572.0,True
RL17,1573.0,True
RL17,1574.0,True
RL17,1575.0,True
RL17,1576.0,True
RL17,1577.0,True
RL17,1578.0,True
RL17,1579.0,True
RL17,1580.0,True
RL17,1581.0,True
RL17,1582.0,True
RL17,1583.0,True
RL17,1584.0,True
RL17,1585.0,True
RL17,1586.0,True
RL17,1587.0,True
RL17,1588.0,True
RL17,1589.0,True
RL17,1590.0,True
RL17,1591.0,True
RL17,1592.0,True
RL17,1593.0,True
RL17,1594.0,True
RL17,1595.0,True
RL17,1596.0,True
RL17,1597.0,True
RL17,1598.0,True
RL17,1599.0,True
RL17,1600.0,True
RL17,1601.0,True
RL17,1602.0,True
RL17,1603.0,True
RL17,1604.0,True
RL17,1605.0,True
RL17,1606.0,True
RL17,1607.0,True
RL17,1608.0,True
RL17,1609.0,True
RL17,1610.0,True
RL17,1611.0,True
RL17,1612.0,True
RL17,1613.0,True
RL17,1614.0,True
RL17,1615.0,True
RL17,1616.0,True
RL17,1617.0,True
RL17,1618.0,True
RL17,1619.0,True
RL17,1620.0,True
RL17,1621.0,True
RL17,1622.0,True
RL17,1623.0,True
RL17,1624.0,True
RL17,1625.0,True
RL17,1626.0,True
RL17,1627.0,True
RL17,1628.0,True
RL17,1629.0,True
RL17,1630.0,True
RL17,1631.0,True
RL17,1632.0,True
RL17,1633.0,True
RL17,1634.0,True
RL17,1635.0,True
RL17,1636.0,True
RL17,1637.0,True
RL17,1638.0,True
RL17,1639.0,True
RL17,1640.0,True
RL17,1641.0,True
RL17,1642.0,True
RL17,1643.0,True
RL17,1644.0,True
RL17,1645.0,True
RL17,1646.0,True
RL17,1647.0,True
RL17,1648.0,True
RL17,1649.0,True
RL17,1650.0,True
RL17,1651.0,True
RL17,1652.0,True
RL17,1653.0,True
RL17,1654.0,True
RL17,1655.0,True
RL17,1656.0,True
RL17,1657.0,True
RL17,1658.0,True
RL17,1659.0,True
RL17,1660.0,True
RL17,1661.0,True
RL17,1662.0,True
RL17,1663.0,True
RL17,1664.0,True
RL17,1665.0,True
RL17,1666.0,True
RL17,1667.0,True
RL17,1668.0,True
RL17,1669.0,True
RL17,1670.0,True
RL17,1671.0,True
RL17,1672.0,True
RL17,1673.0,True
RL17,1674.0,True
RL17,1675.0,True
RL17,1676.0,True
RL17,1677.0,True
RL17,1678.0,True
RL17,1679.0,True
RL17,1680.0,True
RL17,1681.0,True
RL17,1682.0,True
RL17,1683.0,True
RL17,1684.0,True
RL17,1685.0,True
RL17,1686.0,True
RL17,1687.0,True
RL17,1688.0,True
RL17,1689.0,True
RL17,1690.0,True
RL17,1691.0,True
RL17,1692.0,True
RL17,1693.0,True
RL17,1694.0,True
RL17,1695.0,True
RL17,1696.0,True
RL17,1697.0,True
RL17,1698.0,True
RL17,1699.0,True
RL17,1700.0,True
RL17,1701.0,True
RL17,1702.0,True
RL17,1703.0,True
RL17,1704.0,True
RL17,1705.0,True
RL17,1706.0,True
RL17,1707.0,True
RL17,1708.0,True
RL17,1709.0,True
RL17,1710.0,True
RL17,1711.0,True
RL17,1712.0,True
RL17,1713.0,True
RL17,1714.0,True
RL17,1715.0,True
RL17,1716.0,True
RL17,1717.0,True
RL17,1718.0,True
RL17,1719.0,True
RL17,1720.0,True
RL17,1721.0,True
RL17,1722.0,True
RL17,1723.0,True
RL17,1724.0,True
RL17,1725.0,True
RL17,1726.0,True
RL17,1727.0,True
RL17,1728.0,True
RL17,1729.0,True
RL17,1730.0,True
RL17,1731.0,True
RL17,1732.0,True
RL17,1733.0,True
RL17,1734.0,True
RL17,1735.0,True
RL17,1736.0,True
RL17,1737.0,True
RL17,1738.0,True
RL17,1739.0,True
RL17,1740.0,True
RL17,1741.0,True
RL17,1742.0,True
RL17,1743.0,True
RL17,1744.0,True
RL17,1745.0,True
RL17,1746.0,True
RL17,1747.0,True
RL17,1748.0,True
RL17,1749.0,True
RL17,1750.0,True
RL17,1751.0,True
RL17,1752.0,True
RL17,1753.0,True
RL17,1754.0,True
RL17,1755.0,True
RL17,1756.0,True
RL17,1757.0,True
RL17,1758.0,True
RL17,1759.0,True
RL17,1760.0,True
RL17,1761.0,True
RL17,1762.0,True
RL17,1763.0,True
RL17,1764.0,True
RL17,1765.0,True
RL17,1766.0,True
RL17,1767.0,True
RL17,1768.0,True
RL17,1769.0,True
RL17,1770.0,True
RL17,1771.0,True
RL17,1772.0,True
RL17,1773.0,True
RL17,1774.0,True
RL17,1775.0,True
RL17,1776.0,True
RL17,1777.0,True
RL17,1778.0,True
RL17,1779.0,True
RL17,1780.0,True
RL17,1781.0,True
RL17,1782.0,True
RL17,1783.0,True
RL17,1784.0,True
RL17,1785.0,True
RL17,1786.0,True
RL17,1787.0,True
RL17,1788.0,True
RL17,1789.0,True
RL17,1790.0,True
RL17,1791.0,True
RL17,1792.0,True
RL17,1793.0,True
RL17,1794.0,True
RL17,1795.0,True
RL17,1796.0,True
RL17,1797.0,True
RL17,1798.0,True
RL17,1799.0,True
RL17,1800.0,True
RL17,1801.0,True
RL17,1802.0,True
RL17,1803.0,True
RL17,1804.0,True
RL17,1805.0,True
RL17,1806.0,True
RL17,1807.0,True
RL17,1808.0,True
RL17,1809.0,True
RL17,1810.0,True
RL17,1811.0,True
RL17,1812.0,True
RL17,1813.0,True
RL17,1814.0,True
RL17,1815.0,True
RL17,1816.0,True
RL17,1817.0,True
RL17,1818.0,True
RL17,1819.0,True
RL17,1820.0,True
RL17,1821.0,True
RL17,1822.0,True
RL17,1823.0,True
RL17,1824.0,True
RL17,1825.0,True
RL17,1826.0,True
RL17,1827.0,True
RL17,1828.0,True
RL17,1829.0,True
RL17,1830.0,True
RL17,1831.0,True
RL17,1832.0,True
RL17,1833.0,True
RL17,1834.0,True
RL17,1835.0,True
RL17,1836.0,True
RL17,1837.0,True
RL17,1838.0,True
RL17,1839.0,True
RL17,1840.0,True
RL17,1841.0,True
RL17,1842.0,True
RL17,1843.0,True
RL17,1844.0,True
RL17,1845.0,True
RL17,1846.0,True
RL17,1847.0,True
RL17,1848.0,True
RL17,1849.0,True
RL17,1850.0,True
RL17,1851.0,True
RL17,1852.0,True
RL17,1853.0,True
RL17,1854.0,True
RL17,1855.0,True
RL17,1856.0,True
RL17,1857.0,True
RL17,1858.0,True
RL17,1859.0,True
RL17,1860.0,True
RL17,1861.0,True
RL17,1862.0,True
RL17,1863.0,True
RL17,1864.0,True
RL17,1865.0,True
RL17,1866.0,True
RL17,1867.0,True
RL17,1868.0,True
RL17,1869.0,True
RL17,1870.0,True
RL17,1871.0,True
RL17,1872.0,True
RL17,1873.0,True
RL17,1874.0,True
RL17,1875.0,True
RL17,1876.0,True
RL17,1877.0,True
RL17,1878.0,True
RL17,1879.0,True
RL17,1880.0,True
RL17,1881.0,True
RL17,1882.0,True
RL17,1883.0,True
RL17,1884.0,True
RL17,1885.0,True
RL17,1886.0,True
RL17,1887.0,True
RL17,1888.0,True
RL17,1889.0,True
RL17,1890.0,True
RL17,1891.0,True
RL17,1892.0,True
RL17,1893.0,True
RL17,1894.0,True
RL17,1895.0,True
RL17,1896.0,True
RL17,1897.0,True
RL17,1898.0,True
RL17,1899.0,True
RL17,1900.0,True
RL17,1901.0,True
RL17,1902.0,True
RL17,1903.0,True
RL17,1904.0,True
RL17,1905.0,True
RL17,1906.0,True
RL17,1907.0,True
RL17,1908.0,True
RL17,1909.0,True
RL17,1910.0,True
RL17,1911.0,True
RL17,1912.0,True
RL17,1913.0,True
RL17,1914.0,True
RL17,1915.0,True
RL17,1916.0,True
RL17,1917.0,True
RL17,1918.0,True
RL17,1919.0,True
RL17,1920.0,True
RL17,1921.0,True
RL17,1922.0,True
RL17,1923.0,True
RL17,1924.0,True
RL17,1925.0,True
RL17,1926.0,True
RL17,1927.0,True
RL17,1928.0,True
RL17,1929.0,True
RL17,1930.0,True
RL17,1931.0,True
RL17,1932.0,True
RL17,1933.0,True
RL17,1934.0,True
RL17,1935.0,True
RL17,1936.0,True
RL17,1937.0,True
RL17,1938.0,True
RL17,1939.0,True
RL17,1940.0,True
RL17,1941.0,True
RL17,1942.0,True
RL17,1943.0,True
RL17,1944.0,True
RL17,1945.0,True
RL17,1946.0,True
RL17,1947.0,True
RL17,1948.0,True
RL17,1949.0,True
RL17,1950.0,True
RL17,1951.0,True
RL17,1952.0,True
RL17,1953.0,True
RL17,1954.0,True
RL17,1955.0,True
RL17,1956.0,True
RL17,1957.0,True
RL17,1958.0,True
RL17,1959.0,True
RL17,1960.0,True
RL17,1961.0,True
RL17,1962.0,True
RL17,1963.0,True
RL17,1964.0,True
RL17,1965.0,True
RL17,1966.0,True
RL17,1967.0,True
RL17,1968.0,True
RL17,1969.0,True
RL17,1970.0,True
RL17,1971.0,True
RL17,1972.0,True
RL17,1973.0,True
RL17,1974.0,True
RL17,1975.0,True
RL17,1976.0,True
RL17,1977.0,True
RL17,1978.0,True
RL17,1979.0,True
RL17,1980.0,True
RL17,1981.0,True
RL17,1982.0,True
RL17,1983.0,True
RL17,1984.0,True
RL17,1985.0,True
RL17,1986.0,True
RL17,1987.0,True
RL17,1988.0,True
RL17,1989.0,True
RL17,1990.0,True
RL17,1991.0,True
RL17,1992.0,True
RL17,1993.0,True
RL17,1994.0,True
RL17,1995.0,True
RL17,1996.0,True
RL17,1997.0,True
RL17,1998.0,True
RL17,1999.0,True
RL17,2000.0,True
RL17,2001.0,True
RL17,2002.0,True
RL17,2003.0,True
RL17,2004.0,True
RL17,2005.0,True
RL17,2006.0,True
RL17,2007.0,True
RL17,2008.0,True
RL17,2009.0,True
RL17,2010.0,True
RL17,2011.0,True
RL17,2012.0,True
RL17,2013.0,True
RL17,2014.0,True
RL17,2015.0,True
RL17,2016.0,True
RL17,2017.0,True
RL17,2018.0,True
RL17,2019.0,True
RL17,2020.0,True
RL17,2021.0,True
RL17,2022.0,True
RL17,2023.0,True
RL17,2024.0,True
RL17,2025.0,True
RL17,2026.0,True
RL17,2027.0,True
RL17,2028.0,True
RL17,2029.0,True
RL17,2030.0,True
RL17,2031.0,True
RL17,2032.0,True
RL17,2033.0,True
RL17,2034.0,True
RL17,2035.0,True
RL17,2036.0,True
RL17,2037.0,True
RL17,2038.0,True
RL17,2039.0,True
RL17,2040.0,True
RL17,2041.0,True
RL17,2042.0,True
RL17,2043.0,True
RL17,2044.0,True
RL17,2045.0,True
RL17,2046.0,True
RL17,2047.0,True
RL17,2048.0,True
RL17,2049.0,True
RL17,2050.0,True
RL17,2051.0,True
RL17,2052.0,True
RL17,2053.0,True
RL17,2054.0,True
RL17,2055.0,True
RL17,2056.0,True
RL17,2057.0,True
RL17,2058.0,True
RL17,2059.0,True
RL17,2060.0,True
RL17,2061.0,True
RL17,2062.0,True
RL17,2063.0,True
RL17,2064.0,True
RL17,2065.0,True
RL17,2066.0,True
RL17,2067.0,True
RL17,2068.0,True
RL17,2069.0,True
RL17,2070.0,True
RL17,2071.0,True
RL17,2072.0,True
RL17,2073.0,True
RL17,2074.0,True
RL17,2075.0,True
RL17,2076.0,True
RL17,2077.0,True
RL17,2078.0,True
RL17,2079.0,True
RL17,2080.0,True
RL17,2081.0,True
RL17,2082.0,True
RL17,2083.0,True
RL17,2084.0,True
RL17,2085.0,True
RL17,2086.0,True
RL17,2087.0,True
RL17,2088.0,True
RL17,2089.0,True
RL17,2090.0,True
RL17,2091.0,True
RL17,2092.0,True
RL17,2093.0,True
RL17,2094.0,True
RL17,2095.0,True
RL17,2096.0,True
RL17,2097.0,True
RL17,2098.0,True
RL17,2099.0,True
RL17,2100.0,True
RL17,2101.0,True
RL17,2102.0,True
RL17,2103.0,True
RL17,2104.0,True
RL17,2105.0,True
RL17,2106.0,True
RL17,2107.0,True
RL17,2108.0,True
RL17,2109.0,True
RL17,2110.0,True
RL17,2111.0,True
RL17,2112.0,True
RL17,2113.0,True
RL17,2114.0,True
RL17,2115.0,True
RL17,2116.0,True
RL17,2117.0,True
RL17,2118.0,True
RL17,2119.0,True
RL17,2120.0,True
RL17,2121.0,True
RL17,2122.0,True
RL17,2123.0,True
RL17,2124.0,True
RL17,2125.0,True
RL17,2126.0,True
RL17,2127.0,True
RL17,2128.0,True
RL17,2129.0,True
RL17,2130.0,True
RL17,2131.0,True
RL17,2132.0,True
RL17,2133.0,True
RL17,2134.0,True
RL17,2135.0,True
RL17,2136.0,True
RL17,2137.0,True
RL17,2138.0,True
RL17,2139.0,True
RL17,2140.0,True
RL17,2141.0,True
RL17,2142.0,True
RL17,2143.0,True
RL17,2144.0,True
RL17,2145.0,True
RL17,2146.0,True
RL17,2147.0,True
RL17,2148.0,True
RL17,2149.0,True
RL17,2150.0,True
RL17,2151.0,True
RL17,2152.0,True
RL17,2153.0,True
RL17,2154.0,True
RL17,2155.0,True
RL17,2156.0,True
RL17,2157.0,True
RL17,2158.0,True
RL17,2159.0,True
RL17,2160.0,True
RL17,2161.0,True
RL17,2162.0,True
RL17,2163.0,True
RL17,2164.0,True
RL17,2165.0,True
RL17,2166.0,True
RL17,2167.0,True
RL17,2168.0,True
RL17,2169.0,True
RL17,2170.0,True
RL17,2171.0,True
RL17,2172.0,True
RL17,2173.0,True
RL17,2174.0,True
RL17,2175.0,True
RL17,2176.0,True
RL17,2177.0,True
RL17,2178.0,True
RL17,2179.0,True
RL17,2180.0,True
RL17,2181.0,True
RL17,2182.0,True
RL17,2183.0,True
RL17,2184.0,True
RL17,2185.0,True
RL17,2186.0,True
RL17,2187.0,True
RL17,2188.0,True
RL17,2189.0,True
RL17,2190.0,True
RL17,2191.0,True
RL17,2192.0,True
RL17,2193.0,True
RL17,2194.0,True
RL17,2195.0,True
RL17,2196.0,True
RL17,2197.0,True
RL17,2198.0,True
RL17,2199.0,True
RL17,2200.0,True
RL17,2201.0,True
RL17,2202.0,True
RL17,2203.0,True
RL17,2204.0,True
RL17,2205.0,True
RL17,2206.0,True
RL17,2207.0,True
RL17,2208.0,True
RL17,2209.0,True
RL17,2210.0,True
RL17,2211.0,True
RL17,2212.0,True
RL17,2213.0,True
RL17,2214.0,True
RL17,2215.0,True
RL17,2216.0,True
RL17,2217.0,True
RL17,2218.0,True
RL17,2219.0,True
RL17,2220.0,True
RL17,2221.0,True
RL17,2222.0,True
RL17,2223.0,True
RL17,2224.0,True
RL17,2225.0,True
RL17,2226.0,True
RL17,2227.0,True
RL17,2228.0,True
RL17,2229.0,True
RL17,2230.0,True
RL17,2231.0,True
RL17,2232.0,True
RL17,2233.0,True
RL17,2234.0,True
RL17,2235.0,True
RL17,2236.0,True
RL17,2237.0,True
RL17,2238.0,True
RL17,2239.0,True
RL17,2240.0,True
RL17,2241.0,True
RL17,2242.0,True
RL17,2243.0,True
RL17,2244.0,True
RL17,2245.0,True
RL17,2246.0,True
RL17,2247.0,True
RL17,2248.0,True
RL17,2249.0,True
RL17,2250.0,True
RL17,2251.0,True
RL17,2252.0,True
RL17,2253.0,True
RL17,2254.0,True
RL17,2255.0,True
RL17,2256.0,True
RL17,2257.0,True
RL17,2258.0,True
RL17,2259.0,True
RL17,2260.0,True
RL17,2261.0,True
RL17,2262.0,True
RL17,2263.0,True
RL17,2264.0,True
RL17,2265.0,True
RL17,2266.0,True
RL17,2267.0,True
RL17,2268.0,True
RL17,2269.0,True
RL17,2270.0,True
RL17,2271.0,True
RL17,2272.0,True
RL17,2273.0,True
RL17,2274.0,True
RL17,2275.0,True
RL17,2276.0,True
RL17,2277.0,True
RL17,2278.0,True
RL17,2279.0,True
RL17,2280.0,True
RL17,2281.0,True
RL17,2282.0,True
RL17,2283.0,True
RL17,2284.0,True
RL17,2285.0,True
RL17,2286.0,True
RL17,2287.0,True
RL17,2288.0,True
RL17,2289.0,True
RL17,2290.0,True
RL17,2291.0,True
RL17,2292.0,True
RL17,2293.0,True
RL17,2294.0,True
RL17,2295.0,True
RL17,2296.0,True
RL17,2297.0,True
RL17,2298.0,True
RL17,2299.0,True
RL17,2300.0,True
RL17,2301.0,True
RL17,2302.0,True
RL17,2303.0,True
RL17,2304.0,True
RL17,2305.0,True
RL17,2306.0,True
RL17,2307.0,True
RL17,2308.0,True
RL17,2309.0,True
RL17,2310.0,True
RL17,2311.0,True
RL17,2312.0,True
RL17,2313.0,True
RL17,2314.0,True
RL17,2315.0,True
RL17,2316.0,True
RL17,2317.0,True
RL17,2318.0,True
RL17,2319.0,True
RL17,2320.0,True
RL17,2321.0,True
RL17,2322.0,True
RL17,2323.0,True
RL17,2324.0,True
RL17,2325.0,True
RL17,2326.0,True
RL17,2327.0,True
RL17,2328.0,True
RL17,2329.0,True
RL17,2330.0,True
RL17,2331.0,True
RL17,2332.0,True
RL17,2333.0,True
RL17,2334.0,True
RL17,2335.0,True
RL17,2336.0,True
RL17,2337.0,True
RL17,2338.0,True
RL17,2339.0,True
RL17,2340.0,True
RL17,2341.0,True
RL17,2342.0,True
RL17,2343.0,True
RL17,2344.0,True
RL17,2345.0,True
RL17,2346.0,True
RL17,2347.0,True
RL17,2348.0,True
RL17,2349.0,True
RL17,2350.0,True
RL17,2351.0,True
RL17,2352.0,True
RL17,2353.0,True
RL17,2354.0,True
RL17,2355.0,True
RL17,2356.0,True
RL17,2357.0,True
RL17,2358.0,True
RL17,2359.0,True
RL17,2360.0,True
RL17,2361.0,True
RL17,2362.0,True
RL17,2363.0,True
RL17,2364.0,True
RL17,2365.0,True
RL17,2366.0,True
RL17,2367.0,True
RL17,2368.0,True
RL17,2369.0,True
RL17,2370.0,True
RL17,2371.0,True
RL17,2372.0,True
RL17,2373.0,True
RL17,2374.0,True
RL17,2375.0,True
RL17,2376.0,True
RL17,2377.0,True
RL17,2378.0,True
RL17,2379.0,True
RL17,2380.0,True
RL17,2381.0,True
RL17,2382.0,True
RL17,2383.0,True
RL17,2384.0,True
RL17,2385.0,True
RL17,2386.0,True
RL17,2387.0,True
RL17,2388.0,True
RL17,2389.0,True
RL17,2390.0,True
RL17,2391.0,True
RL17,2392.0,True
RL17,2393.0,True
RL17,2394.0,True
RL17,2395.0,True
RL17,2396.0,True
RL17,2397.0,True
RL17,2398.0,True
RL17,2399.0,True
RL17,2400.0,True
RL17,2401.0,True
RL17,2402.0,True
RL17,2403.0,True
RL17,2404.0,True
RL17,2405.0,True
RL17,2406.0,True
RL17,2407.0,True
RL17,2408.0,True
RL17,2409.0,True
RL17,2410.0,True
RL17,2411.0,True
RL17,2412.0,True
RL17,2413.0,True
RL17,2414.0,True
RL17,2415.0,True
RL17,2416.0,True
RL17,2417.0,True
RL17,2418.0,True
RL17,2419.0,True
RL17,2420.0,True
RL17,2421.0,True
RL17,2422.0,True
RL17,2423.0,True
RL17,2424.0,True
RL17,2425.0,True
RL17,2426.0,True
RL17,2427.0,True
RL17,2428.0,True
RL17,2429.0,True
RL17,2430.0,True
RL17,2431.0,True
RL17,2432.0,True
RL17,2433.0,True
RL17,2434.0,True
RL17,2435.0,True
RL17,2436.0,True
RL17,2437.0,True
RL17,2438.0,True
RL17,2439.0,True
RL17,2440.0,True
RL17,2441.0,True
RL17,2442.0,True
RL17,2443.0,True
RL17,2444.0,True
RL17,2445.0,True
RL17,2446.0,True
RL17,2447.0,True
RL17,2448.0,True
RL17,2449.0,True
RL17,2450.0,True
RL17,2451.0,True
RL17,2452.0,True
RL17,2453.0,True
RL17,2454.0,True
RL17,2455.0,True
RL17,2456.0,True
RL17,2457.0,True
RL17,2458.0,True
RL17,2459.0,True
RL17,2460.0,True
RL17,2461.0,True
RL17,2462.0,True
RL17,2463.0,True
RL17,2464.0,True
RL17,2465.0,True
RL17,2466.0,True
RL17,2467.0,True
RL17,2468.0,True
RL17,2469.0,True
RL17,2470.0,True
RL17,2471.0,True
RL17,2472.0,True
RL17,2473.0,True
RL17,2474.0,True
RL17,2475.0,True
RL17,2476.0,True
RL17,2477.0,True
RL17,2478.0,True
RL17,2479.0,True
RL17,2480.0,True
RL17,2481.0,True
RL17,2482.0,True
RL17,2483.0,True
RL17,2484.0,True
RL17,2485.0,True
RL17,2486.0,True
RL17,2487.0,True
RL17,2488.0,True
RL17,2489.0,True
RL17,2490.0,True
RL17,2491.0,True
RL17,2492.0,True
RL17,2493.0,True
RL17,2494.0,True
RL17,2495.0,True
RL17,2496.0,True
RL17,2497.0,True
RL17,2498.0,True
RL17,2499.0,True
RL17,2500.0,True
RL17,2501.0,True
RL17,2502.0,True
RL17,2503.0,True
RL17,2504.0,True
RL17,2505.0,True
RL17,2506.0,True
RL17,2507.0,True
RL17,2508.0,True
RL17,2509.0,True
RL17,2510.0,True
RL17,2511.0,True
RL17,2512.0,True
RL17,2513.0,True
RL17,2514.0,True
RL17,2515.0,True
RL17,2516.0,True
RL17,2517.0,True
RL17,2518.0,True
RL17,2519.0,True
RL17,2520.0,True
RL17,2521.0,True
RL17,2522.0,True
RL17,2523.0,True
RL17,2524.0,True
RL17,2525.0,True
RL17,2526.0,True
RL17,2527.0,True
RL17,2528.0,True
RL17,2529.0,True
RL17,2530.0,True
RL17,2531.0,True
RL17,2532.0,True
RL17,2533.0,True
RL17,2534.0,True
RL17,2535.0,True
RL17,2536.0,True
RL17,2537.0,True
RL17,2538.0,True
RL17,2539.0,True
RL17,2540.0,True
RL17,2541.0,True
RL17,2542.0,True
RL17,2543.0,True
RL17,2544.0,True
RL17,2545.0,True
RL17,2546.0,True
RL17,2547.0,True
RL17,2548.0,True
RL17,2549.0,True
RL17,2550.0,True
RL17,2551.0,True
RL17,2552.0,True
RL17,2553.0,True
RL17,2554.0,True
RL17,2555.0,True
RL17,2556.0,True
RL17,2557.0,True
RL17,2558.0,True
RL17,2559.0,True
RL17,2560.0,True
RL17,2561.0,True
RL17,2562.0,True
RL17,2563.0,True
RL17,2564.0,True
RL17,2565.0,True
RL17,2566.0,True
RL17,2567.0,True
RL17,2568.0,True
RL17,2569.0,True
RL17,2570.0,True
RL17,2571.0,True
RL17,2572.0,True
RL17,2573.0,True
RL17,2574.0,True
RL17,2575.0,True
RL17,2576.0,True
RL17,2577.0,True
RL17,2578.0,True
RL17,2579.0,True
RL17,2580.0,True
RL17,2581.0,True
RL17,2582.0,True
RL17,2583.0,True
RL17,2584.0,True
RL17,2585.0,True
RL17,2586.0,True
RL17,2587.0,True
RL17,2588.0,True
RL17,2589.0,True
RL17,2590.0,True
RL17,2591.0,True
RL17,2592.0,True
RL17,2593.0,True
RL17,2594.0,True
RL17,2595.0,True
RL17,2596.0,True
RL17,2597.0,True
RL17,2598.0,True
RL17,2599.0,True
RL17,2600.0,True
RL17,2601.0,True
RL17,2602.0,True
RL17,2603.0,True
RL17,2604.0,True
RL17,2605.0,True
RL17,2606.0,True
RL17,2607.0,True
RL17,2608.0,True
RL17,2609.0,True
RL17,2610.0,True
RL17,2611.0,True
RL17,2612.0,True
RL17,2613.0,True
RL17,2614.0,True
RL17,2615.0,True
RL17,2616.0,True
RL17,2617.0,True
RL17,2618.0,True
RL17,2619.0,True
RL17,2620.0,True
RL17,2621.0,True
RL17,2622.0,True
RL17,2623.0,True
RL17,2624.0,True
RL17,2625.0,True
RL17,2626.0,True
RL17,2627.0,True
RL17,2628.0,True
RL17,2629.0,True
RL17,2630.0,True
RL17,2631.0,True
RL17,2632.0,True
RL17,2633.0,True
RL17,2634.0,True
RL17,2635.0,True
RL17,2636.0,True
RL17,2637.0,True
RL17,2638.0,True
RL17,2639.0,True
RL17,2640.0,True
RL17,2641.0,True
RL17,2642.0,True
RL17,2643.0,True
RL17,2644.0,True
RL17,2645.0,True
RL17,2646.0,True
RL17,2647.0,True
RL17,2648.0,True
RL17,2649.0,True
RL17,2650.0,True
RL17,2651.0,True
RL17,2652.0,True
RL17,2653.0,True
RL17,2654.0,True
RL17,2655.0,True
RL17,2656.0,True
RL17,2657.0,True
RL17,2658.0,True
RL17,2659.0,True
RL17,2660.0,True
RL17,2661.0,True
RL17,2662.0,True
RL17,2663.0,True
RL17,2664.0,True
RL17,2665.0,True
RL17,2666.0,True
RL17,2667.0,True
RL17,2668.0,True
RL17,2669.0,True
RL17,2670.0,True
RL17,2671.0,True
RL17,2672.0,True
RL17,2673.0,True
RL17,2674.0,True
RL17,2675.0,True
RL17,2676.0,True
RL17,2677.0,True
RL17,2678.0,True
RL17,2679.0,True
RL17,2680.0,True
RL17,2681.0,True
RL17,2682.0,True
RL17,2683.0,True
RL17,2684.0,True
RL17,2685.0,True
RL17,2686.0,True
RL17,2687.0,True
RL17,2688.0,True
RL17,2689.0,True
RL17,2690.0,True
RL17,2691.0,True
RL17,2692.0,True
RL17,2693.0,True
RL17,2694.0,True
RL17,2695.0,True
RL17,2696.0,True
RL17,2697.0,True
RL17,2698.0,True
RL17,2699.0,True
