run_id,group,window,aggregation,bin_begin,bin_end,q,v,contribution,qualification
MH23,M-only_internal_merge_entry,A,30.0,0.0,30.0,3600.0,30.459999999999997,30,complete
MH23,M-only_internal_merge_entry,A,30.0,30.0,60.0,3600.0,32.202,30,complete
MH23,M-only_internal_merge_entry,A,30.0,60.0,90.0,3840.0,31.921875,32,complete
MH23,M-only_internal_merge_entry,A,30.0,90.0,120.0,3960.0,31.699090909090906,33,complete
MH23,M-only_internal_merge_entry,A,30.0,120.0,150.0,3720.0,31.535483870967738,31,complete
MH23,M-only_internal_merge_entry,A,30.0,150.0,180.0,3840.0,31.512187500000003,32,complete
MH23,M-only_internal_merge_entry,A,30.0,180.0,210.0,3720.0,32.18967741935484,31,complete
MH23,M-only_internal_merge_entry,A,30.0,210.0,240.0,3720.0,31.254516129032258,31,complete
MH23,M-only_internal_merge_entry,A,30.0,240.0,270.0,3960.0,31.670606060606065,33,complete
MH23,M-only_internal_merge_entry,A,30.0,270.0,300.0,3840.0,30.256875,32,complete
MH23,M-only_internal_merge_entry,A,30.0,300.0,330.0,3720.0,31.65516129032258,31,complete
MH23,M-only_internal_merge_entry,A,30.0,330.0,360.0,3840.0,31.504375,32,complete
MH23,M-only_internal_merge_entry,A,30.0,360.0,390.0,3720.0,31.493870967741934,31,complete
MH23,M-only_internal_merge_entry,A,30.0,390.0,420.0,3840.0,31.150624999999998,32,complete
MH23,M-only_internal_merge_entry,A,30.0,420.0,450.0,3840.0,32.31125,32,complete
MH23,M-only_internal_merge_entry,A,30.0,450.0,480.0,3720.0,31.33967741935484,31,complete
MH23,M-only_internal_merge_entry,A,30.0,480.0,510.0,3720.0,30.081290322580646,31,complete
MH23,M-only_internal_merge_entry,A,30.0,510.0,540.0,3840.0,31.919062500000003,32,complete
MH23,M-only_internal_merge_entry,A,30.0,540.0,570.0,3720.0,29.975161290322582,31,complete
MH23,M-only_internal_merge_entry,A,30.0,570.0,600.0,4080.0,31.245882352941173,34,complete
MH23,M-only_internal_merge_entry,A,30.0,600.0,630.0,3840.0,31.8671875,32,complete
MH23,M-only_internal_merge_entry,A,30.0,630.0,660.0,3600.0,31.65533333333333,30,complete
MH23,M-only_internal_merge_entry,A,30.0,660.0,690.0,3720.0,30.59387096774194,31,complete
MH23,M-only_internal_merge_entry,A,30.0,690.0,720.0,4080.0,32.053823529411765,34,complete
MH23,M-only_internal_merge_entry,A,30.0,720.0,750.0,3600.0,31.644000000000002,30,complete
MH23,M-only_internal_merge_entry,A,30.0,750.0,780.0,3960.0,30.65727272727273,33,complete
MH23,M-only_internal_merge_entry,A,30.0,780.0,810.0,3840.0,30.425,32,complete
MH23,M-only_internal_merge_entry,A,30.0,810.0,840.0,3600.0,31.792000000000005,30,complete
MH23,M-only_internal_merge_entry,A,30.0,840.0,870.0,3960.0,32.201212121212116,33,complete
MH23,M-only_internal_merge_entry,A,30.0,870.0,900.0,3720.0,30.574516129032258,31,complete
MH23,M-only_internal_merge_entry,A,30.0,900.0,930.0,3720.0,32.37451612903226,31,complete
MH23,M-only_internal_merge_entry,A,30.0,930.0,960.0,3840.0,32.91437499999999,32,complete
MH23,M-only_internal_merge_entry,A,30.0,960.0,990.0,3720.0,30.815806451612904,31,complete
MH23,M-only_internal_merge_entry,A,30.0,990.0,1020.0,3960.0,31.526969696969694,33,complete
MH23,M-only_internal_merge_entry,A,30.0,1020.0,1050.0,3840.0,34.01531250000001,32,complete
MH23,M-only_internal_merge_entry,A,30.0,1050.0,1080.0,3720.0,32.30290322580645,31,complete
MH23,M-only_internal_merge_entry,A,30.0,1080.0,1110.0,3960.0,31.97242424242424,33,complete
MH23,M-only_internal_merge_entry,A,30.0,1110.0,1140.0,3720.0,31.13387096774193,31,complete
MH23,M-only_internal_merge_entry,A,30.0,1140.0,1170.0,3720.0,31.951290322580647,31,complete
MH23,M-only_internal_merge_entry,A,30.0,1170.0,1200.0,3840.0,32.30375,32,complete
MH23,M-only_internal_merge_entry,A,30.0,1200.0,1230.0,3720.0,32.27,31,complete
MH23,M-only_internal_merge_entry,A,30.0,1230.0,1260.0,3960.0,32.081212121212126,33,complete
MH23,M-only_internal_merge_entry,A,30.0,1260.0,1290.0,3600.0,31.308,30,complete
MH23,M-only_internal_merge_entry,A,30.0,1290.0,1320.0,3840.0,31.864375000000003,32,complete
MH23,M-only_internal_merge_entry,A,30.0,1320.0,1350.0,3960.0,30.870909090909088,33,complete
MH23,M-only_internal_merge_entry,A,30.0,1350.0,1380.0,3600.0,32.12766666666667,30,complete
MH23,M-only_internal_merge_entry,A,30.0,1380.0,1410.0,3840.0,31.365,32,complete
MH23,M-only_internal_merge_entry,A,30.0,1410.0,1440.0,3840.0,30.98875,32,complete
MH23,M-only_internal_merge_entry,A,30.0,1440.0,1470.0,3840.0,30.155,32,complete
MH23,M-only_internal_merge_entry,A,30.0,1470.0,1500.0,3840.0,30.790625000000002,32,complete
MH23,M-only_internal_merge_entry,A,60.0,0.0,60.0,3600.0,31.331,60,complete
MH23,M-only_internal_merge_entry,A,60.0,60.0,120.0,3900.0,31.808769230769226,65,complete
MH23,M-only_internal_merge_entry,A,60.0,120.0,180.0,3780.0,31.523650793650795,63,complete
MH23,M-only_internal_merge_entry,A,60.0,180.0,240.0,3720.0,31.72209677419355,62,complete
MH23,M-only_internal_merge_entry,A,60.0,240.0,300.0,3900.0,30.974615384615383,65,complete
MH23,M-only_internal_merge_entry,A,60.0,300.0,360.0,3780.0,31.57857142857143,63,complete
MH23,M-only_internal_merge_entry,A,60.0,360.0,420.0,3780.0,31.31952380952381,63,complete
MH23,M-only_internal_merge_entry,A,60.0,420.0,480.0,3780.0,31.833174603174605,63,complete
MH23,M-only_internal_merge_entry,A,60.0,480.0,540.0,3780.0,31.014761904761905,63,complete
MH23,M-only_internal_merge_entry,A,60.0,540.0,600.0,3900.0,30.639846153846154,65,complete
MH23,M-only_internal_merge_entry,A,60.0,600.0,660.0,3720.0,31.764677419354836,62,complete
MH23,M-only_internal_merge_entry,A,60.0,660.0,720.0,3900.0,31.35753846153846,65,complete
MH23,M-only_internal_merge_entry,A,60.0,720.0,780.0,3780.0,31.127142857142857,63,complete
MH23,M-only_internal_merge_entry,A,60.0,780.0,840.0,3720.0,31.08645161290323,62,complete
MH23,M-only_internal_merge_entry,A,60.0,840.0,900.0,3840.0,31.413281249999997,64,complete
MH23,M-only_internal_merge_entry,A,60.0,900.0,960.0,3780.0,32.64873015873016,63,complete
MH23,M-only_internal_merge_entry,A,60.0,960.0,1020.0,3840.0,31.182499999999997,64,complete
MH23,M-only_internal_merge_entry,A,60.0,1020.0,1080.0,3780.0,33.172698412698416,63,complete
MH23,M-only_internal_merge_entry,A,60.0,1080.0,1140.0,3840.0,31.566249999999997,64,complete
MH23,M-only_internal_merge_entry,A,60.0,1140.0,1200.0,3780.0,32.130317460317464,63,complete
MH23,M-only_internal_merge_entry,A,60.0,1200.0,1260.0,3840.0,32.17265625,64,complete
MH23,M-only_internal_merge_entry,A,60.0,1260.0,1320.0,3720.0,31.595161290322583,62,complete
MH23,M-only_internal_merge_entry,A,60.0,1320.0,1380.0,3780.0,31.46936507936508,63,complete
MH23,M-only_internal_merge_entry,A,60.0,1380.0,1440.0,3840.0,31.176875,64,complete
MH23,M-only_internal_merge_entry,A,60.0,1440.0,1500.0,3840.0,30.472812500000003,64,complete
MH23,M-only_internal_merge_entry,A,120.0,0.0,120.0,3750.0,31.579439999999998,125,complete
MH23,M-only_internal_merge_entry,A,120.0,120.0,240.0,3750.0,31.622079999999997,125,complete
MH23,M-only_internal_merge_entry,A,120.0,240.0,360.0,3840.0,31.271875,128,complete
MH23,M-only_internal_merge_entry,A,120.0,360.0,480.0,3780.0,31.576349206349207,126,complete
MH23,M-only_internal_merge_entry,A,120.0,480.0,600.0,3840.0,30.824375,128,complete
MH23,M-only_internal_merge_entry,A,120.0,600.0,720.0,3810.0,31.556299212598425,127,complete
MH23,M-only_internal_merge_entry,A,120.0,720.0,840.0,3750.0,31.106960000000004,125,complete
MH23,M-only_internal_merge_entry,A,120.0,840.0,960.0,3810.0,32.02614173228346,127,complete
MH23,M-only_internal_merge_entry,A,120.0,960.0,1080.0,3810.0,32.16976377952756,127,complete
MH23,M-only_internal_merge_entry,A,120.0,1080.0,1200.0,3810.0,31.846062992125983,127,complete
MH23,M-only_internal_merge_entry,A,120.0,1200.0,1320.0,3780.0,31.888492063492066,126,complete
MH23,M-only_internal_merge_entry,A,120.0,1320.0,1440.0,3810.0,31.321968503937008,127,complete
MH23,M-only_internal_merge_entry,A,120.0,1440.0,1500.0,3840.0,30.472812500000003,64,short_tail_complete
MH23,M-only_internal_merge_entry,B,30.0,300.0,330.0,3720.0,31.65516129032258,31,complete
MH23,M-only_internal_merge_entry,B,30.0,330.0,360.0,3840.0,31.504375,32,complete
MH23,M-only_internal_merge_entry,B,30.0,360.0,390.0,3720.0,31.493870967741934,31,complete
MH23,M-only_internal_merge_entry,B,30.0,390.0,420.0,3840.0,31.150624999999998,32,complete
MH23,M-only_internal_merge_entry,B,30.0,420.0,450.0,3840.0,32.31125,32,complete
MH23,M-only_internal_merge_entry,B,30.0,450.0,480.0,3720.0,31.33967741935484,31,complete
MH23,M-only_internal_merge_entry,B,30.0,480.0,510.0,3720.0,30.081290322580646,31,complete
MH23,M-only_internal_merge_entry,B,30.0,510.0,540.0,3840.0,31.919062500000003,32,complete
MH23,M-only_internal_merge_entry,B,30.0,540.0,570.0,3720.0,29.975161290322582,31,complete
MH23,M-only_internal_merge_entry,B,30.0,570.0,600.0,4080.0,31.245882352941173,34,complete
MH23,M-only_internal_merge_entry,B,30.0,600.0,630.0,3840.0,31.8671875,32,complete
MH23,M-only_internal_merge_entry,B,30.0,630.0,660.0,3600.0,31.65533333333333,30,complete
MH23,M-only_internal_merge_entry,B,30.0,660.0,690.0,3720.0,30.59387096774194,31,complete
MH23,M-only_internal_merge_entry,B,30.0,690.0,720.0,4080.0,32.053823529411765,34,complete
MH23,M-only_internal_merge_entry,B,30.0,720.0,750.0,3600.0,31.644000000000002,30,complete
MH23,M-only_internal_merge_entry,B,30.0,750.0,780.0,3960.0,30.65727272727273,33,complete
MH23,M-only_internal_merge_entry,B,30.0,780.0,810.0,3840.0,30.425,32,complete
MH23,M-only_internal_merge_entry,B,30.0,810.0,840.0,3600.0,31.792000000000005,30,complete
MH23,M-only_internal_merge_entry,B,30.0,840.0,870.0,3960.0,32.201212121212116,33,complete
MH23,M-only_internal_merge_entry,B,30.0,870.0,900.0,3720.0,30.574516129032258,31,complete
MH23,M-only_internal_merge_entry,B,30.0,900.0,930.0,3720.0,32.37451612903226,31,complete
MH23,M-only_internal_merge_entry,B,30.0,930.0,960.0,3840.0,32.91437499999999,32,complete
MH23,M-only_internal_merge_entry,B,30.0,960.0,990.0,3720.0,30.815806451612904,31,complete
MH23,M-only_internal_merge_entry,B,30.0,990.0,1020.0,3960.0,31.526969696969694,33,complete
MH23,M-only_internal_merge_entry,B,30.0,1020.0,1050.0,3840.0,34.01531250000001,32,complete
MH23,M-only_internal_merge_entry,B,30.0,1050.0,1080.0,3720.0,32.30290322580645,31,complete
MH23,M-only_internal_merge_entry,B,30.0,1080.0,1110.0,3960.0,31.97242424242424,33,complete
MH23,M-only_internal_merge_entry,B,30.0,1110.0,1140.0,3720.0,31.13387096774193,31,complete
MH23,M-only_internal_merge_entry,B,30.0,1140.0,1170.0,3720.0,31.951290322580647,31,complete
MH23,M-only_internal_merge_entry,B,30.0,1170.0,1200.0,3840.0,32.30375,32,complete
MH23,M-only_internal_merge_entry,B,30.0,1200.0,1230.0,3720.0,32.27,31,complete
MH23,M-only_internal_merge_entry,B,30.0,1230.0,1260.0,3960.0,32.081212121212126,33,complete
MH23,M-only_internal_merge_entry,B,30.0,1260.0,1290.0,3600.0,31.308,30,complete
MH23,M-only_internal_merge_entry,B,30.0,1290.0,1320.0,3840.0,31.864375000000003,32,complete
MH23,M-only_internal_merge_entry,B,30.0,1320.0,1350.0,3960.0,30.870909090909088,33,complete
MH23,M-only_internal_merge_entry,B,30.0,1350.0,1380.0,3600.0,32.12766666666667,30,complete
MH23,M-only_internal_merge_entry,B,30.0,1380.0,1410.0,3840.0,31.365,32,complete
MH23,M-only_internal_merge_entry,B,30.0,1410.0,1440.0,3840.0,30.98875,32,complete
MH23,M-only_internal_merge_entry,B,30.0,1440.0,1470.0,3840.0,30.155,32,complete
MH23,M-only_internal_merge_entry,B,30.0,1470.0,1500.0,3840.0,30.790625000000002,32,complete
MH23,M-only_internal_merge_entry,B,60.0,300.0,360.0,3780.0,31.57857142857143,63,complete
MH23,M-only_internal_merge_entry,B,60.0,360.0,420.0,3780.0,31.31952380952381,63,complete
MH23,M-only_internal_merge_entry,B,60.0,420.0,480.0,3780.0,31.833174603174605,63,complete
MH23,M-only_internal_merge_entry,B,60.0,480.0,540.0,3780.0,31.014761904761905,63,complete
MH23,M-only_internal_merge_entry,B,60.0,540.0,600.0,3900.0,30.639846153846154,65,complete
MH23,M-only_internal_merge_entry,B,60.0,600.0,660.0,3720.0,31.764677419354836,62,complete
MH23,M-only_internal_merge_entry,B,60.0,660.0,720.0,3900.0,31.35753846153846,65,complete
MH23,M-only_internal_merge_entry,B,60.0,720.0,780.0,3780.0,31.127142857142857,63,complete
MH23,M-only_internal_merge_entry,B,60.0,780.0,840.0,3720.0,31.08645161290323,62,complete
MH23,M-only_internal_merge_entry,B,60.0,840.0,900.0,3840.0,31.413281249999997,64,complete
MH23,M-only_internal_merge_entry,B,60.0,900.0,960.0,3780.0,32.64873015873016,63,complete
MH23,M-only_internal_merge_entry,B,60.0,960.0,1020.0,3840.0,31.182499999999997,64,complete
MH23,M-only_internal_merge_entry,B,60.0,1020.0,1080.0,3780.0,33.172698412698416,63,complete
MH23,M-only_internal_merge_entry,B,60.0,1080.0,1140.0,3840.0,31.566249999999997,64,complete
MH23,M-only_internal_merge_entry,B,60.0,1140.0,1200.0,3780.0,32.130317460317464,63,complete
MH23,M-only_internal_merge_entry,B,60.0,1200.0,1260.0,3840.0,32.17265625,64,complete
MH23,M-only_internal_merge_entry,B,60.0,1260.0,1320.0,3720.0,31.595161290322583,62,complete
MH23,M-only_internal_merge_entry,B,60.0,1320.0,1380.0,3780.0,31.46936507936508,63,complete
MH23,M-only_internal_merge_entry,B,60.0,1380.0,1440.0,3840.0,31.176875,64,complete
MH23,M-only_internal_merge_entry,B,60.0,1440.0,1500.0,3840.0,30.472812500000003,64,complete
MH23,M-only_internal_merge_entry,B,120.0,300.0,420.0,3780.0,31.44904761904762,126,complete
MH23,M-only_internal_merge_entry,B,120.0,420.0,540.0,3780.0,31.423968253968255,126,complete
MH23,M-only_internal_merge_entry,B,120.0,540.0,660.0,3810.0,31.188976377952756,127,complete
MH23,M-only_internal_merge_entry,B,120.0,660.0,780.0,3840.0,31.244140625,128,complete
MH23,M-only_internal_merge_entry,B,120.0,780.0,900.0,3780.0,31.25246031746032,126,complete
MH23,M-only_internal_merge_entry,B,120.0,900.0,1020.0,3810.0,31.909842519685036,127,complete
MH23,M-only_internal_merge_entry,B,120.0,1020.0,1140.0,3810.0,32.36314960629921,127,complete
MH23,M-only_internal_merge_entry,B,120.0,1140.0,1260.0,3810.0,32.15165354330709,127,complete
MH23,M-only_internal_merge_entry,B,120.0,1260.0,1380.0,3750.0,31.531760000000002,125,complete
MH23,M-only_internal_merge_entry,B,120.0,1380.0,1500.0,3840.0,30.82484375,128,complete
