run_id,event_id,vehicle_id,previous_time_s,previous_lane,first_downstream_time_s,first_downstream_lane,status
RL23,R_flow.0:first_downstream,R_flow.0,49.0,:freeway_merge_0_0,50.0,main_down_0,bracketed
RL23,R_flow.1:first_downstream,R_flow.1,84.0,:freeway_merge_0_0,85.0,main_down_0,bracketed
RL23,R_flow.2:first_downstream,R_flow.2,112.0,:freeway_merge_0_0,113.0,main_down_0,bracketed
RL23,R_flow.3:first_downstream,R_flow.3,129.0,:freeway_merge_0_0,130.0,main_down_0,bracketed
RL23,R_flow.4:first_downstream,R_flow.4,184.0,:freeway_merge_0_0,185.0,main_down_0,bracketed
RL23,R_flow.5:first_downstream,R_flow.5,210.0,:freeway_merge_0_0,211.0,main_down_0,bracketed
RL23,R_flow.6:first_downstream,R_flow.6,247.0,:freeway_merge_0_0,248.0,main_down_0,bracketed
RL23,R_flow.7:first_downstream,R_flow.7,300.0,:freeway_merge_0_0,301.0,main_down_0,bracketed
RL23,R_flow.8:first_downstream,R_flow.8,345.0,:freeway_merge_0_0,346.0,main_down_0,bracketed
RL23,R_flow.9:first_downstream,R_flow.9,373.0,:freeway_merge_0_0,374.0,main_down_0,bracketed
RL23,R_flow.10:first_downstream,R_flow.10,399.0,:freeway_merge_0_0,400.0,main_down_0,bracketed
RL23,R_flow.11:first_downstream,R_flow.11,427.0,:freeway_merge_0_0,428.0,main_down_0,bracketed
RL23,R_flow.12:first_downstream,R_flow.12,463.0,:freeway_merge_0_0,464.0,main_down_0,bracketed
RL23,R_flow.13:first_downstream,R_flow.13,499.0,:freeway_merge_0_0,500.0,main_down_0,bracketed
RL23,R_flow.14:first_downstream,R_flow.14,534.0,:freeway_merge_0_0,535.0,main_down_0,bracketed
RL23,R_flow.15:first_downstream,R_flow.15,562.0,:freeway_merge_0_0,563.0,main_down_0,bracketed
RL23,R_flow.16:first_downstream,R_flow.16,597.0,:freeway_merge_0_0,598.0,main_down_0,bracketed
RL23,R_flow.17:first_downstream,R_flow.17,642.0,:freeway_merge_0_0,643.0,main_down_0,bracketed
RL23,R_flow.18:first_downstream,R_flow.18,715.0,:freeway_merge_0_0,716.0,main_down_0,bracketed
RL23,R_flow.19:first_downstream,R_flow.19,742.0,:freeway_merge_0_0,743.0,main_down_0,bracketed
RL23,R_flow.20:first_downstream,R_flow.20,796.0,:freeway_merge_0_0,797.0,main_down_0,bracketed
RL23,R_flow.21:first_downstream,R_flow.21,822.0,:freeway_merge_0_0,823.0,main_down_0,bracketed
RL23,R_flow.22:first_downstream,R_flow.22,868.0,:freeway_merge_0_0,869.0,main_down_0,bracketed
RL23,R_flow.23:first_downstream,R_flow.23,895.0,:freeway_merge_0_0,896.0,main_down_0,bracketed
RL23,R_flow.24:first_downstream,R_flow.24,931.0,:freeway_merge_0_0,932.0,main_down_0,bracketed
RL23,R_flow.25:first_downstream,R_flow.25,967.0,:freeway_merge_0_0,968.0,main_down_0,bracketed
RL23,R_flow.26:first_downstream,R_flow.26,1003.0,:freeway_merge_0_0,1004.0,main_down_0,bracketed
RL23,R_flow.27:first_downstream,R_flow.27,1048.0,:freeway_merge_0_0,1049.0,main_down_0,bracketed
RL23,R_flow.28:first_downstream,R_flow.28,1102.0,:freeway_merge_0_0,1103.0,main_down_0,bracketed
RL23,R_flow.29:first_downstream,R_flow.29,1138.0,:freeway_merge_0_0,1139.0,main_down_0,bracketed
RL23,R_flow.30:first_downstream,R_flow.30,1165.0,:freeway_merge_0_0,1166.0,main_down_0,bracketed
RL23,R_flow.31:first_downstream,R_flow.31,1228.0,:freeway_merge_0_0,1229.0,main_down_0,bracketed
RL23,R_flow.32:first_downstream,R_flow.32,1254.0,:freeway_merge_0_0,1255.0,main_down_0,bracketed
RL23,R_flow.33:first_downstream,R_flow.33,1281.0,:freeway_merge_0_0,1282.0,main_down_0,bracketed
RL23,R_flow.34:first_downstream,R_flow.34,1299.0,:freeway_merge_0_0,1300.0,main_down_0,bracketed
RL23,R_flow.35:first_downstream,R_flow.35,1335.0,:freeway_merge_0_0,1336.0,main_down_0,bracketed
RL23,R_flow.36:first_downstream,R_flow.36,1363.0,:freeway_merge_0_0,1364.0,main_down_0,bracketed
RL23,R_flow.37:first_downstream,R_flow.37,1435.0,:freeway_merge_0_0,1436.0,main_down_0,bracketed
RL23,R_flow.38:first_downstream,R_flow.38,1462.0,:freeway_merge_0_0,1463.0,main_down_0,bracketed
RL23,R_flow.39:first_downstream,R_flow.39,1489.0,:freeway_merge_0_0,1490.0,main_down_0,bracketed
RL23,R_flow.40:first_downstream,R_flow.40,1506.0,:freeway_merge_0_0,1507.0,main_down_0,bracketed
RL23,R_flow.41:first_downstream,R_flow.41,1508.0,:freeway_merge_0_0,1509.0,main_down_0,bracketed
RL23,R_flow.42:first_downstream,R_flow.42,1510.0,:freeway_merge_0_0,1511.0,main_down_0,bracketed
RL23,R_flow.43:first_downstream,R_flow.43,1512.0,:freeway_merge_0_0,1513.0,main_down_0,bracketed
RL23,R_flow.44:first_downstream,R_flow.44,1514.0,:freeway_merge_0_0,1515.0,main_down_0,bracketed
RL23,R_flow.45:first_downstream,R_flow.45,1518.0,:freeway_merge_0_0,1519.0,main_down_0,bracketed
RL23,R_flow.46:first_downstream,R_flow.46,1519.0,:freeway_merge_0_0,1520.0,main_down_0,bracketed
RL23,R_flow.47:first_downstream,R_flow.47,1522.0,:freeway_merge_0_0,1523.0,main_down_0,bracketed
RL23,R_flow.48:first_downstream,R_flow.48,1524.0,:freeway_merge_0_0,1525.0,main_down_0,bracketed
RL23,R_flow.49:first_downstream,R_flow.49,1527.0,:freeway_merge_0_0,1528.0,main_down_0,bracketed
RL23,R_flow.50:first_downstream,R_flow.50,1529.0,:freeway_merge_0_0,1530.0,main_down_0,bracketed
RL23,R_flow.51:first_downstream,R_flow.51,1533.0,:freeway_merge_0_0,1534.0,main_down_0,bracketed
RL23,R_flow.52:first_downstream,R_flow.52,1535.0,:freeway_merge_0_0,1536.0,main_down_0,bracketed
RL23,R_flow.53:first_downstream,R_flow.53,1537.0,:freeway_merge_0_0,1538.0,main_down_0,bracketed
RL23,R_flow.54:first_downstream,R_flow.54,1539.0,:freeway_merge_0_0,1540.0,main_down_0,bracketed
RL23,R_flow.55:first_downstream,R_flow.55,1541.0,:freeway_merge_0_0,1542.0,main_down_0,bracketed
RL23,R_flow.56:first_downstream,R_flow.56,1544.0,:freeway_merge_0_0,1545.0,main_down_0,bracketed
RL23,R_flow.57:first_downstream,R_flow.57,1546.0,:freeway_merge_0_0,1547.0,main_down_0,bracketed
RL23,R_flow.58:first_downstream,R_flow.58,1549.0,:freeway_merge_0_0,1550.0,main_down_0,bracketed
RL23,R_flow.59:first_downstream,R_flow.59,1552.0,:freeway_merge_0_0,1553.0,main_down_0,bracketed
RL23,R_flow.60:first_downstream,R_flow.60,1554.0,:freeway_merge_0_0,1555.0,main_down_0,bracketed
RL23,R_flow.61:first_downstream,R_flow.61,1556.0,:freeway_merge_0_0,1557.0,main_down_0,bracketed
RL23,R_flow.62:first_downstream,R_flow.62,1559.0,:freeway_merge_0_0,1560.0,main_down_0,bracketed
RL23,R_flow.63:first_downstream,R_flow.63,1563.0,:freeway_merge_0_0,1564.0,main_down_0,bracketed
RL23,R_flow.64:first_downstream,R_flow.64,1565.0,:freeway_merge_0_0,1566.0,main_down_0,bracketed
RL23,R_flow.65:first_downstream,R_flow.65,1567.0,:freeway_merge_0_0,1568.0,main_down_0,bracketed
RL23,R_flow.66:first_downstream,R_flow.66,1569.0,:freeway_merge_0_0,1570.0,main_down_0,bracketed
RL23,R_flow.67:first_downstream,R_flow.67,1571.0,:freeway_merge_0_0,1572.0,main_down_0,bracketed
RL23,R_flow.68:first_downstream,R_flow.68,1574.0,:freeway_merge_0_0,1575.0,main_down_0,bracketed
RL23,R_flow.69:first_downstream,R_flow.69,1576.0,:freeway_merge_0_0,1577.0,main_down_0,bracketed
RL23,R_flow.70:first_downstream,R_flow.70,1579.0,:freeway_merge_0_0,1580.0,main_down_0,bracketed
RL23,R_flow.71:first_downstream,R_flow.71,1581.0,:freeway_merge_0_0,1582.0,main_down_0,bracketed
RL23,R_flow.72:first_downstream,R_flow.72,1585.0,:freeway_merge_0_0,1586.0,main_down_0,bracketed
RL23,R_flow.73:first_downstream,R_flow.73,1587.0,:freeway_merge_0_0,1588.0,main_down_0,bracketed
RL23,R_flow.74:first_downstream,R_flow.74,1591.0,:freeway_merge_0_0,1592.0,main_down_0,bracketed
RL23,R_flow.75:first_downstream,R_flow.75,1593.0,:freeway_merge_0_0,1594.0,main_down_0,bracketed
RL23,R_flow.76:first_downstream,R_flow.76,1595.0,:freeway_merge_0_0,1596.0,main_down_0,bracketed
RL23,R_flow.77:first_downstream,R_flow.77,1597.0,:freeway_merge_0_0,1598.0,main_down_0,bracketed
RL23,R_flow.78:first_downstream,R_flow.78,1600.0,:freeway_merge_0_0,1601.0,main_down_0,bracketed
RL23,R_flow.79:first_downstream,R_flow.79,1603.0,:freeway_merge_0_0,1604.0,main_down_0,bracketed
RL23,R_flow.80:first_downstream,R_flow.80,1605.0,:freeway_merge_0_0,1606.0,main_down_0,bracketed
RL23,R_flow.81:first_downstream,R_flow.81,1608.0,:freeway_merge_0_0,1609.0,main_down_0,bracketed
RL23,R_flow.82:first_downstream,R_flow.82,1610.0,:freeway_merge_0_0,1611.0,main_down_0,bracketed
RL23,R_flow.83:first_downstream,R_flow.83,1612.0,:freeway_merge_0_0,1613.0,main_down_0,bracketed
RL23,R_flow.84:first_downstream,R_flow.84,1615.0,:freeway_merge_0_0,1616.0,main_down_0,bracketed
RL23,R_flow.85:first_downstream,R_flow.85,1617.0,:freeway_merge_0_0,1618.0,main_down_0,bracketed
RL23,R_flow.86:first_downstream,R_flow.86,1621.0,:freeway_merge_0_0,1622.0,main_down_0,bracketed
RL23,R_flow.87:first_downstream,R_flow.87,1623.0,:freeway_merge_0_0,1624.0,main_down_0,bracketed
RL23,R_flow.88:first_downstream,R_flow.88,1626.0,:freeway_merge_0_0,1627.0,main_down_0,bracketed
RL23,R_flow.89:first_downstream,R_flow.89,1629.0,:freeway_merge_0_0,1630.0,main_down_0,bracketed
RL23,R_flow.90:first_downstream,R_flow.90,1630.0,:freeway_merge_0_0,1631.0,main_down_0,bracketed
RL23,R_flow.91:first_downstream,R_flow.91,1633.0,:freeway_merge_0_0,1634.0,main_down_0,bracketed
RL23,R_flow.92:first_downstream,R_flow.92,1635.0,:freeway_merge_0_0,1636.0,main_down_0,bracketed
RL23,R_flow.93:first_downstream,R_flow.93,1637.0,:freeway_merge_0_0,1638.0,main_down_0,bracketed
RL23,R_flow.94:first_downstream,R_flow.94,1640.0,:freeway_merge_0_0,1641.0,main_down_0,bracketed
RL23,R_flow.95:first_downstream,R_flow.95,1642.0,:freeway_merge_0_0,1643.0,main_down_0,bracketed
RL23,R_flow.96:first_downstream,R_flow.96,1644.0,:freeway_merge_0_0,1645.0,main_down_0,bracketed
RL23,R_flow.97:first_downstream,R_flow.97,1648.0,:freeway_merge_0_0,1649.0,main_down_0,bracketed
RL23,R_flow.98:first_downstream,R_flow.98,1651.0,:freeway_merge_0_0,1652.0,main_down_0,bracketed
RL23,R_flow.99:first_downstream,R_flow.99,1653.0,:freeway_merge_0_0,1654.0,main_down_0,bracketed
RL23,R_flow.100:first_downstream,R_flow.100,1655.0,:freeway_merge_0_0,1656.0,main_down_0,bracketed
RL23,R_flow.101:first_downstream,R_flow.101,1658.0,:freeway_merge_0_0,1659.0,main_down_0,bracketed
RL23,R_flow.102:first_downstream,R_flow.102,1660.0,:freeway_merge_0_0,1661.0,main_down_0,bracketed
RL23,R_flow.103:first_downstream,R_flow.103,1662.0,:freeway_merge_0_0,1663.0,main_down_0,bracketed
RL23,R_flow.104:first_downstream,R_flow.104,1665.0,:freeway_merge_0_0,1666.0,main_down_0,bracketed
RL23,R_flow.105:first_downstream,R_flow.105,1667.0,:freeway_merge_0_0,1668.0,main_down_0,bracketed
RL23,R_flow.106:first_downstream,R_flow.106,1671.0,:freeway_merge_0_0,1672.0,main_down_0,bracketed
RL23,R_flow.107:first_downstream,R_flow.107,1674.0,:freeway_merge_0_0,1675.0,main_down_0,bracketed
RL23,R_flow.108:first_downstream,R_flow.108,1676.0,:freeway_merge_0_0,1677.0,main_down_0,bracketed
RL23,R_flow.109:first_downstream,R_flow.109,1678.0,:freeway_merge_0_0,1679.0,main_down_0,bracketed
RL23,R_flow.110:first_downstream,R_flow.110,1682.0,:freeway_merge_0_0,1683.0,main_down_0,bracketed
RL23,R_flow.111:first_downstream,R_flow.111,1684.0,:freeway_merge_0_0,1685.0,main_down_0,bracketed
RL23,R_flow.112:first_downstream,R_flow.112,1686.0,:freeway_merge_0_0,1687.0,main_down_0,bracketed
RL23,R_flow.113:first_downstream,R_flow.113,1688.0,:freeway_merge_0_0,1689.0,main_down_0,bracketed
RL23,R_flow.114:first_downstream,R_flow.114,1691.0,:freeway_merge_0_0,1692.0,main_down_0,bracketed
RL23,R_flow.115:first_downstream,R_flow.115,1693.0,:freeway_merge_0_0,1694.0,main_down_0,bracketed
RL23,R_flow.116:first_downstream,R_flow.116,1696.0,:freeway_merge_0_0,1697.0,main_down_0,bracketed
RL23,R_flow.117:first_downstream,R_flow.117,1700.0,:freeway_merge_0_0,1701.0,main_down_0,bracketed
RL23,R_flow.118:first_downstream,R_flow.118,1702.0,:freeway_merge_0_0,1703.0,main_down_0,bracketed
RL23,R_flow.119:first_downstream,R_flow.119,1704.0,:freeway_merge_0_0,1705.0,main_down_0,bracketed
RL23,R_flow.120:first_downstream,R_flow.120,1708.0,:freeway_merge_0_0,1709.0,main_down_0,bracketed
RL23,R_flow.121:first_downstream,R_flow.121,1709.0,:freeway_merge_0_0,1710.0,main_down_0,bracketed
RL23,R_flow.122:first_downstream,R_flow.122,1712.0,:freeway_merge_0_0,1713.0,main_down_0,bracketed
RL23,R_flow.123:first_downstream,R_flow.123,1714.0,:freeway_merge_0_0,1715.0,main_down_0,bracketed
RL23,R_flow.124:first_downstream,R_flow.124,1718.0,:freeway_merge_0_0,1719.0,main_down_0,bracketed
RL23,R_flow.125:first_downstream,R_flow.125,1720.0,:freeway_merge_0_0,1721.0,main_down_0,bracketed
RL23,R_flow.126:first_downstream,R_flow.126,1722.0,:freeway_merge_0_0,1723.0,main_down_0,bracketed
RL23,R_flow.127:first_downstream,R_flow.127,1724.0,:freeway_merge_0_0,1725.0,main_down_0,bracketed
RL23,R_flow.128:first_downstream,R_flow.128,1727.0,:freeway_merge_0_0,1728.0,main_down_0,bracketed
RL23,R_flow.129:first_downstream,R_flow.129,1731.0,:freeway_merge_0_0,1732.0,main_down_0,bracketed
RL23,R_flow.130:first_downstream,R_flow.130,1734.0,:freeway_merge_0_0,1735.0,main_down_0,bracketed
RL23,R_flow.131:first_downstream,R_flow.131,1737.0,:freeway_merge_0_0,1738.0,main_down_0,bracketed
RL23,R_flow.132:first_downstream,R_flow.132,1742.0,:freeway_merge_0_0,1743.0,main_down_0,bracketed
RL23,R_flow.133:first_downstream,R_flow.133,1748.0,:freeway_merge_0_0,1749.0,main_down_0,bracketed
RL23,R_flow.134:first_downstream,R_flow.134,1752.0,:freeway_merge_0_0,1753.0,main_down_0,bracketed
RL23,R_flow.135:first_downstream,R_flow.135,1759.0,:freeway_merge_0_0,1760.0,main_down_0,bracketed
RL23,R_flow.136:first_downstream,R_flow.136,1762.0,:freeway_merge_0_0,1763.0,main_down_0,bracketed
RL23,R_flow.137:first_downstream,R_flow.137,1768.0,:freeway_merge_0_0,1769.0,main_down_0,bracketed
RL23,R_flow.138:first_downstream,R_flow.138,1773.0,:freeway_merge_0_0,1774.0,main_down_0,bracketed
RL23,R_flow.139:first_downstream,R_flow.139,1781.0,:freeway_merge_0_0,1782.0,main_down_0,bracketed
RL23,R_flow.140:first_downstream,R_flow.140,1786.0,:freeway_merge_0_0,1787.0,main_down_0,bracketed
RL23,R_flow.141:first_downstream,R_flow.141,1789.0,:freeway_merge_0_0,1790.0,main_down_0,bracketed
RL23,R_flow.142:first_downstream,R_flow.142,1793.0,:freeway_merge_0_0,1794.0,main_down_0,bracketed
RL23,R_flow.143:first_downstream,R_flow.143,1797.0,:freeway_merge_0_0,1798.0,main_down_0,bracketed
RL23,R_flow.144:first_downstream,R_flow.144,1800.0,:freeway_merge_0_0,1801.0,main_down_0,bracketed
RL23,R_flow.145:first_downstream,R_flow.145,1807.0,:freeway_merge_0_0,1808.0,main_down_0,bracketed
RL23,R_flow.146:first_downstream,R_flow.146,1812.0,:freeway_merge_0_0,1813.0,main_down_0,bracketed
RL23,R_flow.147:first_downstream,R_flow.147,1816.0,:freeway_merge_0_0,1817.0,main_down_0,bracketed
RL23,R_flow.148:first_downstream,R_flow.148,1823.0,:freeway_merge_0_0,1824.0,main_down_0,bracketed
RL23,R_flow.149:first_downstream,R_flow.149,1828.0,:freeway_merge_0_0,1829.0,main_down_0,bracketed
