run_id,seed,q_main,q_ramp,B_completed_M,B_boundary_ambiguous_M,B_TT_lower_s,B_TT_upper_s,B_TT_ratio_lower_vs_ML,B_TT_ratio_upper_vs_ML,B_M_speed_mps,A_R_passages,Full_R_passages,selection,qualification,value_state
C17,17,3200,720,1064,3,19.63627819548872,21.63627819548872,0.91983647521465,1.118294056537943,29.13785929235802,36,300,challenge_candidate,seen_archives_only; ML is not established free-flow,observed
C23,23,3200,720,1069,2,19.9466791393826,21.9466791393826,0.9284988198093043,1.126469013836207,28.68487621435256,40,300,challenge_candidate,seen_archives_only; ML is not established free-flow,observed
ML17,17,2600,720,866,2,19.34757505773672,21.34757505773672,0.9063125439498025,1.1033721277230677,29.498362711864413,67,300,reference_candidate,seen_archives_only; ML is not established free-flow,observed
ML23,23,2600,720,868,1,19.482718894009217,21.482718894009217,0.9069019145170805,1.1026550765773757,29.345386178861805,69,300,reference_candidate,seen_archives_only; ML is not established free-flow,observed
MH17,17,3800,720,1267,2,19.876085240726123,21.876085240726123,0.9310699312202534,1.130688738792529,28.7898537691288,0,300,not_selected,seen_archives_only; ML is not established free-flow,observed
MH23,23,3800,720,1265,2,19.96284584980237,21.96284584980237,0.9292513647036229,1.12729881128428,28.648242296391064,0,300,not_selected,seen_archives_only; ML is not established free-flow,observed
RL17,17,3200,360,1068,1,19.760299625468164,21.760299625468164,0.9256461013498908,1.1247042360880593,28.93698569758037,38,150,not_selected,seen_archives_only; ML is not established free-flow,observed
RL23,23,3200,360,1061,2,20.03770028275212,22.03770028275212,0.9327357669023886,1.1311409050575862,28.605078599499677,40,150,not_selected,seen_archives_only; ML is not established free-flow,observed
QM3500S17,17,3500,720,1168,1,19.82191780821918,21.82191780821918,0.9285325267440802,1.1278890374167598,28.83515264669689,14,300,not_selected,seen_archives_only; ML is not established free-flow,observed
QM3500S23,23,3500,720,1168,1,19.648116438356166,21.648116438356166,0.9146010118782191,1.1111445253676986,29.082509335325156,11,300,not_selected,seen_archives_only; ML is not established free-flow,observed
QM3650S17,17,3650,720,1216,2,19.49671052631579,21.49671052631579,0.9132986052788162,1.1110803530760653,29.324026083129908,0,300,not_selected,seen_archives_only; ML is not established free-flow,observed
QM3650S23,23,3650,720,1217,2,19.686113393590798,21.686113393590798,0.9163697337714813,1.1130948155423577,29.025600857517194,0,300,not_selected,seen_archives_only; ML is not established free-flow,observed
