run_id,seed,q_main,q_ramp,window,eligible_completed_M,boundary_ambiguous_M,mean_travel_lower_s,mean_travel_upper_s,domain_vehicle_samples,mean_speed_mps,mean_accumulation_veh,stopped_vehicle_seconds,value_state,qualification,reason
C17,17,3200,720,A,1328,1,19.606927710843372,21.606927710843372,27106,29.197462923337884,18.070666666666668,0,observed,seen_archive_descriptive_not_qualified_freeflow_reference,M-only main_down positions100..700; crossing-time bounds; bracket-boundary cases counted separately
C17,17,3200,720,B,1064,3,19.63627819548872,21.63627819548872,21932,29.13785929235802,18.276666666666667,0,observed,seen_archive_descriptive_not_qualified_freeflow_reference,M-only main_down positions100..700; crossing-time bounds; bracket-boundary cases counted separately
C17,17,3200,720,Post,4,1,20.75,22.75,370,26.78594594594597,0.30833333333333335,0,observed,seen_archive_descriptive_not_qualified_freeflow_reference,M-only main_down positions100..700; crossing-time bounds; bracket-boundary cases counted separately
C17,17,3200,720,Full,1333,0,19.612153038259564,21.612153038259564,27476,29.164988717425985,10.176296296296297,0,observed,seen_archive_descriptive_not_qualified_freeflow_reference,M-only main_down positions100..700; crossing-time bounds; bracket-boundary cases counted separately
C23,23,3200,720,A,1329,0,19.972159518434914,21.972159518434914,27594,28.663193085453255,18.396,0,observed,seen_archive_descriptive_not_qualified_freeflow_reference,M-only main_down positions100..700; crossing-time bounds; bracket-boundary cases counted separately
C23,23,3200,720,B,1069,2,19.9466791393826,21.9466791393826,22337,28.68487621435256,18.614166666666666,0,observed,seen_archive_descriptive_not_qualified_freeflow_reference,M-only main_down positions100..700; crossing-time bounds; bracket-boundary cases counted separately
C23,23,3200,720,Post,4,0,19.25,21.25,359,27.31576601671312,0.2991666666666667,0,observed,seen_archive_descriptive_not_qualified_freeflow_reference,M-only main_down positions100..700; crossing-time bounds; bracket-boundary cases counted separately
C23,23,3200,720,Full,1333,0,19.96999249812453,21.96999249812453,27953,28.645888097878473,10.352962962962962,0,observed,seen_archive_descriptive_not_qualified_freeflow_reference,M-only main_down positions100..700; crossing-time bounds; bracket-boundary cases counted separately
ML17,17,2600,720,A,1076,1,19.37267657992565,21.37267657992565,21829,29.503460992257917,14.552666666666667,0,observed,seen_archive_descriptive_not_qualified_freeflow_reference,M-only main_down positions100..700; crossing-time bounds; bracket-boundary cases counted separately
ML17,17,2600,720,B,866,2,19.34757505773672,21.34757505773672,17700,29.498362711864413,14.75,0,observed,seen_archive_descriptive_not_qualified_freeflow_reference,M-only main_down positions100..700; crossing-time bounds; bracket-boundary cases counted separately
ML17,17,2600,720,Post,6,1,20.833333333333332,22.833333333333332,240,28.868250000000007,0.2,0,observed,seen_archive_descriptive_not_qualified_freeflow_reference,M-only main_down positions100..700; crossing-time bounds; bracket-boundary cases counted separately
ML17,17,2600,720,Full,1083,0,19.37765466297322,21.37765466297322,22069,29.496553083510705,8.173703703703703,0,observed,seen_archive_descriptive_not_qualified_freeflow_reference,M-only main_down positions100..700; crossing-time bounds; bracket-boundary cases counted separately
ML23,23,2600,720,A,1079,1,19.539388322520853,21.539388322520853,21978,29.265976430976387,14.652,0,observed,seen_archive_descriptive_not_qualified_freeflow_reference,M-only main_down positions100..700; crossing-time bounds; bracket-boundary cases counted separately
ML23,23,2600,720,B,868,1,19.482718894009217,21.482718894009217,17712,29.345386178861805,14.76,0,observed,seen_archive_descriptive_not_qualified_freeflow_reference,M-only main_down positions100..700; crossing-time bounds; bracket-boundary cases counted separately
ML23,23,2600,720,Post,3,1,20.0,22.0,273,27.68692307692309,0.2275,0,observed,seen_archive_descriptive_not_qualified_freeflow_reference,M-only main_down positions100..700; crossing-time bounds; bracket-boundary cases counted separately
ML23,23,2600,720,Full,1083,0,19.545706371191137,21.545706371191137,22251,29.246602849310133,8.241111111111111,0,observed,seen_archive_descriptive_not_qualified_freeflow_reference,M-only main_down positions100..700; crossing-time bounds; bracket-boundary cases counted separately
MH17,17,3800,720,A,1578,1,19.88656527249683,21.88656527249683,32729,28.794591035473143,21.819333333333333,0,observed,seen_archive_descriptive_not_qualified_freeflow_reference,M-only main_down positions100..700; crossing-time bounds; bracket-boundary cases counted separately
MH17,17,3800,720,B,1267,2,19.876085240726123,21.876085240726123,26465,28.7898537691288,22.054166666666667,0,observed,seen_archive_descriptive_not_qualified_freeflow_reference,M-only main_down positions100..700; crossing-time bounds; bracket-boundary cases counted separately
MH17,17,3800,720,Post,4,1,21.0,23.0,342,26.795760233918106,0.285,0,observed,seen_archive_descriptive_not_qualified_freeflow_reference,M-only main_down positions100..700; crossing-time bounds; bracket-boundary cases counted separately
MH17,17,3800,720,Full,1583,0,19.891345546430827,21.891345546430827,33071,28.77392035317952,12.248518518518518,0,observed,seen_archive_descriptive_not_qualified_freeflow_reference,M-only main_down positions100..700; crossing-time bounds; bracket-boundary cases counted separately
MH23,23,3800,720,A,1577,1,19.970830691185796,21.970830691185796,32829,28.659836120503158,21.886,0,observed,seen_archive_descriptive_not_qualified_freeflow_reference,M-only main_down positions100..700; crossing-time bounds; bracket-boundary cases counted separately
MH23,23,3800,720,B,1265,2,19.96284584980237,21.96284584980237,26546,28.648242296391064,22.121666666666666,0,observed,seen_archive_descriptive_not_qualified_freeflow_reference,M-only main_down positions100..700; crossing-time bounds; bracket-boundary cases counted separately
MH23,23,3800,720,Post,5,1,21.4,23.4,378,25.620476190476168,0.315,0,observed,seen_archive_descriptive_not_qualified_freeflow_reference,M-only main_down positions100..700; crossing-time bounds; bracket-boundary cases counted separately
MH23,23,3800,720,Full,1583,0,19.977258370183197,21.977258370183197,33207,28.625238654500492,12.29888888888889,0,observed,seen_archive_descriptive_not_qualified_freeflow_reference,M-only main_down positions100..700; crossing-time bounds; bracket-boundary cases counted separately
RL17,17,3200,360,A,1329,0,19.732129420617007,21.732129420617007,27386,28.984705689038183,18.25733333333333,0,observed,seen_archive_descriptive_not_qualified_freeflow_reference,M-only main_down positions100..700; crossing-time bounds; bracket-boundary cases counted separately
RL17,17,3200,360,B,1068,1,19.760299625468164,21.760299625468164,22234,28.93698569758037,18.528333333333332,0,observed,seen_archive_descriptive_not_qualified_freeflow_reference,M-only main_down positions100..700; crossing-time bounds; bracket-boundary cases counted separately
RL17,17,3200,360,Post,4,0,17.75,19.75,242,30.732768595041346,0.20166666666666666,0,observed,seen_archive_descriptive_not_qualified_freeflow_reference,M-only main_down positions100..700; crossing-time bounds; bracket-boundary cases counted separately
RL17,17,3200,360,Full,1333,0,19.726181545386346,21.726181545386346,27628,29.00001737367888,10.232592592592592,0,observed,seen_archive_descriptive_not_qualified_freeflow_reference,M-only main_down positions100..700; crossing-time bounds; bracket-boundary cases counted separately
RL23,23,3200,360,A,1324,1,19.96525679758308,21.96525679758308,27659,28.68067211395911,18.439333333333334,0,observed,seen_archive_descriptive_not_qualified_freeflow_reference,M-only main_down positions100..700; crossing-time bounds; bracket-boundary cases counted separately
RL23,23,3200,360,B,1061,2,20.03770028275212,22.03770028275212,22392,28.605078599499677,18.66,0,observed,seen_archive_descriptive_not_qualified_freeflow_reference,M-only main_down positions100..700; crossing-time bounds; bracket-boundary cases counted separately
RL23,23,3200,360,Post,8,1,19.25,21.25,279,30.300215053763456,0.2325,0,observed,seen_archive_descriptive_not_qualified_freeflow_reference,M-only main_down positions100..700; crossing-time bounds; bracket-boundary cases counted separately
RL23,23,3200,360,Full,1333,0,19.95873968492123,21.95873968492123,27938,28.696845515068915,10.347407407407408,0,observed,seen_archive_descriptive_not_qualified_freeflow_reference,M-only main_down positions100..700; crossing-time bounds; bracket-boundary cases counted separately
QM3500S17,17,3500,720,A,1453,0,19.83275980729525,21.83275980729525,30029,28.84030070931447,20.019333333333332,0,observed,seen_archive_descriptive_not_qualified_freeflow_reference,M-only main_down positions100..700; crossing-time bounds; bracket-boundary cases counted separately
QM3500S17,17,3500,720,B,1168,1,19.82191780821918,21.82191780821918,24370,28.83515264669689,20.308333333333334,0,observed,seen_archive_descriptive_not_qualified_freeflow_reference,M-only main_down positions100..700; crossing-time bounds; bracket-boundary cases counted separately
QM3500S17,17,3500,720,Post,5,0,18.4,20.4,338,29.4191715976331,0.2816666666666667,0,observed,seen_archive_descriptive_not_qualified_freeflow_reference,M-only main_down positions100..700; crossing-time bounds; bracket-boundary cases counted separately
QM3500S17,17,3500,720,Full,1458,0,19.827846364883403,21.827846364883403,30367,28.84674383376703,11.247037037037037,0,observed,seen_archive_descriptive_not_qualified_freeflow_reference,M-only main_down positions100..700; crossing-time bounds; bracket-boundary cases counted separately
QM3500S23,23,3500,720,A,1454,1,19.64924346629986,21.64924346629986,29820,29.0943812877264,19.88,0,observed,seen_archive_descriptive_not_qualified_freeflow_reference,M-only main_down positions100..700; crossing-time bounds; bracket-boundary cases counted separately
QM3500S23,23,3500,720,B,1168,1,19.648116438356166,21.648116438356166,24102,29.082509335325156,20.085,0,observed,seen_archive_descriptive_not_qualified_freeflow_reference,M-only main_down positions100..700; crossing-time bounds; bracket-boundary cases counted separately
QM3500S23,23,3500,720,Post,3,1,22.666666666666668,24.666666666666668,299,27.490936454849507,0.24916666666666668,0,observed,seen_archive_descriptive_not_qualified_freeflow_reference,M-only main_down positions100..700; crossing-time bounds; bracket-boundary cases counted separately
QM3500S23,23,3500,720,Full,1458,0,19.65775034293553,21.65775034293553,30119,29.07846342840077,11.155185185185186,0,observed,seen_archive_descriptive_not_qualified_freeflow_reference,M-only main_down positions100..700; crossing-time bounds; bracket-boundary cases counted separately
QM3650S17,17,3650,720,A,1516,1,19.62137203166227,21.62137203166227,31070,29.163251367878967,20.713333333333335,0,observed,seen_archive_descriptive_not_qualified_freeflow_reference,M-only main_down positions100..700; crossing-time bounds; bracket-boundary cases counted separately
QM3650S17,17,3650,720,B,1216,2,19.49671052631579,21.49671052631579,24997,29.324026083129908,20.830833333333334,0,observed,seen_archive_descriptive_not_qualified_freeflow_reference,M-only main_down positions100..700; crossing-time bounds; bracket-boundary cases counted separately
QM3650S17,17,3650,720,Post,4,1,19.0,21.0,290,29.780206896551736,0.24166666666666667,0,observed,seen_archive_descriptive_not_qualified_freeflow_reference,M-only main_down positions100..700; crossing-time bounds; bracket-boundary cases counted separately
QM3650S17,17,3650,720,Full,1521,0,19.61801446416831,21.61801446416831,31360,29.168956632653064,11.614814814814816,0,observed,seen_archive_descriptive_not_qualified_freeflow_reference,M-only main_down positions100..700; crossing-time bounds; bracket-boundary cases counted separately
QM3650S23,23,3650,720,A,1516,1,19.727572559366756,21.727572559366756,31196,28.982346134119805,20.797333333333334,0,observed,seen_archive_descriptive_not_qualified_freeflow_reference,M-only main_down positions100..700; crossing-time bounds; bracket-boundary cases counted separately
QM3650S23,23,3650,720,B,1217,2,19.686113393590798,21.686113393590798,25189,29.025600857517194,20.990833333333335,0,observed,seen_archive_descriptive_not_qualified_freeflow_reference,M-only main_down positions100..700; crossing-time bounds; bracket-boundary cases counted separately
QM3650S23,23,3650,720,Post,4,1,22.5,24.5,341,27.106480938416404,0.2841666666666667,0,observed,seen_archive_descriptive_not_qualified_freeflow_reference,M-only main_down positions100..700; crossing-time bounds; bracket-boundary cases counted separately
QM3650S23,23,3650,720,Full,1521,0,19.73438527284681,21.73438527284681,31537,28.962062973650013,11.68037037037037,0,observed,seen_archive_descriptive_not_qualified_freeflow_reference,M-only main_down positions100..700; crossing-time bounds; bracket-boundary cases counted separately
