run_id,class,window,begin_s,end_s,departures,arrivals,departure_rate_vehph,arrival_rate_vehph,planned_full_cohort,qualification,value_state,reason
C17,M,A,0,1500,1333,1306,3199.2,3134.4,1333,complete,observed,actual network entry/arrival; not E1 passage
C17,R,A,0,1500,150,35,360.0,84.0,300,complete,observed,actual network entry/arrival; not E1 passage
C17,U,A,0,1500,75,49,180.0,117.6,150,complete,observed,actual network entry/arrival; not E1 passage
C17,X,A,0,1500,75,72,180.0,172.8,75,complete,observed,actual network entry/arrival; not E1 passage
C17,M,B,300,1500,1067,1069,3201.0,3207.0,1333,complete,observed,actual network entry/arrival; not E1 passage
C17,R,B,300,1500,90,28,270.0,84.0,300,complete,observed,actual network entry/arrival; not E1 passage
C17,U,B,300,1500,45,26,135.0,78.0,150,complete,observed,actual network entry/arrival; not E1 passage
C17,X,B,300,1500,60,60,180.0,180.0,75,complete,observed,actual network entry/arrival; not E1 passage
C17,M,Post,1500,2700,0,27,0.0,81.0,1333,complete,observed,actual network entry/arrival; not E1 passage
C17,R,Post,1500,2700,150,265,450.0,795.0,300,complete,observed,actual network entry/arrival; not E1 passage
C17,U,Post,1500,2700,75,101,225.0,303.0,150,complete,observed,actual network entry/arrival; not E1 passage
C17,X,Post,1500,2700,0,3,0.0,9.0,75,complete,observed,actual network entry/arrival; not E1 passage
C17,M,Full,0,2700,1333,1333,1777.3333333333333,1777.3333333333333,1333,complete,observed,actual network entry/arrival; not E1 passage
C17,R,Full,0,2700,300,300,400.0,400.0,300,complete,observed,actual network entry/arrival; not E1 passage
C17,U,Full,0,2700,150,150,200.0,200.0,150,complete,observed,actual network entry/arrival; not E1 passage
C17,X,Full,0,2700,75,75,100.0,100.0,75,complete,observed,actual network entry/arrival; not E1 passage
C23,M,A,0,1500,1333,1306,3199.2,3134.4,1333,complete,observed,actual network entry/arrival; not E1 passage
C23,R,A,0,1500,154,38,369.6,91.2,300,complete,observed,actual network entry/arrival; not E1 passage
C23,U,A,0,1500,77,51,184.8,122.4,150,complete,observed,actual network entry/arrival; not E1 passage
C23,X,A,0,1500,75,63,180.0,151.2,75,complete,observed,actual network entry/arrival; not E1 passage
C23,M,B,300,1500,1067,1071,3201.0,3213.0,1333,complete,observed,actual network entry/arrival; not E1 passage
C23,R,B,300,1500,94,31,282.0,93.0,300,complete,observed,actual network entry/arrival; not E1 passage
C23,U,B,300,1500,47,28,141.0,84.0,150,complete,observed,actual network entry/arrival; not E1 passage
C23,X,B,300,1500,60,51,180.0,153.0,75,complete,observed,actual network entry/arrival; not E1 passage
C23,M,Post,1500,2700,0,27,0.0,81.0,1333,complete,observed,actual network entry/arrival; not E1 passage
C23,R,Post,1500,2700,146,262,438.0,786.0,300,complete,observed,actual network entry/arrival; not E1 passage
C23,U,Post,1500,2700,73,99,219.0,297.0,150,complete,observed,actual network entry/arrival; not E1 passage
C23,X,Post,1500,2700,0,12,0.0,36.0,75,complete,observed,actual network entry/arrival; not E1 passage
C23,M,Full,0,2700,1333,1333,1777.3333333333333,1777.3333333333333,1333,complete,observed,actual network entry/arrival; not E1 passage
C23,R,Full,0,2700,300,300,400.0,400.0,300,complete,observed,actual network entry/arrival; not E1 passage
C23,U,Full,0,2700,150,150,200.0,200.0,150,complete,observed,actual network entry/arrival; not E1 passage
C23,X,Full,0,2700,75,75,100.0,100.0,75,complete,observed,actual network entry/arrival; not E1 passage
ML17,M,A,0,1500,1083,1061,2599.2,2546.4,1083,complete,observed,actual network entry/arrival; not E1 passage
ML17,R,A,0,1500,178,65,427.2,156.0,300,complete,observed,actual network entry/arrival; not E1 passage
ML17,U,A,0,1500,89,63,213.6,151.2,150,complete,observed,actual network entry/arrival; not E1 passage
ML17,X,A,0,1500,75,55,180.0,132.0,75,complete,observed,actual network entry/arrival; not E1 passage
ML17,M,B,300,1500,867,868,2601.0,2604.0,1083,complete,observed,actual network entry/arrival; not E1 passage
ML17,R,B,300,1500,118,54,354.0,162.0,300,complete,observed,actual network entry/arrival; not E1 passage
ML17,U,B,300,1500,59,40,177.0,120.0,150,complete,observed,actual network entry/arrival; not E1 passage
ML17,X,B,300,1500,60,43,180.0,129.0,75,complete,observed,actual network entry/arrival; not E1 passage
ML17,M,Post,1500,2700,0,22,0.0,66.0,1083,complete,observed,actual network entry/arrival; not E1 passage
ML17,R,Post,1500,2700,122,235,366.0,705.0,300,complete,observed,actual network entry/arrival; not E1 passage
ML17,U,Post,1500,2700,61,87,183.0,261.0,150,complete,observed,actual network entry/arrival; not E1 passage
ML17,X,Post,1500,2700,0,20,0.0,60.0,75,complete,observed,actual network entry/arrival; not E1 passage
ML17,M,Full,0,2700,1083,1083,1444.0,1444.0,1083,complete,observed,actual network entry/arrival; not E1 passage
ML17,R,Full,0,2700,300,300,400.0,400.0,300,complete,observed,actual network entry/arrival; not E1 passage
ML17,U,Full,0,2700,150,150,200.0,200.0,150,complete,observed,actual network entry/arrival; not E1 passage
ML17,X,Full,0,2700,75,75,100.0,100.0,75,complete,observed,actual network entry/arrival; not E1 passage
ML23,M,A,0,1500,1083,1057,2599.2,2536.8,1083,complete,observed,actual network entry/arrival; not E1 passage
ML23,R,A,0,1500,179,67,429.6,160.8,300,complete,observed,actual network entry/arrival; not E1 passage
ML23,U,A,0,1500,90,64,216.0,153.6,150,complete,observed,actual network entry/arrival; not E1 passage
ML23,X,A,0,1500,75,55,180.0,132.0,75,complete,observed,actual network entry/arrival; not E1 passage
ML23,M,B,300,1500,867,862,2601.0,2586.0,1083,complete,observed,actual network entry/arrival; not E1 passage
ML23,R,B,300,1500,119,57,357.0,171.0,300,complete,observed,actual network entry/arrival; not E1 passage
ML23,U,B,300,1500,60,40,180.0,120.0,150,complete,observed,actual network entry/arrival; not E1 passage
ML23,X,B,300,1500,60,43,180.0,129.0,75,complete,observed,actual network entry/arrival; not E1 passage
ML23,M,Post,1500,2700,0,26,0.0,78.0,1083,complete,observed,actual network entry/arrival; not E1 passage
ML23,R,Post,1500,2700,121,233,363.0,699.0,300,complete,observed,actual network entry/arrival; not E1 passage
ML23,U,Post,1500,2700,60,86,180.0,258.0,150,complete,observed,actual network entry/arrival; not E1 passage
ML23,X,Post,1500,2700,0,20,0.0,60.0,75,complete,observed,actual network entry/arrival; not E1 passage
ML23,M,Full,0,2700,1083,1083,1444.0,1444.0,1083,complete,observed,actual network entry/arrival; not E1 passage
ML23,R,Full,0,2700,300,300,400.0,400.0,300,complete,observed,actual network entry/arrival; not E1 passage
ML23,U,Full,0,2700,150,150,200.0,200.0,150,complete,observed,actual network entry/arrival; not E1 passage
ML23,X,Full,0,2700,75,75,100.0,100.0,75,complete,observed,actual network entry/arrival; not E1 passage
MH17,M,A,0,1500,1583,1554,3799.2,3729.6,1583,complete,observed,actual network entry/arrival; not E1 passage
MH17,R,A,0,1500,120,0,288.0,0.0,300,complete,observed,actual network entry/arrival; not E1 passage
MH17,U,A,0,1500,60,33,144.0,79.2,150,complete,observed,actual network entry/arrival; not E1 passage
MH17,X,A,0,1500,75,72,180.0,172.8,75,complete,observed,actual network entry/arrival; not E1 passage
MH17,M,B,300,1500,1267,1268,3801.0,3804.0,1583,complete,observed,actual network entry/arrival; not E1 passage
MH17,R,B,300,1500,60,0,180.0,0.0,300,complete,observed,actual network entry/arrival; not E1 passage
MH17,U,B,300,1500,30,11,90.0,33.0,150,complete,observed,actual network entry/arrival; not E1 passage
MH17,X,B,300,1500,60,60,180.0,180.0,75,complete,observed,actual network entry/arrival; not E1 passage
MH17,M,Post,1500,2700,0,29,0.0,87.0,1583,complete,observed,actual network entry/arrival; not E1 passage
MH17,R,Post,1500,2700,180,300,540.0,900.0,300,complete,observed,actual network entry/arrival; not E1 passage
MH17,U,Post,1500,2700,90,117,270.0,351.0,150,complete,observed,actual network entry/arrival; not E1 passage
MH17,X,Post,1500,2700,0,3,0.0,9.0,75,complete,observed,actual network entry/arrival; not E1 passage
MH17,M,Full,0,2700,1583,1583,2110.6666666666665,2110.6666666666665,1583,complete,observed,actual network entry/arrival; not E1 passage
MH17,R,Full,0,2700,300,300,400.0,400.0,300,complete,observed,actual network entry/arrival; not E1 passage
MH17,U,Full,0,2700,150,150,200.0,200.0,150,complete,observed,actual network entry/arrival; not E1 passage
MH17,X,Full,0,2700,75,75,100.0,100.0,75,complete,observed,actual network entry/arrival; not E1 passage
MH23,M,A,0,1500,1583,1551,3799.2,3722.4,1583,complete,observed,actual network entry/arrival; not E1 passage
MH23,R,A,0,1500,119,0,285.6,0.0,300,complete,observed,actual network entry/arrival; not E1 passage
MH23,U,A,0,1500,60,33,144.0,79.2,150,complete,observed,actual network entry/arrival; not E1 passage
MH23,X,A,0,1500,75,72,180.0,172.8,75,complete,observed,actual network entry/arrival; not E1 passage
MH23,M,B,300,1500,1267,1266,3801.0,3798.0,1583,complete,observed,actual network entry/arrival; not E1 passage
MH23,R,B,300,1500,59,0,177.0,0.0,300,complete,observed,actual network entry/arrival; not E1 passage
MH23,U,B,300,1500,30,10,90.0,30.0,150,complete,observed,actual network entry/arrival; not E1 passage
MH23,X,B,300,1500,60,60,180.0,180.0,75,complete,observed,actual network entry/arrival; not E1 passage
MH23,M,Post,1500,2700,0,32,0.0,96.0,1583,complete,observed,actual network entry/arrival; not E1 passage
MH23,R,Post,1500,2700,181,300,543.0,900.0,300,complete,observed,actual network entry/arrival; not E1 passage
MH23,U,Post,1500,2700,90,117,270.0,351.0,150,complete,observed,actual network entry/arrival; not E1 passage
MH23,X,Post,1500,2700,0,3,0.0,9.0,75,complete,observed,actual network entry/arrival; not E1 passage
MH23,M,Full,0,2700,1583,1583,2110.6666666666665,2110.6666666666665,1583,complete,observed,actual network entry/arrival; not E1 passage
MH23,R,Full,0,2700,300,300,400.0,400.0,300,complete,observed,actual network entry/arrival; not E1 passage
MH23,U,Full,0,2700,150,150,200.0,200.0,150,complete,observed,actual network entry/arrival; not E1 passage
MH23,X,Full,0,2700,75,75,100.0,100.0,75,complete,observed,actual network entry/arrival; not E1 passage
RL17,M,A,0,1500,1333,1304,3199.2,3129.6,1333,complete,observed,actual network entry/arrival; not E1 passage
RL17,R,A,0,1500,141,38,338.4,91.2,150,complete,observed,actual network entry/arrival; not E1 passage
RL17,U,A,0,1500,141,101,338.4,242.4,150,complete,observed,actual network entry/arrival; not E1 passage
RL17,X,A,0,1500,75,67,180.0,160.8,75,complete,observed,actual network entry/arrival; not E1 passage
RL17,M,B,300,1500,1067,1068,3201.0,3204.0,1333,complete,observed,actual network entry/arrival; not E1 passage
RL17,R,B,300,1500,111,30,333.0,90.0,150,complete,observed,actual network entry/arrival; not E1 passage
RL17,U,B,300,1500,111,78,333.0,234.0,150,complete,observed,actual network entry/arrival; not E1 passage
RL17,X,B,300,1500,60,55,180.0,165.0,75,complete,observed,actual network entry/arrival; not E1 passage
RL17,M,Post,1500,2700,0,29,0.0,87.0,1333,complete,observed,actual network entry/arrival; not E1 passage
RL17,R,Post,1500,2700,9,112,27.0,336.0,150,complete,observed,actual network entry/arrival; not E1 passage
RL17,U,Post,1500,2700,9,49,27.0,147.0,150,complete,observed,actual network entry/arrival; not E1 passage
RL17,X,Post,1500,2700,0,8,0.0,24.0,75,complete,observed,actual network entry/arrival; not E1 passage
RL17,M,Full,0,2700,1333,1333,1777.3333333333333,1777.3333333333333,1333,complete,observed,actual network entry/arrival; not E1 passage
RL17,R,Full,0,2700,150,150,200.0,200.0,150,complete,observed,actual network entry/arrival; not E1 passage
RL17,U,Full,0,2700,150,150,200.0,200.0,150,complete,observed,actual network entry/arrival; not E1 passage
RL17,X,Full,0,2700,75,75,100.0,100.0,75,complete,observed,actual network entry/arrival; not E1 passage
RL23,M,A,0,1500,1333,1305,3199.2,3132.0,1333,complete,observed,actual network entry/arrival; not E1 passage
RL23,R,A,0,1500,141,39,338.4,93.6,150,complete,observed,actual network entry/arrival; not E1 passage
RL23,U,A,0,1500,140,101,336.0,242.4,150,complete,observed,actual network entry/arrival; not E1 passage
RL23,X,A,0,1500,75,68,180.0,163.2,75,complete,observed,actual network entry/arrival; not E1 passage
RL23,M,B,300,1500,1067,1062,3201.0,3186.0,1333,complete,observed,actual network entry/arrival; not E1 passage
RL23,R,B,300,1500,111,32,333.0,96.0,150,complete,observed,actual network entry/arrival; not E1 passage
RL23,U,B,300,1500,110,77,330.0,231.0,150,complete,observed,actual network entry/arrival; not E1 passage
RL23,X,B,300,1500,60,56,180.0,168.0,75,complete,observed,actual network entry/arrival; not E1 passage
RL23,M,Post,1500,2700,0,28,0.0,84.0,1333,complete,observed,actual network entry/arrival; not E1 passage
RL23,R,Post,1500,2700,9,111,27.0,333.0,150,complete,observed,actual network entry/arrival; not E1 passage
RL23,U,Post,1500,2700,10,49,30.0,147.0,150,complete,observed,actual network entry/arrival; not E1 passage
RL23,X,Post,1500,2700,0,7,0.0,21.0,75,complete,observed,actual network entry/arrival; not E1 passage
RL23,M,Full,0,2700,1333,1333,1777.3333333333333,1777.3333333333333,1333,complete,observed,actual network entry/arrival; not E1 passage
RL23,R,Full,0,2700,150,150,200.0,200.0,150,complete,observed,actual network entry/arrival; not E1 passage
RL23,U,Full,0,2700,150,150,200.0,200.0,150,complete,observed,actual network entry/arrival; not E1 passage
RL23,X,Full,0,2700,75,75,100.0,100.0,75,complete,observed,actual network entry/arrival; not E1 passage
QM3500S17,M,A,0,1500,1458,1429,3499.2,3429.6,1458,complete,observed,actual network entry/arrival; not E1 passage
QM3500S17,R,A,0,1500,130,13,312.0,31.2,300,complete,observed,actual network entry/arrival; not E1 passage
QM3500S17,U,A,0,1500,65,38,156.0,91.2,150,complete,observed,actual network entry/arrival; not E1 passage
QM3500S17,X,A,0,1500,75,72,180.0,172.8,75,complete,observed,actual network entry/arrival; not E1 passage
QM3500S17,M,B,300,1500,1167,1174,3501.0,3522.0,1458,complete,observed,actual network entry/arrival; not E1 passage
QM3500S17,R,B,300,1500,70,11,210.0,33.0,300,complete,observed,actual network entry/arrival; not E1 passage
QM3500S17,U,B,300,1500,35,15,105.0,45.0,150,complete,observed,actual network entry/arrival; not E1 passage
QM3500S17,X,B,300,1500,60,60,180.0,180.0,75,complete,observed,actual network entry/arrival; not E1 passage
QM3500S17,M,Post,1500,2700,0,29,0.0,87.0,1458,complete,observed,actual network entry/arrival; not E1 passage
QM3500S17,R,Post,1500,2700,170,287,510.0,861.0,300,complete,observed,actual network entry/arrival; not E1 passage
QM3500S17,U,Post,1500,2700,85,112,255.0,336.0,150,complete,observed,actual network entry/arrival; not E1 passage
QM3500S17,X,Post,1500,2700,0,3,0.0,9.0,75,complete,observed,actual network entry/arrival; not E1 passage
QM3500S17,M,Full,0,2700,1458,1458,1944.0,1944.0,1458,complete,observed,actual network entry/arrival; not E1 passage
QM3500S17,R,Full,0,2700,300,300,400.0,400.0,300,complete,observed,actual network entry/arrival; not E1 passage
QM3500S17,U,Full,0,2700,150,150,200.0,200.0,150,complete,observed,actual network entry/arrival; not E1 passage
QM3500S17,X,Full,0,2700,75,75,100.0,100.0,75,complete,observed,actual network entry/arrival; not E1 passage
QM3500S23,M,A,0,1500,1458,1431,3499.2,3434.4,1458,complete,observed,actual network entry/arrival; not E1 passage
QM3500S23,R,A,0,1500,129,11,309.6,26.4,300,complete,observed,actual network entry/arrival; not E1 passage
QM3500S23,U,A,0,1500,65,38,156.0,91.2,150,complete,observed,actual network entry/arrival; not E1 passage
QM3500S23,X,A,0,1500,75,72,180.0,172.8,75,complete,observed,actual network entry/arrival; not E1 passage
QM3500S23,M,B,300,1500,1167,1167,3501.0,3501.0,1458,complete,observed,actual network entry/arrival; not E1 passage
QM3500S23,R,B,300,1500,69,10,207.0,30.0,300,complete,observed,actual network entry/arrival; not E1 passage
QM3500S23,U,B,300,1500,35,15,105.0,45.0,150,complete,observed,actual network entry/arrival; not E1 passage
QM3500S23,X,B,300,1500,60,60,180.0,180.0,75,complete,observed,actual network entry/arrival; not E1 passage
QM3500S23,M,Post,1500,2700,0,27,0.0,81.0,1458,complete,observed,actual network entry/arrival; not E1 passage
QM3500S23,R,Post,1500,2700,171,289,513.0,867.0,300,complete,observed,actual network entry/arrival; not E1 passage
QM3500S23,U,Post,1500,2700,85,112,255.0,336.0,150,complete,observed,actual network entry/arrival; not E1 passage
QM3500S23,X,Post,1500,2700,0,3,0.0,9.0,75,complete,observed,actual network entry/arrival; not E1 passage
QM3500S23,M,Full,0,2700,1458,1458,1944.0,1944.0,1458,complete,observed,actual network entry/arrival; not E1 passage
QM3500S23,R,Full,0,2700,300,300,400.0,400.0,300,complete,observed,actual network entry/arrival; not E1 passage
QM3500S23,U,Full,0,2700,150,150,200.0,200.0,150,complete,observed,actual network entry/arrival; not E1 passage
QM3500S23,X,Full,0,2700,75,75,100.0,100.0,75,complete,observed,actual network entry/arrival; not E1 passage
QM3650S17,M,A,0,1500,1521,1492,3650.4,3580.8,1521,complete,observed,actual network entry/arrival; not E1 passage
QM3650S17,R,A,0,1500,121,0,290.4,0.0,300,complete,observed,actual network entry/arrival; not E1 passage
QM3650S17,U,A,0,1500,60,33,144.0,79.2,150,complete,observed,actual network entry/arrival; not E1 passage
QM3650S17,X,A,0,1500,75,72,180.0,172.8,75,complete,observed,actual network entry/arrival; not E1 passage
QM3650S17,M,B,300,1500,1217,1223,3651.0,3669.0,1521,complete,observed,actual network entry/arrival; not E1 passage
QM3650S17,R,B,300,1500,61,0,183.0,0.0,300,complete,observed,actual network entry/arrival; not E1 passage
QM3650S17,U,B,300,1500,30,10,90.0,30.0,150,complete,observed,actual network entry/arrival; not E1 passage
QM3650S17,X,B,300,1500,60,60,180.0,180.0,75,complete,observed,actual network entry/arrival; not E1 passage
QM3650S17,M,Post,1500,2700,0,29,0.0,87.0,1521,complete,observed,actual network entry/arrival; not E1 passage
QM3650S17,R,Post,1500,2700,179,300,537.0,900.0,300,complete,observed,actual network entry/arrival; not E1 passage
QM3650S17,U,Post,1500,2700,90,117,270.0,351.0,150,complete,observed,actual network entry/arrival; not E1 passage
QM3650S17,X,Post,1500,2700,0,3,0.0,9.0,75,complete,observed,actual network entry/arrival; not E1 passage
QM3650S17,M,Full,0,2700,1521,1521,2028.0,2028.0,1521,complete,observed,actual network entry/arrival; not E1 passage
QM3650S17,R,Full,0,2700,300,300,400.0,400.0,300,complete,observed,actual network entry/arrival; not E1 passage
QM3650S17,U,Full,0,2700,150,150,200.0,200.0,150,complete,observed,actual network entry/arrival; not E1 passage
QM3650S17,X,Full,0,2700,75,75,100.0,100.0,75,complete,observed,actual network entry/arrival; not E1 passage
QM3650S23,M,A,0,1500,1521,1493,3650.4,3583.2,1521,complete,observed,actual network entry/arrival; not E1 passage
QM3650S23,R,A,0,1500,120,0,288.0,0.0,300,complete,observed,actual network entry/arrival; not E1 passage
QM3650S23,U,A,0,1500,60,33,144.0,79.2,150,complete,observed,actual network entry/arrival; not E1 passage
QM3650S23,X,A,0,1500,75,72,180.0,172.8,75,complete,observed,actual network entry/arrival; not E1 passage
QM3650S23,M,B,300,1500,1217,1223,3651.0,3669.0,1521,complete,observed,actual network entry/arrival; not E1 passage
QM3650S23,R,B,300,1500,60,0,180.0,0.0,300,complete,observed,actual network entry/arrival; not E1 passage
QM3650S23,U,B,300,1500,30,10,90.0,30.0,150,complete,observed,actual network entry/arrival; not E1 passage
QM3650S23,X,B,300,1500,60,60,180.0,180.0,75,complete,observed,actual network entry/arrival; not E1 passage
QM3650S23,M,Post,1500,2700,0,28,0.0,84.0,1521,complete,observed,actual network entry/arrival; not E1 passage
QM3650S23,R,Post,1500,2700,180,300,540.0,900.0,300,complete,observed,actual network entry/arrival; not E1 passage
QM3650S23,U,Post,1500,2700,90,117,270.0,351.0,150,complete,observed,actual network entry/arrival; not E1 passage
QM3650S23,X,Post,1500,2700,0,3,0.0,9.0,75,complete,observed,actual network entry/arrival; not E1 passage
QM3650S23,M,Full,0,2700,1521,1521,2028.0,2028.0,1521,complete,observed,actual network entry/arrival; not E1 passage
QM3650S23,R,Full,0,2700,300,300,400.0,400.0,300,complete,observed,actual network entry/arrival; not E1 passage
QM3650S23,U,Full,0,2700,150,150,200.0,200.0,150,complete,observed,actual network entry/arrival; not E1 passage
QM3650S23,X,Full,0,2700,75,75,100.0,100.0,75,complete,observed,actual network entry/arrival; not E1 passage
