run_id,class,endpoint_s,P,E,A,N,O,qualification,value_state,reason
C17,M,1500,1333,1333,1306,27,0,complete,observed,finite planned cohort at demand end/full end; event_time < endpoint
C17,R,1500,300,150,35,115,150,complete,observed,finite planned cohort at demand end/full end; event_time < endpoint
C17,U,1500,150,75,49,26,75,complete,observed,finite planned cohort at demand end/full end; event_time < endpoint
C17,X,1500,75,75,72,3,0,complete,observed,finite planned cohort at demand end/full end; event_time < endpoint
C17,M,2700,1333,1333,1333,0,0,complete,observed,finite planned cohort at demand end/full end; event_time < endpoint
C17,R,2700,300,300,300,0,0,complete,observed,finite planned cohort at demand end/full end; event_time < endpoint
C17,U,2700,150,150,150,0,0,complete,observed,finite planned cohort at demand end/full end; event_time < endpoint
C17,X,2700,75,75,75,0,0,complete,observed,finite planned cohort at demand end/full end; event_time < endpoint
C23,M,1500,1333,1333,1306,27,0,complete,observed,finite planned cohort at demand end/full end; event_time < endpoint
C23,R,1500,300,154,38,116,146,complete,observed,finite planned cohort at demand end/full end; event_time < endpoint
C23,U,1500,150,77,51,26,73,complete,observed,finite planned cohort at demand end/full end; event_time < endpoint
C23,X,1500,75,75,63,12,0,complete,observed,finite planned cohort at demand end/full end; event_time < endpoint
C23,M,2700,1333,1333,1333,0,0,complete,observed,finite planned cohort at demand end/full end; event_time < endpoint
C23,R,2700,300,300,300,0,0,complete,observed,finite planned cohort at demand end/full end; event_time < endpoint
C23,U,2700,150,150,150,0,0,complete,observed,finite planned cohort at demand end/full end; event_time < endpoint
C23,X,2700,75,75,75,0,0,complete,observed,finite planned cohort at demand end/full end; event_time < endpoint
ML17,M,1500,1083,1083,1061,22,0,complete,observed,finite planned cohort at demand end/full end; event_time < endpoint
ML17,R,1500,300,178,65,113,122,complete,observed,finite planned cohort at demand end/full end; event_time < endpoint
ML17,U,1500,150,89,63,26,61,complete,observed,finite planned cohort at demand end/full end; event_time < endpoint
ML17,X,1500,75,75,55,20,0,complete,observed,finite planned cohort at demand end/full end; event_time < endpoint
ML17,M,2700,1083,1083,1083,0,0,complete,observed,finite planned cohort at demand end/full end; event_time < endpoint
ML17,R,2700,300,300,300,0,0,complete,observed,finite planned cohort at demand end/full end; event_time < endpoint
ML17,U,2700,150,150,150,0,0,complete,observed,finite planned cohort at demand end/full end; event_time < endpoint
ML17,X,2700,75,75,75,0,0,complete,observed,finite planned cohort at demand end/full end; event_time < endpoint
ML23,M,1500,1083,1083,1057,26,0,complete,observed,finite planned cohort at demand end/full end; event_time < endpoint
ML23,R,1500,300,179,67,112,121,complete,observed,finite planned cohort at demand end/full end; event_time < endpoint
ML23,U,1500,150,90,64,26,60,complete,observed,finite planned cohort at demand end/full end; event_time < endpoint
ML23,X,1500,75,75,55,20,0,complete,observed,finite planned cohort at demand end/full end; event_time < endpoint
ML23,M,2700,1083,1083,1083,0,0,complete,observed,finite planned cohort at demand end/full end; event_time < endpoint
ML23,R,2700,300,300,300,0,0,complete,observed,finite planned cohort at demand end/full end; event_time < endpoint
ML23,U,2700,150,150,150,0,0,complete,observed,finite planned cohort at demand end/full end; event_time < endpoint
ML23,X,2700,75,75,75,0,0,complete,observed,finite planned cohort at demand end/full end; event_time < endpoint
MH17,M,1500,1583,1583,1554,29,0,complete,observed,finite planned cohort at demand end/full end; event_time < endpoint
MH17,R,1500,300,120,0,120,180,complete,observed,finite planned cohort at demand end/full end; event_time < endpoint
MH17,U,1500,150,60,33,27,90,complete,observed,finite planned cohort at demand end/full end; event_time < endpoint
MH17,X,1500,75,75,72,3,0,complete,observed,finite planned cohort at demand end/full end; event_time < endpoint
MH17,M,2700,1583,1583,1583,0,0,complete,observed,finite planned cohort at demand end/full end; event_time < endpoint
MH17,R,2700,300,300,300,0,0,complete,observed,finite planned cohort at demand end/full end; event_time < endpoint
MH17,U,2700,150,150,150,0,0,complete,observed,finite planned cohort at demand end/full end; event_time < endpoint
MH17,X,2700,75,75,75,0,0,complete,observed,finite planned cohort at demand end/full end; event_time < endpoint
MH23,M,1500,1583,1583,1551,32,0,complete,observed,finite planned cohort at demand end/full end; event_time < endpoint
MH23,R,1500,300,119,0,119,181,complete,observed,finite planned cohort at demand end/full end; event_time < endpoint
MH23,U,1500,150,60,33,27,90,complete,observed,finite planned cohort at demand end/full end; event_time < endpoint
MH23,X,1500,75,75,72,3,0,complete,observed,finite planned cohort at demand end/full end; event_time < endpoint
MH23,M,2700,1583,1583,1583,0,0,complete,observed,finite planned cohort at demand end/full end; event_time < endpoint
MH23,R,2700,300,300,300,0,0,complete,observed,finite planned cohort at demand end/full end; event_time < endpoint
MH23,U,2700,150,150,150,0,0,complete,observed,finite planned cohort at demand end/full end; event_time < endpoint
MH23,X,2700,75,75,75,0,0,complete,observed,finite planned cohort at demand end/full end; event_time < endpoint
RL17,M,1500,1333,1333,1304,29,0,complete,observed,finite planned cohort at demand end/full end; event_time < endpoint
RL17,R,1500,150,141,38,103,9,complete,observed,finite planned cohort at demand end/full end; event_time < endpoint
RL17,U,1500,150,141,101,40,9,complete,observed,finite planned cohort at demand end/full end; event_time < endpoint
RL17,X,1500,75,75,67,8,0,complete,observed,finite planned cohort at demand end/full end; event_time < endpoint
RL17,M,2700,1333,1333,1333,0,0,complete,observed,finite planned cohort at demand end/full end; event_time < endpoint
RL17,R,2700,150,150,150,0,0,complete,observed,finite planned cohort at demand end/full end; event_time < endpoint
RL17,U,2700,150,150,150,0,0,complete,observed,finite planned cohort at demand end/full end; event_time < endpoint
RL17,X,2700,75,75,75,0,0,complete,observed,finite planned cohort at demand end/full end; event_time < endpoint
RL23,M,1500,1333,1333,1305,28,0,complete,observed,finite planned cohort at demand end/full end; event_time < endpoint
RL23,R,1500,150,141,39,102,9,complete,observed,finite planned cohort at demand end/full end; event_time < endpoint
RL23,U,1500,150,140,101,39,10,complete,observed,finite planned cohort at demand end/full end; event_time < endpoint
RL23,X,1500,75,75,68,7,0,complete,observed,finite planned cohort at demand end/full end; event_time < endpoint
RL23,M,2700,1333,1333,1333,0,0,complete,observed,finite planned cohort at demand end/full end; event_time < endpoint
RL23,R,2700,150,150,150,0,0,complete,observed,finite planned cohort at demand end/full end; event_time < endpoint
RL23,U,2700,150,150,150,0,0,complete,observed,finite planned cohort at demand end/full end; event_time < endpoint
RL23,X,2700,75,75,75,0,0,complete,observed,finite planned cohort at demand end/full end; event_time < endpoint
QM3500S17,M,1500,1458,1458,1429,29,0,complete,observed,finite planned cohort at demand end/full end; event_time < endpoint
QM3500S17,R,1500,300,130,13,117,170,complete,observed,finite planned cohort at demand end/full end; event_time < endpoint
QM3500S17,U,1500,150,65,38,27,85,complete,observed,finite planned cohort at demand end/full end; event_time < endpoint
QM3500S17,X,1500,75,75,72,3,0,complete,observed,finite planned cohort at demand end/full end; event_time < endpoint
QM3500S17,M,2700,1458,1458,1458,0,0,complete,observed,finite planned cohort at demand end/full end; event_time < endpoint
QM3500S17,R,2700,300,300,300,0,0,complete,observed,finite planned cohort at demand end/full end; event_time < endpoint
QM3500S17,U,2700,150,150,150,0,0,complete,observed,finite planned cohort at demand end/full end; event_time < endpoint
QM3500S17,X,2700,75,75,75,0,0,complete,observed,finite planned cohort at demand end/full end; event_time < endpoint
QM3500S23,M,1500,1458,1458,1431,27,0,complete,observed,finite planned cohort at demand end/full end; event_time < endpoint
QM3500S23,R,1500,300,129,11,118,171,complete,observed,finite planned cohort at demand end/full end; event_time < endpoint
QM3500S23,U,1500,150,65,38,27,85,complete,observed,finite planned cohort at demand end/full end; event_time < endpoint
QM3500S23,X,1500,75,75,72,3,0,complete,observed,finite planned cohort at demand end/full end; event_time < endpoint
QM3500S23,M,2700,1458,1458,1458,0,0,complete,observed,finite planned cohort at demand end/full end; event_time < endpoint
QM3500S23,R,2700,300,300,300,0,0,complete,observed,finite planned cohort at demand end/full end; event_time < endpoint
QM3500S23,U,2700,150,150,150,0,0,complete,observed,finite planned cohort at demand end/full end; event_time < endpoint
QM3500S23,X,2700,75,75,75,0,0,complete,observed,finite planned cohort at demand end/full end; event_time < endpoint
QM3650S17,M,1500,1521,1521,1492,29,0,complete,observed,finite planned cohort at demand end/full end; event_time < endpoint
QM3650S17,R,1500,300,121,0,121,179,complete,observed,finite planned cohort at demand end/full end; event_time < endpoint
QM3650S17,U,1500,150,60,33,27,90,complete,observed,finite planned cohort at demand end/full end; event_time < endpoint
QM3650S17,X,1500,75,75,72,3,0,complete,observed,finite planned cohort at demand end/full end; event_time < endpoint
QM3650S17,M,2700,1521,1521,1521,0,0,complete,observed,finite planned cohort at demand end/full end; event_time < endpoint
QM3650S17,R,2700,300,300,300,0,0,complete,observed,finite planned cohort at demand end/full end; event_time < endpoint
QM3650S17,U,2700,150,150,150,0,0,complete,observed,finite planned cohort at demand end/full end; event_time < endpoint
QM3650S17,X,2700,75,75,75,0,0,complete,observed,finite planned cohort at demand end/full end; event_time < endpoint
QM3650S23,M,1500,1521,1521,1493,28,0,complete,observed,finite planned cohort at demand end/full end; event_time < endpoint
QM3650S23,R,1500,300,120,0,120,180,complete,observed,finite planned cohort at demand end/full end; event_time < endpoint
QM3650S23,U,1500,150,60,33,27,90,complete,observed,finite planned cohort at demand end/full end; event_time < endpoint
QM3650S23,X,1500,75,75,72,3,0,complete,observed,finite planned cohort at demand end/full end; event_time < endpoint
QM3650S23,M,2700,1521,1521,1521,0,0,complete,observed,finite planned cohort at demand end/full end; event_time < endpoint
QM3650S23,R,2700,300,300,300,0,0,complete,observed,finite planned cohort at demand end/full end; event_time < endpoint
QM3650S23,U,2700,150,150,150,0,0,complete,observed,finite planned cohort at demand end/full end; event_time < endpoint
QM3650S23,X,2700,75,75,75,0,0,complete,observed,finite planned cohort at demand end/full end; event_time < endpoint
