run_id,window,region,M_sample_count,unique_M_ids,speed_sum_mps,mean_sample_speed_mps,min_sample_speed_mps,max_sample_speed_mps,M_stopped_vehicle_seconds,value_state,qualification,reason
C17,A,mainline_origin_observation,3913,1333,125957.27999999994,32.18944032711473,15.82,45.43,0,observed,complete_within_observed_route,vehicle-label weighted FCD speed; not detector speed or congestion classification
C17,A,mainline_merge_internal,321,321,9852.070000000007,30.691806853582577,14.99,40.24,0,observed,complete_within_observed_route,vehicle-label weighted FCD speed; not detector speed or congestion classification
C17,A,mainline_downstream,35751,1331,1047692.1099999961,29.305253279628435,13.82,42.22,0,observed,complete_within_observed_route,vehicle-label weighted FCD speed; not detector speed or congestion classification
C17,B,mainline_origin_observation,3154,1067,101463.16000000006,32.169676601141425,16.13,44.18,0,observed,complete_within_observed_route,vehicle-label weighted FCD speed; not detector speed or congestion classification
C17,B,mainline_merge_internal,267,267,8200.850000000002,30.714794007490646,14.99,39.74,0,observed,complete_within_observed_route,vehicle-label weighted FCD speed; not detector speed or congestion classification
C17,B,mainline_downstream,28952,1093,846685.3799999994,29.24445219673941,13.82,42.22,0,observed,complete_within_observed_route,vehicle-label weighted FCD speed; not detector speed or congestion classification
C17,Post,mainline_origin_observation,0,0,0.0,,,,0,no_contributors,complete_within_observed_route,vehicle-label weighted FCD speed; not detector speed or congestion classification
C17,Post,mainline_merge_internal,0,0,0.0,,,,0,no_contributors,complete_within_observed_route,vehicle-label weighted FCD speed; not detector speed or congestion classification
C17,Post,mainline_downstream,469,27,12702.79000000001,27.08484008528787,21.36,32.65,0,observed,complete_within_observed_route,vehicle-label weighted FCD speed; not detector speed or congestion classification
C17,Full,mainline_origin_observation,3913,1333,125957.27999999994,32.18944032711473,15.82,45.43,0,observed,complete_within_observed_route,vehicle-label weighted FCD speed; not detector speed or congestion classification
C17,Full,mainline_merge_internal,321,321,9852.070000000007,30.691806853582577,14.99,40.24,0,observed,complete_within_observed_route,vehicle-label weighted FCD speed; not detector speed or congestion classification
C17,Full,mainline_downstream,36220,1333,1060394.899999994,29.276501932633742,13.82,42.22,0,observed,complete_within_observed_route,vehicle-label weighted FCD speed; not detector speed or congestion classification
C23,A,mainline_origin_observation,4120,1333,130717.53000000016,31.727555825242757,14.44,45.99,0,observed,complete_within_observed_route,vehicle-label weighted FCD speed; not detector speed or congestion classification
C23,A,mainline_merge_internal,321,321,9551.089999999998,29.754174454828654,13.69,39.42,0,observed,complete_within_observed_route,vehicle-label weighted FCD speed; not detector speed or congestion classification
C23,A,mainline_downstream,36390,1329,1047256.069999998,28.778677383896618,14.08,41.28,0,observed,complete_within_observed_route,vehicle-label weighted FCD speed; not detector speed or congestion classification
C23,B,mainline_origin_observation,3327,1069,105760.60000000025,31.788578298767735,14.44,45.99,0,observed,complete_within_observed_route,vehicle-label weighted FCD speed; not detector speed or congestion classification
C23,B,mainline_merge_internal,259,259,7769.669999999998,29.998725868725863,13.69,39.42,0,observed,complete_within_observed_route,vehicle-label weighted FCD speed; not detector speed or congestion classification
C23,B,mainline_downstream,29461,1093,848448.3899999978,28.79903567428118,14.08,41.28,0,observed,complete_within_observed_route,vehicle-label weighted FCD speed; not detector speed or congestion classification
C23,Post,mainline_origin_observation,11,4,293.34,26.667272727272724,21.13,35.24,0,observed,complete_within_observed_route,vehicle-label weighted FCD speed; not detector speed or congestion classification
C23,Post,mainline_merge_internal,0,0,0.0,,,,0,no_contributors,complete_within_observed_route,vehicle-label weighted FCD speed; not detector speed or congestion classification
C23,Post,mainline_downstream,465,27,12683.929999999997,27.277268817204295,20.36,35.89,0,observed,complete_within_observed_route,vehicle-label weighted FCD speed; not detector speed or congestion classification
C23,Full,mainline_origin_observation,4131,1333,131010.87000000018,31.714081336238245,14.44,45.99,0,observed,complete_within_observed_route,vehicle-label weighted FCD speed; not detector speed or congestion classification
C23,Full,mainline_merge_internal,321,321,9551.089999999998,29.754174454828654,13.69,39.42,0,observed,complete_within_observed_route,vehicle-label weighted FCD speed; not detector speed or congestion classification
C23,Full,mainline_downstream,36855,1333,1059939.9999999972,28.75973409306735,14.08,41.28,0,observed,complete_within_observed_route,vehicle-label weighted FCD speed; not detector speed or congestion classification
ML17,A,mainline_origin_observation,3513,1083,111286.31999999979,31.67842869342436,13.61,45.68,0,observed,complete_within_observed_route,vehicle-label weighted FCD speed; not detector speed or congestion classification
ML17,A,mainline_merge_internal,287,287,8629.75,30.068815331010452,11.83,42.76,0,observed,complete_within_observed_route,vehicle-label weighted FCD speed; not detector speed or congestion classification
ML17,A,mainline_downstream,28889,1079,852141.2699999966,29.49708435736774,11.56,44.63,0,observed,complete_within_observed_route,vehicle-label weighted FCD speed; not detector speed or congestion classification
ML17,B,mainline_origin_observation,2839,869,89929.55,31.676488200070448,13.61,44.18,0,observed,complete_within_observed_route,vehicle-label weighted FCD speed; not detector speed or congestion classification
ML17,B,mainline_merge_internal,238,238,7158.020000000001,30.07571428571429,11.83,42.76,0,observed,complete_within_observed_route,vehicle-label weighted FCD speed; not detector speed or congestion classification
ML17,B,mainline_downstream,23432,886,690898.8400000011,29.485269716626885,11.56,41.84,0,observed,complete_within_observed_route,vehicle-label weighted FCD speed; not detector speed or congestion classification
ML17,Post,mainline_origin_observation,6,3,194.71,32.45166666666667,27.06,36.15,0,observed,complete_within_observed_route,vehicle-label weighted FCD speed; not detector speed or congestion classification
ML17,Post,mainline_merge_internal,0,0,0.0,,,,0,no_contributors,complete_within_observed_route,vehicle-label weighted FCD speed; not detector speed or congestion classification
ML17,Post,mainline_downstream,323,21,9344.42,28.930092879256968,20.27,36.92,0,observed,complete_within_observed_route,vehicle-label weighted FCD speed; not detector speed or congestion classification
ML17,Full,mainline_origin_observation,3519,1083,111481.02999999978,31.67974708724063,13.61,45.68,0,observed,complete_within_observed_route,vehicle-label weighted FCD speed; not detector speed or congestion classification
ML17,Full,mainline_merge_internal,287,287,8629.75,30.068815331010452,11.83,42.76,0,observed,complete_within_observed_route,vehicle-label weighted FCD speed; not detector speed or congestion classification
ML17,Full,mainline_downstream,29212,1083,861485.6899999962,29.490815075996036,11.56,44.63,0,observed,complete_within_observed_route,vehicle-label weighted FCD speed; not detector speed or congestion classification
ML23,A,mainline_origin_observation,3553,1083,111590.00999999991,31.407264283703885,13.63,44.56,0,observed,complete_within_observed_route,vehicle-label weighted FCD speed; not detector speed or congestion classification
ML23,A,mainline_merge_internal,271,271,7901.019999999998,29.155055350553496,13.57,39.9,0,observed,complete_within_observed_route,vehicle-label weighted FCD speed; not detector speed or congestion classification
ML23,A,mainline_downstream,29100,1080,851529.9399999983,29.26219725085905,13.4,41.65,0,observed,complete_within_observed_route,vehicle-label weighted FCD speed; not detector speed or congestion classification
ML23,B,mainline_origin_observation,2917,870,91659.44,31.42250257113473,14.13,42.85,0,observed,complete_within_observed_route,vehicle-label weighted FCD speed; not detector speed or congestion classification
ML23,B,mainline_merge_internal,214,214,6204.27,28.99191588785047,13.57,39.9,0,observed,complete_within_observed_route,vehicle-label weighted FCD speed; not detector speed or congestion classification
ML23,B,mainline_downstream,23487,885,688847.9599999954,29.328903648826817,13.4,40.89,0,observed,complete_within_observed_route,vehicle-label weighted FCD speed; not detector speed or congestion classification
ML23,Post,mainline_origin_observation,0,0,0.0,,,,0,no_contributors,complete_within_observed_route,vehicle-label weighted FCD speed; not detector speed or congestion classification
ML23,Post,mainline_merge_internal,0,0,0.0,,,,0,no_contributors,complete_within_observed_route,vehicle-label weighted FCD speed; not detector speed or congestion classification
ML23,Post,mainline_downstream,366,25,10162.399999999996,27.766120218579225,22.68,36.87,0,observed,complete_within_observed_route,vehicle-label weighted FCD speed; not detector speed or congestion classification
ML23,Full,mainline_origin_observation,3553,1083,111590.00999999991,31.407264283703885,13.63,44.56,0,observed,complete_within_observed_route,vehicle-label weighted FCD speed; not detector speed or congestion classification
ML23,Full,mainline_merge_internal,271,271,7901.019999999998,29.155055350553496,13.57,39.9,0,observed,complete_within_observed_route,vehicle-label weighted FCD speed; not detector speed or congestion classification
ML23,Full,mainline_downstream,29466,1083,861692.3399999996,29.24361433516594,13.4,41.65,0,observed,complete_within_observed_route,vehicle-label weighted FCD speed; not detector speed or congestion classification
MH17,A,mainline_origin_observation,2562,1583,87244.50000000015,34.05327868852465,22.9,46.72,0,observed,complete_within_observed_route,vehicle-label weighted FCD speed; not detector speed or congestion classification
MH17,A,mainline_merge_internal,310,310,10187.569999999998,32.86312903225806,26.0,41.91,0,observed,complete_within_observed_route,vehicle-label weighted FCD speed; not detector speed or congestion classification
MH17,A,mainline_downstream,42987,1581,1247587.440000007,29.022435620071345,17.26,42.71,0,observed,complete_within_observed_route,vehicle-label weighted FCD speed; not detector speed or congestion classification
MH17,B,mainline_origin_observation,2062,1267,70312.69000000002,34.09926770126092,22.9,46.72,0,observed,complete_within_observed_route,vehicle-label weighted FCD speed; not detector speed or congestion classification
MH17,B,mainline_merge_internal,243,243,7975.099999999999,32.819341563786004,26.0,41.44,0,observed,complete_within_observed_route,vehicle-label weighted FCD speed; not detector speed or congestion classification
MH17,B,mainline_downstream,34759,1293,1008879.5699999991,29.024988348341413,17.26,41.74,0,observed,complete_within_observed_route,vehicle-label weighted FCD speed; not detector speed or congestion classification
MH17,Post,mainline_origin_observation,1,1,34.87,34.87,34.87,34.87,0,observed,complete_within_observed_route,vehicle-label weighted FCD speed; not detector speed or congestion classification
MH17,Post,mainline_merge_internal,0,0,0.0,,,,0,no_contributors,complete_within_observed_route,vehicle-label weighted FCD speed; not detector speed or congestion classification
MH17,Post,mainline_downstream,446,29,12059.639999999996,27.039551569506717,18.77,35.28,0,observed,complete_within_observed_route,vehicle-label weighted FCD speed; not detector speed or congestion classification
MH17,Full,mainline_origin_observation,2563,1583,87279.37000000014,34.053597346859206,22.9,46.72,0,observed,complete_within_observed_route,vehicle-label weighted FCD speed; not detector speed or congestion classification
MH17,Full,mainline_merge_internal,310,310,10187.569999999998,32.86312903225806,26.0,41.91,0,observed,complete_within_observed_route,vehicle-label weighted FCD speed; not detector speed or congestion classification
MH17,Full,mainline_downstream,43433,1583,1259647.080000006,29.00207399903313,17.26,42.71,0,observed,complete_within_observed_route,vehicle-label weighted FCD speed; not detector speed or congestion classification
MH23,A,mainline_origin_observation,2514,1583,84608.56999999999,33.654960222752585,22.16,45.99,0,observed,complete_within_observed_route,vehicle-label weighted FCD speed; not detector speed or congestion classification
MH23,A,mainline_merge_internal,273,273,8860.949999999993,32.457692307692284,25.0,39.51,0,observed,complete_within_observed_route,vehicle-label weighted FCD speed; not detector speed or congestion classification
MH23,A,mainline_downstream,43173,1582,1247182.4700000016,28.88801959558061,15.5,42.27,0,observed,complete_within_observed_route,vehicle-label weighted FCD speed; not detector speed or congestion classification
MH23,B,mainline_origin_observation,2001,1268,67373.15000000005,33.66974012993506,22.16,45.99,0,observed,complete_within_observed_route,vehicle-label weighted FCD speed; not detector speed or congestion classification
MH23,B,mainline_merge_internal,222,222,7216.039999999997,32.50468468468467,25.0,39.51,0,observed,complete_within_observed_route,vehicle-label weighted FCD speed; not detector speed or congestion classification
MH23,B,mainline_downstream,34905,1295,1007879.7699999938,28.874939693453484,15.5,42.27,0,observed,complete_within_observed_route,vehicle-label weighted FCD speed; not detector speed or congestion classification
MH23,Post,mainline_origin_observation,0,0,0.0,,,,0,no_contributors,complete_within_observed_route,vehicle-label weighted FCD speed; not detector speed or congestion classification
MH23,Post,mainline_merge_internal,0,0,0.0,,,,0,no_contributors,complete_within_observed_route,vehicle-label weighted FCD speed; not detector speed or congestion classification
MH23,Post,mainline_downstream,497,31,12874.029999999992,25.903480885311854,20.49,35.26,0,observed,complete_within_observed_route,vehicle-label weighted FCD speed; not detector speed or congestion classification
MH23,Full,mainline_origin_observation,2514,1583,84608.56999999999,33.654960222752585,22.16,45.99,0,observed,complete_within_observed_route,vehicle-label weighted FCD speed; not detector speed or congestion classification
MH23,Full,mainline_merge_internal,273,273,8860.949999999993,32.457692307692284,25.0,39.51,0,observed,complete_within_observed_route,vehicle-label weighted FCD speed; not detector speed or congestion classification
MH23,Full,mainline_downstream,43670,1583,1260056.5000000012,28.85405312571562,15.5,42.27,0,observed,complete_within_observed_route,vehicle-label weighted FCD speed; not detector speed or congestion classification
RL17,A,mainline_origin_observation,4130,1333,131907.5499999997,31.938874092009613,14.45,44.0,0,observed,complete_within_observed_route,vehicle-label weighted FCD speed; not detector speed or congestion classification
RL17,A,mainline_merge_internal,302,302,9173.579999999994,30.37609271523177,14.22,40.81,0,observed,complete_within_observed_route,vehicle-label weighted FCD speed; not detector speed or congestion classification
RL17,A,mainline_downstream,36110,1331,1049923.8300000038,29.075708391027522,13.94,41.98,0,observed,complete_within_observed_route,vehicle-label weighted FCD speed; not detector speed or congestion classification
RL17,B,mainline_origin_observation,3233,1069,103450.88999999981,31.998419424682897,14.45,44.0,0,observed,complete_within_observed_route,vehicle-label weighted FCD speed; not detector speed or congestion classification
RL17,B,mainline_merge_internal,237,237,7258.989999999998,30.628649789029527,14.22,40.81,0,observed,complete_within_observed_route,vehicle-label weighted FCD speed; not detector speed or congestion classification
RL17,B,mainline_downstream,29308,1095,851080.7599999966,29.039196123925095,13.94,41.98,0,observed,complete_within_observed_route,vehicle-label weighted FCD speed; not detector speed or congestion classification
RL17,Post,mainline_origin_observation,1,1,33.5,33.5,33.5,33.5,0,observed,complete_within_observed_route,vehicle-label weighted FCD speed; not detector speed or congestion classification
RL17,Post,mainline_merge_internal,0,0,0.0,,,,0,no_contributors,complete_within_observed_route,vehicle-label weighted FCD speed; not detector speed or congestion classification
RL17,Post,mainline_downstream,330,27,10130.469999999998,30.69839393939393,25.22,36.56,0,observed,complete_within_observed_route,vehicle-label weighted FCD speed; not detector speed or congestion classification
RL17,Full,mainline_origin_observation,4131,1333,131941.0499999997,31.93925199709506,14.45,44.0,0,observed,complete_within_observed_route,vehicle-label weighted FCD speed; not detector speed or congestion classification
RL17,Full,mainline_merge_internal,302,302,9173.579999999994,30.37609271523177,14.22,40.81,0,observed,complete_within_observed_route,vehicle-label weighted FCD speed; not detector speed or congestion classification
RL17,Full,mainline_downstream,36440,1333,1060054.300000005,29.090403402854143,13.94,41.98,0,observed,complete_within_observed_route,vehicle-label weighted FCD speed; not detector speed or congestion classification
RL23,A,mainline_origin_observation,3993,1333,126523.64000000001,31.68636113198097,15.41,45.99,0,observed,complete_within_observed_route,vehicle-label weighted FCD speed; not detector speed or congestion classification
RL23,A,mainline_merge_internal,323,323,9669.160000000005,29.935479876161008,15.28,41.29,0,observed,complete_within_observed_route,vehicle-label weighted FCD speed; not detector speed or congestion classification
RL23,A,mainline_downstream,36421,1329,1048931.119999999,28.80017352626229,13.71,41.44,0,observed,complete_within_observed_route,vehicle-label weighted FCD speed; not detector speed or congestion classification
RL23,B,mainline_origin_observation,3267,1068,103394.21999999991,31.64806244260787,15.41,45.99,0,observed,complete_within_observed_route,vehicle-label weighted FCD speed; not detector speed or congestion classification
RL23,B,mainline_merge_internal,265,265,7948.36,29.993811320754716,15.28,41.29,0,observed,complete_within_observed_route,vehicle-label weighted FCD speed; not detector speed or congestion classification
RL23,B,mainline_downstream,29468,1085,846729.8299999931,28.73387505090244,13.71,41.44,0,observed,complete_within_observed_route,vehicle-label weighted FCD speed; not detector speed or congestion classification
RL23,Post,mainline_origin_observation,5,2,169.16,33.832,30.96,36.44,0,observed,complete_within_observed_route,vehicle-label weighted FCD speed; not detector speed or congestion classification
RL23,Post,mainline_merge_internal,0,0,0.0,,,,0,no_contributors,complete_within_observed_route,vehicle-label weighted FCD speed; not detector speed or congestion classification
RL23,Post,mainline_downstream,379,26,11523.22,30.40427440633245,23.52,36.36,0,observed,complete_within_observed_route,vehicle-label weighted FCD speed; not detector speed or congestion classification
RL23,Full,mainline_origin_observation,3998,1333,126692.80000000003,31.68904452226114,15.41,45.99,0,observed,complete_within_observed_route,vehicle-label weighted FCD speed; not detector speed or congestion classification
RL23,Full,mainline_merge_internal,323,323,9669.160000000005,29.935479876161008,15.28,41.29,0,observed,complete_within_observed_route,vehicle-label weighted FCD speed; not detector speed or congestion classification
RL23,Full,mainline_downstream,36800,1333,1060454.3399999978,28.81669402173907,13.71,41.44,0,observed,complete_within_observed_route,vehicle-label weighted FCD speed; not detector speed or congestion classification
QM3500S17,A,mainline_origin_observation,3406,1458,112015.24,32.88762184380505,15.34,46.24,0,observed,complete_within_observed_route,vehicle-label weighted FCD speed; not detector speed or congestion classification
QM3500S17,A,mainline_merge_internal,283,283,8956.150000000007,31.647173144876348,17.7,43.87,0,observed,complete_within_observed_route,vehicle-label weighted FCD speed; not detector speed or congestion classification
QM3500S17,A,mainline_downstream,39527,1457,1147190.2700000058,29.02295317125018,15.46,42.4,0,observed,complete_within_observed_route,vehicle-label weighted FCD speed; not detector speed or congestion classification
QM3500S17,B,mainline_origin_observation,2752,1169,90582.36,32.915101744186046,15.34,46.24,0,observed,complete_within_observed_route,vehicle-label weighted FCD speed; not detector speed or congestion classification
QM3500S17,B,mainline_merge_internal,220,220,6961.74,31.644272727272725,17.7,43.87,0,observed,complete_within_observed_route,vehicle-label weighted FCD speed; not detector speed or congestion classification
QM3500S17,B,mainline_downstream,32092,1202,931063.9600000042,29.012338277452454,15.46,42.4,0,observed,complete_within_observed_route,vehicle-label weighted FCD speed; not detector speed or congestion classification
QM3500S17,Post,mainline_origin_observation,1,1,37.66,37.66,37.66,37.66,0,observed,complete_within_observed_route,vehicle-label weighted FCD speed; not detector speed or congestion classification
QM3500S17,Post,mainline_merge_internal,1,1,33.81,33.81,33.81,33.81,0,observed,complete_within_observed_route,vehicle-label weighted FCD speed; not detector speed or congestion classification
QM3500S17,Post,mainline_downstream,439,28,12970.46999999999,29.5454897494305,26.48,36.9,0,observed,complete_within_observed_route,vehicle-label weighted FCD speed; not detector speed or congestion classification
QM3500S17,Full,mainline_origin_observation,3407,1458,112052.90000000001,32.88902260052833,15.34,46.24,0,observed,complete_within_observed_route,vehicle-label weighted FCD speed; not detector speed or congestion classification
QM3500S17,Full,mainline_merge_internal,284,284,8989.960000000006,31.65478873239439,17.7,43.87,0,observed,complete_within_observed_route,vehicle-label weighted FCD speed; not detector speed or congestion classification
QM3500S17,Full,mainline_downstream,39966,1458,1160160.7400000058,29.028692888955757,15.46,42.4,0,observed,complete_within_observed_route,vehicle-label weighted FCD speed; not detector speed or congestion classification
QM3500S23,A,mainline_origin_observation,3074,1458,100841.55999999994,32.804671437865956,13.39,45.99,0,observed,complete_within_observed_route,vehicle-label weighted FCD speed; not detector speed or congestion classification
QM3500S23,A,mainline_merge_internal,287,287,9004.039999999997,31.372961672473856,12.63,41.36,0,observed,complete_within_observed_route,vehicle-label weighted FCD speed; not detector speed or congestion classification
QM3500S23,A,mainline_downstream,39316,1458,1149263.4199999997,29.231443178349775,13.46,42.81,0,observed,complete_within_observed_route,vehicle-label weighted FCD speed; not detector speed or congestion classification
QM3500S23,B,mainline_origin_observation,2517,1171,82479.48000000007,32.76896305125152,16.73,45.99,0,observed,complete_within_observed_route,vehicle-label weighted FCD speed; not detector speed or congestion classification
QM3500S23,B,mainline_merge_internal,246,246,7716.890000000001,31.369471544715452,12.63,41.36,0,observed,complete_within_observed_route,vehicle-label weighted FCD speed; not detector speed or congestion classification
QM3500S23,B,mainline_downstream,31796,1193,928834.8500000027,29.21231758711796,13.46,42.81,0,observed,complete_within_observed_route,vehicle-label weighted FCD speed; not detector speed or congestion classification
QM3500S23,Post,mainline_origin_observation,0,0,0.0,,,,0,no_contributors,complete_within_observed_route,vehicle-label weighted FCD speed; not detector speed or congestion classification
QM3500S23,Post,mainline_merge_internal,0,0,0.0,,,,0,no_contributors,complete_within_observed_route,vehicle-label weighted FCD speed; not detector speed or congestion classification
QM3500S23,Post,mainline_downstream,389,26,10771.620000000003,27.690539845758362,22.64,33.54,0,observed,complete_within_observed_route,vehicle-label weighted FCD speed; not detector speed or congestion classification
QM3500S23,Full,mainline_origin_observation,3074,1458,100841.55999999994,32.804671437865956,13.39,45.99,0,observed,complete_within_observed_route,vehicle-label weighted FCD speed; not detector speed or congestion classification
QM3500S23,Full,mainline_merge_internal,287,287,9004.039999999997,31.372961672473856,12.63,41.36,0,observed,complete_within_observed_route,vehicle-label weighted FCD speed; not detector speed or congestion classification
QM3500S23,Full,mainline_downstream,39705,1458,1160035.0399999989,29.21634655584936,13.46,42.81,0,observed,complete_within_observed_route,vehicle-label weighted FCD speed; not detector speed or congestion classification
QM3650S17,A,mainline_origin_observation,2379,1521,81238.16000000012,34.14802858343847,22.04,46.72,0,observed,complete_within_observed_route,vehicle-label weighted FCD speed; not detector speed or congestion classification
QM3650S17,A,mainline_merge_internal,263,263,8681.119999999997,33.00806083650189,25.31,44.47,0,observed,complete_within_observed_route,vehicle-label weighted FCD speed; not detector speed or congestion classification
QM3650S17,A,mainline_downstream,40803,1520,1198757.3400000038,29.379147121535276,18.39,45.52,0,observed,complete_within_observed_route,vehicle-label weighted FCD speed; not detector speed or congestion classification
QM3650S17,B,mainline_origin_observation,1888,1219,64510.27000000007,34.16857521186444,22.9,46.72,0,observed,complete_within_observed_route,vehicle-label weighted FCD speed; not detector speed or congestion classification
QM3650S17,B,mainline_merge_internal,207,207,6844.639999999997,33.065893719806745,27.18,39.19,0,observed,complete_within_observed_route,vehicle-label weighted FCD speed; not detector speed or congestion classification
QM3650S17,B,mainline_downstream,32856,1250,970161.2199999965,29.527672875578173,18.39,42.86,0,observed,complete_within_observed_route,vehicle-label weighted FCD speed; not detector speed or congestion classification
QM3650S17,Post,mainline_origin_observation,1,1,33.83,33.83,33.83,33.83,0,observed,complete_within_observed_route,vehicle-label weighted FCD speed; not detector speed or congestion classification
QM3650S17,Post,mainline_merge_internal,0,0,0.0,,,,0,no_contributors,complete_within_observed_route,vehicle-label weighted FCD speed; not detector speed or congestion classification
QM3650S17,Post,mainline_downstream,381,27,11387.950000000006,29.889632545931775,24.55,39.13,0,observed,complete_within_observed_route,vehicle-label weighted FCD speed; not detector speed or congestion classification
QM3650S17,Full,mainline_origin_observation,2380,1521,81271.99000000012,34.14789495798325,22.04,46.72,0,observed,complete_within_observed_route,vehicle-label weighted FCD speed; not detector speed or congestion classification
QM3650S17,Full,mainline_merge_internal,263,263,8681.119999999997,33.00806083650189,25.31,44.47,0,observed,complete_within_observed_route,vehicle-label weighted FCD speed; not detector speed or congestion classification
QM3650S17,Full,mainline_downstream,41184,1521,1210145.290000005,29.383869706682326,18.39,45.52,0,observed,complete_within_observed_route,vehicle-label weighted FCD speed; not detector speed or congestion classification
QM3650S23,A,mainline_origin_observation,2321,1521,78293.56000000001,33.73268418785007,22.88,45.99,0,observed,complete_within_observed_route,vehicle-label weighted FCD speed; not detector speed or congestion classification
QM3650S23,A,mainline_merge_internal,263,263,8621.699999999997,32.782129277566526,25.98,39.7,0,observed,complete_within_observed_route,vehicle-label weighted FCD speed; not detector speed or congestion classification
QM3650S23,A,mainline_downstream,41048,1519,1197674.869999996,29.177423260572887,18.71,43.95,0,observed,complete_within_observed_route,vehicle-label weighted FCD speed; not detector speed or congestion classification
QM3650S23,B,mainline_origin_observation,1851,1219,62529.14999999993,33.78128038897889,22.88,45.99,0,observed,complete_within_observed_route,vehicle-label weighted FCD speed; not detector speed or congestion classification
QM3650S23,B,mainline_merge_internal,217,217,7121.119999999999,32.816221198156676,25.98,39.7,0,observed,complete_within_observed_route,vehicle-label weighted FCD speed; not detector speed or congestion classification
QM3650S23,B,mainline_downstream,33151,1248,968554.9899999994,29.216463756749402,18.71,41.69,0,observed,complete_within_observed_route,vehicle-label weighted FCD speed; not detector speed or congestion classification
QM3650S23,Post,mainline_origin_observation,1,1,29.9,29.9,29.9,29.9,0,observed,complete_within_observed_route,vehicle-label weighted FCD speed; not detector speed or congestion classification
QM3650S23,Post,mainline_merge_internal,0,0,0.0,,,,0,no_contributors,complete_within_observed_route,vehicle-label weighted FCD speed; not detector speed or congestion classification
QM3650S23,Post,mainline_downstream,448,28,12220.890000000005,27.278772321428583,21.4,32.1,0,observed,complete_within_observed_route,vehicle-label weighted FCD speed; not detector speed or congestion classification
QM3650S23,Full,mainline_origin_observation,2322,1521,78323.46,33.73103359173127,22.88,45.99,0,observed,complete_within_observed_route,vehicle-label weighted FCD speed; not detector speed or congestion classification
QM3650S23,Full,mainline_merge_internal,263,263,8621.699999999997,32.782129277566526,25.98,39.7,0,observed,complete_within_observed_route,vehicle-label weighted FCD speed; not detector speed or congestion classification
QM3650S23,Full,mainline_downstream,41496,1521,1209895.7599999977,29.156925004819687,18.71,43.95,0,observed,complete_within_observed_route,vehicle-label weighted FCD speed; not detector speed or congestion classification
