run_id,region,first_R_stopped_label,R_stopped_labels_full,value_state,coverage_status,phenomenon_status,reason
C17,ramp_accel,46.0,1467,observed,complete,observed,technical <=0.1 m/s; region labels do not prove continuous physical queue
C17,ramp_mid_internal,131.0,1367,observed,complete,observed,technical <=0.1 m/s; region labels do not prove continuous physical queue
C17,ramp_storage,192.0,1358,observed,complete,observed,technical <=0.1 m/s; region labels do not prove continuous physical queue
C17,ramp_diverge_internal,337.0,1211,observed,complete,observed,technical <=0.1 m/s; region labels do not prove continuous physical queue
C17,shared_approach,412.0,1178,observed,complete,observed,technical <=0.1 m/s; region labels do not prove continuous physical queue
C23,ramp_accel,46.0,1462,observed,complete,observed,technical <=0.1 m/s; region labels do not prove continuous physical queue
C23,ramp_mid_internal,131.0,1373,observed,complete,observed,technical <=0.1 m/s; region labels do not prove continuous physical queue
C23,ramp_storage,188.0,1344,observed,complete,observed,technical <=0.1 m/s; region labels do not prove continuous physical queue
C23,ramp_diverge_internal,361.0,1187,observed,complete,observed,technical <=0.1 m/s; region labels do not prove continuous physical queue
C23,shared_approach,402.0,1178,observed,complete,observed,technical <=0.1 m/s; region labels do not prove continuous physical queue
ML17,ramp_accel,46.0,1464,observed,complete,observed,technical <=0.1 m/s; region labels do not prove continuous physical queue
ML17,ramp_mid_internal,139.0,1320,observed,complete,observed,technical <=0.1 m/s; region labels do not prove continuous physical queue
ML17,ramp_storage,198.0,1256,observed,complete,observed,technical <=0.1 m/s; region labels do not prove continuous physical queue
ML17,ramp_diverge_internal,362.0,646,observed,complete,observed,technical <=0.1 m/s; region labels do not prove continuous physical queue
ML17,shared_approach,462.0,775,observed,complete,observed,technical <=0.1 m/s; region labels do not prove continuous physical queue
ML23,ramp_accel,62.0,1446,observed,complete,observed,technical <=0.1 m/s; region labels do not prove continuous physical queue
ML23,ramp_mid_internal,138.0,1356,observed,complete,observed,technical <=0.1 m/s; region labels do not prove continuous physical queue
ML23,ramp_storage,199.0,1237,observed,complete,observed,technical <=0.1 m/s; region labels do not prove continuous physical queue
ML23,ramp_diverge_internal,350.0,515,observed,complete,observed,technical <=0.1 m/s; region labels do not prove continuous physical queue
ML23,shared_approach,444.0,734,observed,complete,observed,technical <=0.1 m/s; region labels do not prove continuous physical queue
MH17,ramp_accel,46.0,1468,observed,complete,observed,technical <=0.1 m/s; region labels do not prove continuous physical queue
MH17,ramp_mid_internal,121.0,1406,observed,complete,observed,technical <=0.1 m/s; region labels do not prove continuous physical queue
MH17,ramp_storage,172.0,1387,observed,complete,observed,technical <=0.1 m/s; region labels do not prove continuous physical queue
MH17,ramp_diverge_internal,295.0,1283,observed,complete,observed,technical <=0.1 m/s; region labels do not prove continuous physical queue
MH17,shared_approach,357.0,1259,observed,complete,observed,technical <=0.1 m/s; region labels do not prove continuous physical queue
MH23,ramp_accel,46.0,1467,observed,complete,observed,technical <=0.1 m/s; region labels do not prove continuous physical queue
MH23,ramp_mid_internal,122.0,1405,observed,complete,observed,technical <=0.1 m/s; region labels do not prove continuous physical queue
MH23,ramp_storage,178.0,1382,observed,complete,observed,technical <=0.1 m/s; region labels do not prove continuous physical queue
MH23,ramp_diverge_internal,298.0,1280,observed,complete,observed,technical <=0.1 m/s; region labels do not prove continuous physical queue
MH23,shared_approach,358.0,1258,observed,complete,observed,technical <=0.1 m/s; region labels do not prove continuous physical queue
RL17,ramp_accel,46.0,1452,observed,complete,observed,technical <=0.1 m/s; region labels do not prove continuous physical queue
RL17,ramp_mid_internal,237.0,1241,observed,complete,observed,technical <=0.1 m/s; region labels do not prove continuous physical queue
RL17,ramp_storage,379.0,1165,observed,complete,observed,technical <=0.1 m/s; region labels do not prove continuous physical queue
RL17,ramp_diverge_internal,721.0,814,observed,complete,observed,technical <=0.1 m/s; region labels do not prove continuous physical queue
RL17,shared_approach,892.0,593,observed,complete,observed,technical <=0.1 m/s; region labels do not prove continuous physical queue
RL23,ramp_accel,46.0,1444,observed,complete,observed,technical <=0.1 m/s; region labels do not prove continuous physical queue
RL23,ramp_mid_internal,239.0,1261,observed,complete,observed,technical <=0.1 m/s; region labels do not prove continuous physical queue
RL23,ramp_storage,366.0,1133,observed,complete,observed,technical <=0.1 m/s; region labels do not prove continuous physical queue
RL23,ramp_diverge_internal,721.0,784,observed,complete,observed,technical <=0.1 m/s; region labels do not prove continuous physical queue
RL23,shared_approach,889.0,590,observed,complete,observed,technical <=0.1 m/s; region labels do not prove continuous physical queue
QM3500S17,ramp_accel,46.0,1469,observed,complete,observed,technical <=0.1 m/s; region labels do not prove continuous physical queue
QM3500S17,ramp_mid_internal,137.0,1388,observed,complete,observed,technical <=0.1 m/s; region labels do not prove continuous physical queue
QM3500S17,ramp_storage,178.0,1381,observed,complete,observed,technical <=0.1 m/s; region labels do not prove continuous physical queue
QM3500S17,ramp_diverge_internal,302.0,1259,observed,complete,observed,technical <=0.1 m/s; region labels do not prove continuous physical queue
QM3500S17,shared_approach,368.0,1226,observed,complete,observed,technical <=0.1 m/s; region labels do not prove continuous physical queue
QM3500S23,ramp_accel,46.0,1467,observed,complete,observed,technical <=0.1 m/s; region labels do not prove continuous physical queue
QM3500S23,ramp_mid_internal,121.0,1402,observed,complete,observed,technical <=0.1 m/s; region labels do not prove continuous physical queue
QM3500S23,ramp_storage,173.0,1380,observed,complete,observed,technical <=0.1 m/s; region labels do not prove continuous physical queue
QM3500S23,ramp_diverge_internal,301.0,1265,observed,complete,observed,technical <=0.1 m/s; region labels do not prove continuous physical queue
QM3500S23,shared_approach,365.0,1232,observed,complete,observed,technical <=0.1 m/s; region labels do not prove continuous physical queue
QM3650S17,ramp_accel,46.0,1468,observed,complete,observed,technical <=0.1 m/s; region labels do not prove continuous physical queue
QM3650S17,ramp_mid_internal,124.0,1403,observed,complete,observed,technical <=0.1 m/s; region labels do not prove continuous physical queue
QM3650S17,ramp_storage,175.0,1386,observed,complete,observed,technical <=0.1 m/s; region labels do not prove continuous physical queue
QM3650S17,ramp_diverge_internal,300.0,1279,observed,complete,observed,technical <=0.1 m/s; region labels do not prove continuous physical queue
QM3650S17,shared_approach,363.0,1252,observed,complete,observed,technical <=0.1 m/s; region labels do not prove continuous physical queue
QM3650S23,ramp_accel,46.0,1469,observed,complete,observed,technical <=0.1 m/s; region labels do not prove continuous physical queue
QM3650S23,ramp_mid_internal,122.0,1406,observed,complete,observed,technical <=0.1 m/s; region labels do not prove continuous physical queue
QM3650S23,ramp_storage,177.0,1384,observed,complete,observed,technical <=0.1 m/s; region labels do not prove continuous physical queue
QM3650S23,ramp_diverge_internal,298.0,1282,observed,complete,observed,technical <=0.1 m/s; region labels do not prove continuous physical queue
QM3650S23,shared_approach,359.0,1258,observed,complete,observed,technical <=0.1 m/s; region labels do not prove continuous physical queue
